title,price,address,latitude,longitude,guests,type,url
"2-к. квартира, 42,6 м², 4 кровати",3000,"Иркутская обл., Слюдянский р-н, Байкальское муниципальное образование, Байкальск, Железнодорожная ул., 20",51.52097321,104.1304855,3,apartment,https://www.avito.ru/baykalsk/kvartiry/2-k._kvartira_426_m_4_krovati_7871440391?context=H4sIAAAAAAAA_wE_AMD_YToyOntzOjEzOiJsb2NhbFByaW9yaXR5IjtiOjA7czoxOiJ4IjtzOjE2OiJxNDdEMWM5N0g5VGJqMFFiIjt9SmTh_j8AAAA
"2-к. квартира, 50,3 м², 2 кровати",3000,"Иркутская обл., Слюдянский р-н, Байкальское муниципальное образование, Байкальск, мкр-н Гагарина, 29",51.520663,104.148186,1,apartment,https://www.avito.ru/baykalsk/kvartiry/2-k._kvartira_503_m_2_krovati_2278305242?context=H4sIAAAAAAAA_wE_AMD_YToyOntzOjEzOiJsb2NhbFByaW9yaXR5IjtiOjA7czoxOiJ4IjtzOjE2OiJxNDdEMWM5N0g5VGJqMFFiIjt9SmTh_j8AAAA
"2-к. квартира, 46 м², 3 кровати",4000,"Иркутская обл., Слюдянский р-н, Байкальское муниципальное образование, Байкальск, мкр-н Гагарина, 159",51.52073669,104.1551666,1,apartment,https://www.avito.ru/baykalsk/kvartiry/2-k._kvartira_46_m_3_krovati_7874089164?context=H4sIAAAAAAAA_wE_AMD_YToyOntzOjEzOiJsb2NhbFByaW9yaXR5IjtiOjA7czoxOiJ4IjtzOjE2OiJxNDdEMWM5N0g5VGJqMFFiIjt9SmTh_j8AAAA
"1-к. квартира, 38 м², 2 кровати",3500,"Иркутская обл., Слюдянский р-н, Байкальское муниципальное образование, Байкальск, мкр-н Гагарина, 175А",51.51954467122809,104.14944410593908,1,apartment,https://www.avito.ru/baykalsk/kvartiry/1-k._kvartira_38_m_2_krovati_3699745131?context=H4sIAAAAAAAA_wE_AMD_YToyOntzOjEzOiJsb2NhbFByaW9yaXR5IjtiOjA7czoxOiJ4IjtzOjE2OiJxNDdEMWM5N0g5VGJqMFFiIjt9SmTh_j8AAAA
"3-к. квартира, 66 м², 5 кроватей",4000,,51.52260208,104.1296539,5,apartment,https://www.avito.ru/baykalsk/kvartiry/3-k._kvartira_66_m_5_krovatey_7881659865?context=H4sIAAAAAAAA_wE_AMD_YToyOntzOjEzOiJsb2NhbFByaW9yaXR5IjtiOjA7czoxOiJ4IjtzOjE2OiJxNDdEMWM5N0g5VGJqMFFiIjt9SmTh_j8AAAA
"2-к. квартира, 54 м², 3 кровати",3000,,51.52255095002772,104.13058406738878,6,apartment,https://www.avito.ru/baykalsk/kvartiry/2-k._kvartira_54_m_3_krovati_7800902814?context=H4sIAAAAAAAA_wE_AMD_YToyOntzOjEzOiJsb2NhbFByaW9yaXR5IjtiOjA7czoxOiJ4IjtzOjE2OiJxNDdEMWM5N0g5VGJqMFFiIjt9SmTh_j8AAAA
"Квартира-студия, 32 м², 2 кровати",4000,"Иркутская обл., Слюдянский р-н, Байкальское муниципальное образование, Байкальск, мкр-н Южный, 2-й квартал, 53",51.50918520781317,104.14067257518613,1,apartment,https://www.avito.ru/baykalsk/kvartiry/kvartira-studiya_32_m_2_krovati_8019709706?context=H4sIAAAAAAAA_wE_AMD_YToyOntzOjEzOiJsb2NhbFByaW9yaXR5IjtiOjA7czoxOiJ4IjtzOjE2OiJxNDdEMWM5N0g5VGJqMFFiIjt9SmTh_j8AAAA
"1-к. квартира, 33 м², 2 кровати",1900,"Иркутская обл., Слюдянский р-н, Байкальское муниципальное образование, Байкальск, мкр-н Гагарина, 182",51.517648,104.149866,2,apartment,https://www.avito.ru/baykalsk/kvartiry/1-k._kvartira_33_m_2_krovati_1671954488?context=H4sIAAAAAAAA_wE_AMD_YToyOntzOjEzOiJsb2NhbFByaW9yaXR5IjtiOjA7czoxOiJ4IjtzOjE2OiJxNDdEMWM5N0g5VGJqMFFiIjt9SmTh_j8AAAA
"1-к. квартира, 32,8 м², 2 кровати",3000,"Иркутская обл., Слюдянский р-н, Байкальское муниципальное образование, Байкальск, мкр-н Гагарина, 167",51.522456,104.145626,4,apartment,https://www.avito.ru/baykalsk/kvartiry/1-k._kvartira_328_m_2_krovati_7887654378?context=H4sIAAAAAAAA_wE_AMD_YToyOntzOjEzOiJsb2NhbFByaW9yaXR5IjtiOjA7czoxOiJ4IjtzOjE2OiJxNDdEMWM5N0g5VGJqMFFiIjt9SmTh_j8AAAA
"Квартира-студия, 29 м², 2 кровати",2500,"Иркутская обл., Слюдянский р-н, Байкальское муниципальное образование, Байкальск, мкр-н Гагарина, 33",51.51726546653137,104.14715322849074,1,apartment,https://www.avito.ru/baykalsk/kvartiry/kvartira-studiya_29_m_2_krovati_8022224056?context=H4sIAAAAAAAA_wE_AMD_YToyOntzOjEzOiJsb2NhbFByaW9yaXR5IjtiOjA7czoxOiJ4IjtzOjE2OiJxNDdEMWM5N0g5VGJqMFFiIjt9SmTh_j8AAAA
"2-к. квартира, 60 м², 3 кровати",4000,"Иркутская обл., Слюдянский р-н, Байкальское муниципальное образование, Байкальск, мкр-н Красный Ключ, 51",51.51770401,104.1206818,2,apartment,https://www.avito.ru/baykalsk/kvartiry/2-k._kvartira_60_m_3_krovati_2296326976?context=H4sIAAAAAAAA_wE_AMD_YToyOntzOjEzOiJsb2NhbFByaW9yaXR5IjtiOjA7czoxOiJ4IjtzOjE2OiJxNDdEMWM5N0g5VGJqMFFiIjt9SmTh_j8AAAA
"2-к. квартира, 40 м², 2 кровати",3500,"Иркутская обл., Слюдянский р-н, Байкальское муниципальное образование, Байкальск, мкр-н Южный, 2-й квартал, 53",51.5090136216899,104.14064594316909,1,apartment,https://www.avito.ru/baykalsk/kvartiry/2-k._kvartira_40_m_2_krovati_3646578375?context=H4sIAAAAAAAA_wE_AMD_YToyOntzOjEzOiJsb2NhbFByaW9yaXR5IjtiOjA7czoxOiJ4IjtzOjE2OiJxNDdEMWM5N0g5VGJqMFFiIjt9SmTh_j8AAAA
"1-к. квартира, 36 м², 1 кровать",3500,"Иркутская обл., Слюдянский р-н, Байкальское муниципальное образование, Байкальск, мкр-н Гагарина, 188",51.5162035331891,104.149126684338,1,apartment,https://www.avito.ru/baykalsk/kvartiry/1-k._kvartira_36_m_1_krovat_2282192483?context=H4sIAAAAAAAA_wE_AMD_YToyOntzOjEzOiJsb2NhbFByaW9yaXR5IjtiOjA7czoxOiJ4IjtzOjE2OiJxNDdEMWM5N0g5VGJqMFFiIjt9SmTh_j8AAAA
"2-к. квартира, 60 м², 4 кровати",4500,"Иркутская обл., Слюдянский р-н, Байкальское муниципальное образование, Байкальск, мкр-н Гагарина, 9",51.52284393684328,104.1554503726035,2,apartment,https://www.avito.ru/baykalsk/kvartiry/2-k._kvartira_60_m_4_krovati_7922231239?context=H4sIAAAAAAAA_wE_AMD_YToyOntzOjEzOiJsb2NhbFByaW9yaXR5IjtiOjA7czoxOiJ4IjtzOjE2OiJxNDdEMWM5N0g5VGJqMFFiIjt9SmTh_j8AAAA
"Квартира-студия, 34 м², 2 кровати",4500,"Иркутская обл., Слюдянский р-н, Байкальское муниципальное образование, Байкальск, мкр-н Гагарина, 203",51.51963806,104.1566925,1,apartment,https://www.avito.ru/baykalsk/kvartiry/kvartira-studiya_34_m_2_krovati_7542083187?context=H4sIAAAAAAAA_wE_AMD_YToyOntzOjEzOiJsb2NhbFByaW9yaXR5IjtiOjA7czoxOiJ4IjtzOjE2OiJxNDdEMWM5N0g5VGJqMFFiIjt9SmTh_j8AAAA
"1-к. квартира, 31 м², 2 кровати",2500,"Иркутская обл., Слюдянский р-н, Байкальское муниципальное образование, Байкальск, мкр-н Южный, 2-й квартал, 46",51.507138,104.141619,1,apartment,https://www.avito.ru/baykalsk/kvartiry/1-k._kvartira_31_m_2_krovati_2073809835?context=H4sIAAAAAAAA_wE_AMD_YToyOntzOjEzOiJsb2NhbFByaW9yaXR5IjtiOjA7czoxOiJ4IjtzOjE2OiJxNDdEMWM5N0g5VGJqMFFiIjt9SmTh_j8AAAA
"2-к. квартира, 50 м², 5 кроватей",2400,"Иркутская обл., Слюдянский р-н, Байкальское муниципальное образование, Байкальск, мкр-н Гагарина, 201",51.519867,104.155651,2,apartment,https://www.avito.ru/baykalsk/kvartiry/2-k._kvartira_50_m_5_krovatey_2752423394?context=H4sIAAAAAAAA_wE_AMD_YToyOntzOjEzOiJsb2NhbFByaW9yaXR5IjtiOjA7czoxOiJ4IjtzOjE2OiJxNDdEMWM5N0g5VGJqMFFiIjt9SmTh_j8AAAA
"1-к. квартира, 36,6 м², 2 кровати",2500,"Иркутская обл., Слюдянский р-н, Байкальское муниципальное образование, Байкальск, мкр-н Гагарина, 189",51.516185,104.149758,1,apartment,https://www.avito.ru/baykalsk/kvartiry/1-k._kvartira_366_m_2_krovati_2693233383?context=H4sIAAAAAAAA_wE_AMD_YToyOntzOjEzOiJsb2NhbFByaW9yaXR5IjtiOjA7czoxOiJ4IjtzOjE2OiJxNDdEMWM5N0g5VGJqMFFiIjt9SmTh_j8AAAA
"1-к. квартира, 33,2 м², 2 кровати",2500,"Иркутская обл., Слюдянский р-н, Байкальское муниципальное образование, Байкальск, мкр-н Гагарина, 188",51.516275,104.149102,1,apartment,https://www.avito.ru/baykalsk/kvartiry/1-k._kvartira_332_m_2_krovati_2825997591?context=H4sIAAAAAAAA_wE_AMD_YToyOntzOjEzOiJsb2NhbFByaW9yaXR5IjtiOjA7czoxOiJ4IjtzOjE2OiJxNDdEMWM5N0g5VGJqMFFiIjt9SmTh_j8AAAA
"2-к. квартира, 58 м², 3/3 эт.",3500,"Иркутская обл., Слюдянский р-н, Байкальское муниципальное образование, Байкальск, мкр-н Гагарина, 191",51.51711380291269,104.15144559790328,6,apartment,https://www.avito.ru/baykalsk/kvartiry/2-k._kvartira_58_m_33_et._7818548605?context=H4sIAAAAAAAA_wE_AMD_YToyOntzOjEzOiJsb2NhbFByaW9yaXR5IjtiOjA7czoxOiJ4IjtzOjE2OiJxNDdEMWM5N0g5VGJqMFFiIjt9SmTh_j8AAAA
"2-к. квартира, 50,2 м², 4 кровати",3000,"Иркутская обл., Слюдянский р-н, Байкальское муниципальное образование, Байкальск, мкр-н Гагарина, 185",51.516914,104.148949,1,apartment,https://www.avito.ru/baykalsk/kvartiry/2-k._kvartira_502_m_4_krovati_1341926200?context=H4sIAAAAAAAA_wE_AMD_YToyOntzOjEzOiJsb2NhbFByaW9yaXR5IjtiOjA7czoxOiJ4IjtzOjE2OiJxNDdEMWM5N0g5VGJqMFFiIjt9SmTh_j8AAAA
"1-к. квартира, 33 м², 2 кровати",3000,"Иркутская обл., Слюдянский р-н, Байкальское муниципальное образование, Байкальск, мкр-н Гагарина, 193",51.517132,104.153647,1,apartment,https://www.avito.ru/baykalsk/kvartiry/1-k._kvartira_33_m_2_krovati_2677562370?context=H4sIAAAAAAAA_wE_AMD_YToyOntzOjEzOiJsb2NhbFByaW9yaXR5IjtiOjA7czoxOiJ4IjtzOjE2OiJxNDdEMWM5N0g5VGJqMFFiIjt9SmTh_j8AAAA
"3-к. квартира, 60 м², 4 кровати",5000,"Иркутская обл., Слюдянский р-н, Байкальское муниципальное образование, Байкальск, мкр-н Гагарина, 148",51.52135849,104.1545486,2,apartment,https://www.avito.ru/baykalsk/kvartiry/3-k._kvartira_60_m_4_krovati_7824477218?context=H4sIAAAAAAAA_wE_AMD_YToyOntzOjEzOiJsb2NhbFByaW9yaXR5IjtiOjA7czoxOiJ4IjtzOjE2OiJxNDdEMWM5N0g5VGJqMFFiIjt9SmTh_j8AAAA
"1-к. квартира, 32 м², 2 кровати",2300,"Иркутская обл., Слюдянский р-н, Байкальское муниципальное образование, Байкальск, мкр-н Гагарина, 159",51.52074321035491,104.15515503512934,1,apartment,https://www.avito.ru/baykalsk/kvartiry/1-k._kvartira_32_m_2_krovati_4655771974?context=H4sIAAAAAAAA_wE_AMD_YToyOntzOjEzOiJsb2NhbFByaW9yaXR5IjtiOjA7czoxOiJ4IjtzOjE2OiJxNDdEMWM5N0g5VGJqMFFiIjt9SmTh_j8AAAA
"1-к. квартира, 31 м², 2 кровати",2500,"Иркутская обл., Слюдянский р-н, Байкальское муниципальное образование, Байкальск, мкр-н Гагарина, 148",51.521358,104.154654,1,apartment,https://www.avito.ru/baykalsk/kvartiry/1-k._kvartira_31_m_2_krovati_1963912271?context=H4sIAAAAAAAA_wE_AMD_YToyOntzOjEzOiJsb2NhbFByaW9yaXR5IjtiOjA7czoxOiJ4IjtzOjE2OiJxNDdEMWM5N0g5VGJqMFFiIjt9SmTh_j8AAAA
"2-к. квартира, 48 м², 3 кровати",3500,"Иркутская обл., Слюдянский р-н, Байкальское муниципальное образование, Байкальск, мкр-н Гагарина, 11",51.52239564262939,104.15254154452957,6,apartment,https://www.avito.ru/baykalsk/kvartiry/2-k._kvartira_48_m_3_krovati_7927299964?context=H4sIAAAAAAAA_wE_AMD_YToyOntzOjEzOiJsb2NhbFByaW9yaXR5IjtiOjA7czoxOiJ4IjtzOjE2OiJxNDdEMWM5N0g5VGJqMFFiIjt9SmTh_j8AAAA
"Квартира-студия, 30 м², 2 кровати",4025,"Иркутская обл., Слюдянский р-н, Байкальское муниципальное образование, Байкальск, мкр-н Гагарина, 33",51.51720428,104.1471634,1,apartment,https://www.avito.ru/baykalsk/kvartiry/kvartira-studiya_30_m_2_krovati_7499496802?context=H4sIAAAAAAAA_wE_AMD_YToyOntzOjEzOiJsb2NhbFByaW9yaXR5IjtiOjA7czoxOiJ4IjtzOjE2OiJxNDdEMWM5N0g5VGJqMFFiIjt9SmTh_j8AAAA
"1-к. квартира, 31 м², 2 кровати",2000,,51.5209845207142,104.15028924581,2,apartment,https://www.avito.ru/baykalsk/kvartiry/1-k._kvartira_31_m_2_krovati_2072984987?context=H4sIAAAAAAAA_wE_AMD_YToyOntzOjEzOiJsb2NhbFByaW9yaXR5IjtiOjA7czoxOiJ4IjtzOjE2OiJxNDdEMWM5N0g5VGJqMFFiIjt9SmTh_j8AAAA
"2-к. квартира, 38 м², 2 кровати",4120,"Иркутская обл., Слюдянский р-н, Байкальское муниципальное образование, Байкальск, мкр-н Гагарина, 192",51.516774,104.152866,2,apartment,https://www.avito.ru/baykalsk/kvartiry/2-k._kvartira_38_m_2_krovati_2315937659?context=H4sIAAAAAAAA_wE_AMD_YToyOntzOjEzOiJsb2NhbFByaW9yaXR5IjtiOjA7czoxOiJ4IjtzOjE2OiJxNDdEMWM5N0g5VGJqMFFiIjt9SmTh_j8AAAA
"1-к. квартира, 32 м², 2 кровати",2500,"Иркутская обл., Слюдянский р-н, Байкальское муниципальное образование, Байкальск, мкр-н Гагарина, 29",51.52054596,104.1482925,4,apartment,https://www.avito.ru/baykalsk/kvartiry/1-k._kvartira_32_m_2_krovati_4504987911?context=H4sIAAAAAAAA_wE_AMD_YToyOntzOjEzOiJsb2NhbFByaW9yaXR5IjtiOjA7czoxOiJ4IjtzOjE2OiJxNDdEMWM5N0g5VGJqMFFiIjt9SmTh_j8AAAA
"2-к. квартира, 50 м², 2 кровати",3000,"Иркутская обл., Слюдянский р-н, Байкальское муниципальное образование, Байкальск, мкр-н Южный, 3-й квартал, 7",51.509868,104.145617,1,apartment,https://www.avito.ru/baykalsk/kvartiry/2-k._kvartira_50_m_2_krovati_483263816?context=H4sIAAAAAAAA_wE_AMD_YToyOntzOjEzOiJsb2NhbFByaW9yaXR5IjtiOjA7czoxOiJ4IjtzOjE2OiJxNDdEMWM5N0g5VGJqMFFiIjt9SmTh_j8AAAA
"1-к. квартира, 34 м², 2 кровати",3500,"Иркутская обл., Слюдянский р-н, Байкальское муниципальное образование, Байкальск, мкр-н Гагарина, 182",51.517654,104.149866,1,apartment,https://www.avito.ru/baykalsk/kvartiry/1-k._kvartira_34_m_2_krovati_7908577300?context=H4sIAAAAAAAA_wE_AMD_YToyOntzOjEzOiJsb2NhbFByaW9yaXR5IjtiOjA7czoxOiJ4IjtzOjE2OiJxNDdEMWM5N0g5VGJqMFFiIjt9SmTh_j8AAAA
"2-к. квартира, 49,8 м², 4 кровати",3500,"Иркутская обл., Слюдянский р-н, Байкальское муниципальное образование, Байкальск, мкр-н Гагарина, 182",51.517654,104.149866,1,apartment,https://www.avito.ru/baykalsk/kvartiry/2-k._kvartira_498_m_4_krovati_2314550841?context=H4sIAAAAAAAA_wE_AMD_YToyOntzOjEzOiJsb2NhbFByaW9yaXR5IjtiOjA7czoxOiJ4IjtzOjE2OiJxNDdEMWM5N0g5VGJqMFFiIjt9SmTh_j8AAAA
"1-к. квартира, 32 м², 2 кровати",2000,"Иркутская обл., Слюдянский р-н, Байкальское муниципальное образование, Байкальск, мкр-н Южный, 4-й квартал, 22",51.512245,104.143083,1,apartment,https://www.avito.ru/baykalsk/kvartiry/1-k._kvartira_32_m_2_krovati_2068537419?context=H4sIAAAAAAAA_wE_AMD_YToyOntzOjEzOiJsb2NhbFByaW9yaXR5IjtiOjA7czoxOiJ4IjtzOjE2OiJxNDdEMWM5N0g5VGJqMFFiIjt9SmTh_j8AAAA
"Квартира-студия, 35 м², 3 кровати",4000,"Иркутская обл., Слюдянский р-н, Байкальское муниципальное образование, Байкальск, мкр-н Гагарина, 33",51.517205,104.147162,1,apartment,https://www.avito.ru/baykalsk/kvartiry/kvartira-studiya_35_m_3_krovati_2685773779?context=H4sIAAAAAAAA_wE_AMD_YToyOntzOjEzOiJsb2NhbFByaW9yaXR5IjtiOjA7czoxOiJ4IjtzOjE2OiJxNDdEMWM5N0g5VGJqMFFiIjt9SmTh_j8AAAA
"1-к. квартира, 24 м², 2 кровати",2300,"Иркутская обл., Слюдянский р-н, Байкальск, мкр-н Гагарина, 35",51.5172431490678,104.146479646148,1,apartment,https://www.avito.ru/baykalsk/kvartiry/1-k._kvartira_24_m_2_krovati_915494935?context=H4sIAAAAAAAA_wE_AMD_YToyOntzOjEzOiJsb2NhbFByaW9yaXR5IjtiOjA7czoxOiJ4IjtzOjE2OiJxNDdEMWM5N0g5VGJqMFFiIjt9SmTh_j8AAAA
"2-к. квартира, 58 м², 2 кровати",2500,"Иркутская обл., Слюдянский р-н, Байкальское муниципальное образование, Байкальск, мкр-н Гагарина, 12",51.52231216,104.1532516,2,apartment,https://www.avito.ru/baykalsk/kvartiry/2-k._kvartira_58_m_2_krovati_4071946140?context=H4sIAAAAAAAA_wE_AMD_YToyOntzOjEzOiJsb2NhbFByaW9yaXR5IjtiOjA7czoxOiJ4IjtzOjE2OiJxNDdEMWM5N0g5VGJqMFFiIjt9SmTh_j8AAAA
"2-к. квартира, 49 м², 2 кровати",3800,"Иркутская обл., Слюдянский р-н, Байкальское муниципальное образование, Байкальск, мкр-н Гагарина, 179",51.5180528809612,104.15049936942188,4,apartment,https://www.avito.ru/baykalsk/kvartiry/2-k._kvartira_49_m_2_krovati_4458697870?context=H4sIAAAAAAAA_wE_AMD_YToyOntzOjEzOiJsb2NhbFByaW9yaXR5IjtiOjA7czoxOiJ4IjtzOjE2OiJxNDdEMWM5N0g5VGJqMFFiIjt9SmTh_j8AAAA
"1-к. квартира, 33 м², 2 кровати",2500,"Иркутская обл., Слюдянский р-н, Байкальское муниципальное образование, Байкальск, мкр-н Гагарина, 159",51.520732225483044,104.1551930766976,4,apartment,https://www.avito.ru/baykalsk/kvartiry/1-k._kvartira_33_m_2_krovati_7504362838?context=H4sIAAAAAAAA_wE_AMD_YToyOntzOjEzOiJsb2NhbFByaW9yaXR5IjtiOjA7czoxOiJ4IjtzOjE2OiJxNDdEMWM5N0g5VGJqMFFiIjt9SmTh_j8AAAA
"1-к. квартира, 34,7 м², 2 кровати",2800,"Иркутская обл., Слюдянский р-н, Байкальское муниципальное образование, Байкальск, Строительная ул., 1",51.5233225838787,104.134049833704,1,apartment,https://www.avito.ru/baykalsk/kvartiry/1-k._kvartira_347_m_2_krovati_2355717252?context=H4sIAAAAAAAA_wE_AMD_YToyOntzOjEzOiJsb2NhbFByaW9yaXR5IjtiOjA7czoxOiJ4IjtzOjE2OiJxNDdEMWM5N0g5VGJqMFFiIjt9SmTh_j8AAAA
"2-к. квартира, 52 м², 4 кровати",3800,"Иркутская обл., Слюдянский р-н, Байкальское муниципальное образование, Байкальск, мкр-н Гагарина, 29",51.520663,104.148186,1,apartment,https://www.avito.ru/baykalsk/kvartiry/2-k._kvartira_52_m_4_krovati_2722768051?context=H4sIAAAAAAAA_wE_AMD_YToyOntzOjEzOiJsb2NhbFByaW9yaXR5IjtiOjA7czoxOiJ4IjtzOjE2OiJxNDdEMWM5N0g5VGJqMFFiIjt9SmTh_j8AAAA
"1-к. квартира, 33,3 м², 2 кровати",2800,"Иркутская обл., Слюдянский р-н, Байкальское муниципальное образование, Байкальск, мкр-н Гагарина, 29",51.520545,104.148294,1,apartment,https://www.avito.ru/baykalsk/kvartiry/1-k._kvartira_333_m_2_krovati_2410833373?context=H4sIAAAAAAAA_wE_AMD_YToyOntzOjEzOiJsb2NhbFByaW9yaXR5IjtiOjA7czoxOiJ4IjtzOjE2OiJxNDdEMWM5N0g5VGJqMFFiIjt9SmTh_j8AAAA
"Квартира-студия, 30 м², 2 кровати",2875,"Иркутская обл., Слюдянский р-н, Байкальское муниципальное образование, Байкальск, мкр-н Гагарина, 39",51.51749039,104.1451569,4,apartment,https://www.avito.ru/baykalsk/kvartiry/kvartira-studiya_30_m_2_krovati_7531969568?context=H4sIAAAAAAAA_wE_AMD_YToyOntzOjEzOiJsb2NhbFByaW9yaXR5IjtiOjA7czoxOiJ4IjtzOjE2OiJxNDdEMWM5N0g5VGJqMFFiIjt9SmTh_j8AAAA
"3-к. квартира, 74 м², 3 кровати",2850,"Иркутская обл., Слюдянский р-н, Байкальское муниципальное образование, Байкальск, мкр-н Гагарина, 204",51.52019119,104.1570511,1,apartment,https://www.avito.ru/baykalsk/kvartiry/3-k._kvartira_74_m_3_krovati_2865755574?context=H4sIAAAAAAAA_wE_AMD_YToyOntzOjEzOiJsb2NhbFByaW9yaXR5IjtiOjA7czoxOiJ4IjtzOjE2OiJxNDdEMWM5N0g5VGJqMFFiIjt9SmTh_j8AAAA
"1-к. квартира, 33 м², 2 кровати",3500,"Иркутская обл., Слюдянский р-н, Байкальское муниципальное образование, Байкальск, мкр-н Гагарина, 187",51.51676178,104.1482544,1,apartment,https://www.avito.ru/baykalsk/kvartiry/1-k._kvartira_33_m_2_krovati_7783661545?context=H4sIAAAAAAAA_wE_AMD_YToyOntzOjEzOiJsb2NhbFByaW9yaXR5IjtiOjA7czoxOiJ4IjtzOjE2OiJxNDdEMWM5N0g5VGJqMFFiIjt9SmTh_j8AAAA
"1-к. квартира, 33 м², 2 кровати",2500,"Иркутская обл., Слюдянский р-н, Байкальское муниципальное образование, Байкальск, мкр-н Гагарина, 32",51.5165329,104.1469193,1,apartment,https://www.avito.ru/baykalsk/kvartiry/1-k._kvartira_33_m_2_krovati_7328317862?context=H4sIAAAAAAAA_wE_AMD_YToyOntzOjEzOiJsb2NhbFByaW9yaXR5IjtiOjA7czoxOiJ4IjtzOjE2OiJxNDdEMWM5N0g5VGJqMFFiIjt9SmTh_j8AAAA
"2-к. квартира, 36 м², 3 кровати",2300,"Иркутская обл., Слюдянский р-н, Байкальское муниципальное образование, Байкальск, Железнодорожная ул., 13",51.51984641500835,104.13524147983824,1,apartment,https://www.avito.ru/baykalsk/kvartiry/2-k._kvartira_36_m_3_krovati_4501702198?context=H4sIAAAAAAAA_wE_AMD_YToyOntzOjEzOiJsb2NhbFByaW9yaXR5IjtiOjA7czoxOiJ4IjtzOjE2OiJxNDdEMWM5N0g5VGJqMFFiIjt9SmTh_j8AAAA
"Квартира-студия, 44 м², 2 кровати",2500,"Иркутская обл., Слюдянский р-н, Байкальское муниципальное образование, Байкальск, мкр-н Гагарина, 158",51.520843505859375,104.15442414851731,4,apartment,https://www.avito.ru/baykalsk/kvartiry/kvartira-studiya_44_m_2_krovati_3527681860?context=H4sIAAAAAAAA_wE_AMD_YToyOntzOjEzOiJsb2NhbFByaW9yaXR5IjtiOjA7czoxOiJ4IjtzOjE2OiJxNDdEMWM5N0g5VGJqMFFiIjt9SmTh_j8AAAA
"3-к. квартира, 62 м², 5 кроватей",3600,"Иркутская обл., Слюдянский р-н, Байкальское муниципальное образование, Байкальск, Байкальская ул., 32",51.524255,104.132914,1,apartment,https://www.avito.ru/baykalsk/kvartiry/3-k._kvartira_62_m_5_krovatey_3270704849?context=H4sIAAAAAAAA_wE_AMD_YToyOntzOjEzOiJsb2NhbFByaW9yaXR5IjtiOjA7czoxOiJ4IjtzOjE2OiJxNDdEMWM5N0g5VGJqMFFiIjt9SmTh_j8AAAA
"1-к. квартира, 33,1 м², 2 кровати",2500,"Иркутская обл., Слюдянский р-н, Байкальское муниципальное образование, Байкальск, мкр-н Гагарина, 190",51.516527,104.151069,1,apartment,https://www.avito.ru/baykalsk/kvartiry/1-k._kvartira_331_m_2_krovati_2496128857?context=H4sIAAAAAAAA_wE_AMD_YToyOntzOjEzOiJsb2NhbFByaW9yaXR5IjtiOjA7czoxOiJ4IjtzOjE2OiJxNDdEMWM5N0g5VGJqMFFiIjt9SmTh_j8AAAA
"1-к. квартира, 33 м², 2 кровати",5000,"Иркутская обл., Слюдянский р-н, Байкальское муниципальное образование, Байкальск, мкр-н Гагарина, 193",51.51720047,104.1535492,1,apartment,https://www.avito.ru/baykalsk/kvartiry/1-k._kvartira_33_m_2_krovati_7764378427?context=H4sIAAAAAAAA_wE_AMD_YToyOntzOjEzOiJsb2NhbFByaW9yaXR5IjtiOjA7czoxOiJ4IjtzOjE2OiJ4VWZoZ2lOUHNySzVxQmlOIjt9Fs2DqT8AAAA
"2-к. квартира, 50 м², 3 кровати",2200,"Иркутская обл., Слюдянский р-н, Байкальское муниципальное образование, Байкальск, мкр-н Гагарина, 173",51.51994980455475,104.15064820197591,2,apartment,https://www.avito.ru/baykalsk/kvartiry/2-k._kvartira_50_m_3_krovati_2705195182?context=H4sIAAAAAAAA_wE_AMD_YToyOntzOjEzOiJsb2NhbFByaW9yaXR5IjtiOjA7czoxOiJ4IjtzOjE2OiJ4VWZoZ2lOUHNySzVxQmlOIjt9Fs2DqT8AAAA
"1-к. квартира, 34 м², 2 кровати",2200,"Иркутская обл., Слюдянский р-н, Байкальское муниципальное образование, Байкальск, мкр-н Гагарина, 203",51.51963806,104.1566925,2,apartment,https://www.avito.ru/baykalsk/kvartiry/1-k._kvartira_34_m_2_krovati_3487639633?context=H4sIAAAAAAAA_wE_AMD_YToyOntzOjEzOiJsb2NhbFByaW9yaXR5IjtiOjA7czoxOiJ4IjtzOjE2OiJ4VWZoZ2lOUHNySzVxQmlOIjt9Fs2DqT8AAAA
"Квартира-студия, 36 м², 2 кровати",2300,"Иркутская обл., Слюдянский р-н, Байкальское муниципальное образование, Байкальск, мкр-н Гагарина, 2",51.52209854,104.1511307,1,apartment,https://www.avito.ru/baykalsk/kvartiry/kvartira-studiya_36_m_2_krovati_7344010874?context=H4sIAAAAAAAA_wE_AMD_YToyOntzOjEzOiJsb2NhbFByaW9yaXR5IjtiOjA7czoxOiJ4IjtzOjE2OiJ4VWZoZ2lOUHNySzVxQmlOIjt9Fs2DqT8AAAA
"1-к. квартира, 33,5 м², 2 кровати",2100,"Иркутская обл., Слюдянский р-н, Байкальское муниципальное образование, Байкальск, мкр-н Гагарина, 173",51.520002,104.150584,1,apartment,https://www.avito.ru/baykalsk/kvartiry/1-k._kvartira_335_m_2_krovati_3487626152?context=H4sIAAAAAAAA_wE_AMD_YToyOntzOjEzOiJsb2NhbFByaW9yaXR5IjtiOjA7czoxOiJ4IjtzOjE2OiJ4VWZoZ2lOUHNySzVxQmlOIjt9Fs2DqT8AAAA
"1-к. квартира, 32 м², 2 кровати",3000,"Иркутская обл., Слюдянский р-н, Байкальское муниципальное образование, Байкальск, мкр-н Гагарина, 9",51.522905,104.155381,1,apartment,https://www.avito.ru/baykalsk/kvartiry/1-k._kvartira_32_m_2_krovati_3626698613?context=H4sIAAAAAAAA_wE_AMD_YToyOntzOjEzOiJsb2NhbFByaW9yaXR5IjtiOjA7czoxOiJ4IjtzOjE2OiJ4VWZoZ2lOUHNySzVxQmlOIjt9Fs2DqT8AAAA
"1-к. квартира, 34 м², 2 кровати",2300,"Иркутская обл., Слюдянский р-н, Байкальское муниципальное образование, Байкальск, мкр-н Гагарина, 152",51.521648159026434,104.14978726720443,1,apartment,https://www.avito.ru/baykalsk/kvartiry/1-k._kvartira_34_m_2_krovati_4624040515?context=H4sIAAAAAAAA_wE_AMD_YToyOntzOjEzOiJsb2NhbFByaW9yaXR5IjtiOjA7czoxOiJ4IjtzOjE2OiJ4VWZoZ2lOUHNySzVxQmlOIjt9Fs2DqT8AAAA
"1-к. квартира, 31 м², 3 кровати",2000,"Иркутская обл., Слюдянский р-н, Байкальское муниципальное образование, Байкальск, мкр-н Гагарина, 150",51.521492,104.1531296,5,apartment,https://www.avito.ru/baykalsk/kvartiry/1-k._kvartira_31_m_3_krovati_7411903037?context=H4sIAAAAAAAA_wE_AMD_YToyOntzOjEzOiJsb2NhbFByaW9yaXR5IjtiOjA7czoxOiJ4IjtzOjE2OiJ4VWZoZ2lOUHNySzVxQmlOIjt9Fs2DqT8AAAA
"2-к. квартира, 59 м², 2 кровати",4000,"Иркутская обл., Слюдянский р-н, Байкальское муниципальное образование, Байкальск, мкр-н Гагарина, 170",51.521868,104.150045,4,apartment,https://www.avito.ru/baykalsk/kvartiry/2-k._kvartira_59_m_2_krovati_2349348725?context=H4sIAAAAAAAA_wE_AMD_YToyOntzOjEzOiJsb2NhbFByaW9yaXR5IjtiOjA7czoxOiJ4IjtzOjE2OiJ4VWZoZ2lOUHNySzVxQmlOIjt9Fs2DqT8AAAA
"2-к. квартира, 57 м², 2 кровати",3000,"Иркутская обл., Слюдянский р-н, Байкальское муниципальное образование, Байкальск, мкр-н Южный, 3-й квартал, 7",51.50992129912249,104.14539676473896,4,apartment,https://www.avito.ru/baykalsk/kvartiry/2-k._kvartira_57_m_2_krovati_7768979077?context=H4sIAAAAAAAA_wE_AMD_YToyOntzOjEzOiJsb2NhbFByaW9yaXR5IjtiOjA7czoxOiJ4IjtzOjE2OiJ4VWZoZ2lOUHNySzVxQmlOIjt9Fs2DqT8AAAA
"2-к. квартира, 44 м², 3 кровати",2000,"Иркутская обл., Слюдянский р-н, Байкальское муниципальное образование, Байкальск, мкр-н Гагарина, 11",51.522319104065524,104.15257358663045,6,apartment,https://www.avito.ru/baykalsk/kvartiry/2-k._kvartira_44_m_3_krovati_4482523438?context=H4sIAAAAAAAA_wE_AMD_YToyOntzOjEzOiJsb2NhbFByaW9yaXR5IjtiOjA7czoxOiJ4IjtzOjE2OiJ4VWZoZ2lOUHNySzVxQmlOIjt9Fs2DqT8AAAA
"1-к. квартира, 32 м², 2 кровати",2000,"Иркутская обл., Слюдянский р-н, Байкальское муниципальное образование, Байкальск, мкр-н Южный, 4-й квартал, 22",51.51222992,104.1433716,1,apartment,https://www.avito.ru/baykalsk/kvartiry/1-k._kvartira_32_m_2_krovati_4404306735?context=H4sIAAAAAAAA_wE_AMD_YToyOntzOjEzOiJsb2NhbFByaW9yaXR5IjtiOjA7czoxOiJ4IjtzOjE2OiJ4VWZoZ2lOUHNySzVxQmlOIjt9Fs2DqT8AAAA
"1-к. квартира, 33 м², 2 кровати",4000,"Иркутская обл., Слюдянский р-н, Байкальское муниципальное образование, Байкальск, мкр-н Гагарина, 176",51.518797,104.150494,4,apartment,https://www.avito.ru/baykalsk/kvartiry/1-k._kvartira_33_m_2_krovati_3895844864?context=H4sIAAAAAAAA_wE_AMD_YToyOntzOjEzOiJsb2NhbFByaW9yaXR5IjtiOjA7czoxOiJ4IjtzOjE2OiJ4VWZoZ2lOUHNySzVxQmlOIjt9Fs2DqT8AAAA
"1-к. квартира, 32 м², 2 кровати",2300,"Иркутская обл., Слюдянский р-н, Байкальское муниципальное образование, Байкальск, мкр-н Гагарина, 152",51.521465,104.149803,1,apartment,https://www.avito.ru/baykalsk/kvartiry/1-k._kvartira_32_m_2_krovati_3568270759?context=H4sIAAAAAAAA_wE_AMD_YToyOntzOjEzOiJsb2NhbFByaW9yaXR5IjtiOjA7czoxOiJ4IjtzOjE2OiJ4VWZoZ2lOUHNySzVxQmlOIjt9Fs2DqT8AAAA
"1-к. квартира, 32 м², 2 кровати",2800,"Иркутская обл., Слюдянский р-н, Байкальское муниципальное образование, Байкальск, мкр-н Гагарина, 181",51.51824655887681,104.14890897908066,1,apartment,https://www.avito.ru/baykalsk/kvartiry/1-k._kvartira_32_m_2_krovati_2776765577?context=H4sIAAAAAAAA_wE_AMD_YToyOntzOjEzOiJsb2NhbFByaW9yaXR5IjtiOjA7czoxOiJ4IjtzOjE2OiJ4VWZoZ2lOUHNySzVxQmlOIjt9Fs2DqT8AAAA
"1-к. квартира, 31 м², 2 кровати",2300,"Иркутская обл., Слюдянский р-н, Байкальское муниципальное образование, Байкальск, мкр-н Гагарина, 9",51.52269144745857,104.15548295491067,1,apartment,https://www.avito.ru/baykalsk/kvartiry/1-k._kvartira_31_m_2_krovati_3184372817?context=H4sIAAAAAAAA_wE_AMD_YToyOntzOjEzOiJsb2NhbFByaW9yaXR5IjtiOjA7czoxOiJ4IjtzOjE2OiJ4VWZoZ2lOUHNySzVxQmlOIjt9Fs2DqT8AAAA
"2-к. квартира, 49 м², 1 кровать",2500,"Иркутская обл., Слюдянский р-н, Байкальское муниципальное образование, Байкальск, мкр-н Гагарина, 147",51.52135086,104.1553116,1,apartment,https://www.avito.ru/baykalsk/kvartiry/2-k._kvartira_49_m_1_krovat_3783855388?context=H4sIAAAAAAAA_wE_AMD_YToyOntzOjEzOiJsb2NhbFByaW9yaXR5IjtiOjA7czoxOiJ4IjtzOjE2OiJ4VWZoZ2lOUHNySzVxQmlOIjt9Fs2DqT8AAAA
"2-к. квартира, 35 м², 3 кровати",2500,"Иркутская обл., Слюдянский р-н, Байкальское муниципальное образование, Байкальск, мкр-н Южный, 2-й квартал, 4",51.50452042,104.1413116,2,apartment,https://www.avito.ru/baykalsk/kvartiry/2-k._kvartira_35_m_3_krovati_3970093730?context=H4sIAAAAAAAA_wE_AMD_YToyOntzOjEzOiJsb2NhbFByaW9yaXR5IjtiOjA7czoxOiJ4IjtzOjE2OiJ4VWZoZ2lOUHNySzVxQmlOIjt9Fs2DqT8AAAA
"1-к. квартира, 33 м², 2 кровати",2300,"Иркутская обл., Слюдянский р-н, Байкальское муниципальное образование, Байкальск, мкр-н Гагарина, 181",51.51891054385958,104.14889793637388,1,apartment,https://www.avito.ru/baykalsk/kvartiry/1-k._kvartira_33_m_2_krovati_3440379121?context=H4sIAAAAAAAA_wE_AMD_YToyOntzOjEzOiJsb2NhbFByaW9yaXR5IjtiOjA7czoxOiJ4IjtzOjE2OiJ4VWZoZ2lOUHNySzVxQmlOIjt9Fs2DqT8AAAA
"2-к. квартира, 45 м², 3 кровати",3000,"Иркутская обл., Слюдянский р-н, Байкальское муниципальное образование, Байкальск, мкр-н Гагарина, 151",51.520969,104.150269,1,apartment,https://www.avito.ru/baykalsk/kvartiry/2-k._kvartira_45_m_3_krovati_2300399276?context=H4sIAAAAAAAA_wE_AMD_YToyOntzOjEzOiJsb2NhbFByaW9yaXR5IjtiOjA7czoxOiJ4IjtzOjE2OiJ4VWZoZ2lOUHNySzVxQmlOIjt9Fs2DqT8AAAA
"1-к. квартира, 31,3 м², 1 кровать",3000,"Иркутская обл., Слюдянский р-н, Байкальское муниципальное образование, Байкальск, мкр-н Гагарина, 147",51.521226211701546,104.155322087456,2,apartment,https://www.avito.ru/baykalsk/kvartiry/1-k._kvartira_313_m_1_krovat_4514845261?context=H4sIAAAAAAAA_wE_AMD_YToyOntzOjEzOiJsb2NhbFByaW9yaXR5IjtiOjA7czoxOiJ4IjtzOjE2OiJ4VWZoZ2lOUHNySzVxQmlOIjt9Fs2DqT8AAAA
"1-к. квартира, 30 м², 2 кровати",3000,"Иркутская обл., Слюдянский р-н, Байкальское муниципальное образование, Байкальск, мкр-н Гагарина, 148",51.52119064,104.1545486,1,apartment,https://www.avito.ru/baykalsk/kvartiry/1-k._kvartira_30_m_2_krovati_7326071149?context=H4sIAAAAAAAA_wE_AMD_YToyOntzOjEzOiJsb2NhbFByaW9yaXR5IjtiOjA7czoxOiJ4IjtzOjE2OiJ4VWZoZ2lOUHNySzVxQmlOIjt9Fs2DqT8AAAA
"1-к. квартира, 36 м², 2 кровати",2800,"Иркутская обл., Слюдянский р-н, Байкальское муниципальное образование, Байкальск, мкр-н Гагарина, 178",51.51829889560042,104.14959321255222,2,apartment,https://www.avito.ru/baykalsk/kvartiry/1-k._kvartira_36_m_2_krovati_252650609?context=H4sIAAAAAAAA_wE_AMD_YToyOntzOjEzOiJsb2NhbFByaW9yaXR5IjtiOjA7czoxOiJ4IjtzOjE2OiJ4VWZoZ2lOUHNySzVxQmlOIjt9Fs2DqT8AAAA
"2-к. квартира, 47 м², 3 кровати",4000,"Иркутская обл., Слюдянский р-н, Байкальск, мкр-н Гагарина, 156",51.520613,104.150794,1,apartment,https://www.avito.ru/baykalsk/kvartiry/2-k._kvartira_47_m_3_krovati_1858224480?context=H4sIAAAAAAAA_wE_AMD_YToyOntzOjEzOiJsb2NhbFByaW9yaXR5IjtiOjA7czoxOiJ4IjtzOjE2OiJ4VWZoZ2lOUHNySzVxQmlOIjt9Fs2DqT8AAAA
"1-к. квартира, 30 м², 2 кровати",3000,"Иркутская обл., Слюдянский р-н, Байкальское муниципальное образование, Байкальск, мкр-н Гагарина, 147",51.52135086,104.1553116,1,apartment,https://www.avito.ru/baykalsk/kvartiry/1-k._kvartira_30_m_2_krovati_7336646558?context=H4sIAAAAAAAA_wE_AMD_YToyOntzOjEzOiJsb2NhbFByaW9yaXR5IjtiOjA7czoxOiJ4IjtzOjE2OiJ4VWZoZ2lOUHNySzVxQmlOIjt9Fs2DqT8AAAA
"1-к. квартира, 33 м², 2 кровати",5555,"Иркутская обл., Слюдянский р-н, Байкальское муниципальное образование, Байкальск, мкр-н Южный, 1-й квартал, 11",51.504935,104.146039,4,apartment,https://www.avito.ru/baykalsk/kvartiry/1-k._kvartira_33_m_2_krovati_7932367743?context=H4sIAAAAAAAA_wE_AMD_YToyOntzOjEzOiJsb2NhbFByaW9yaXR5IjtiOjA7czoxOiJ4IjtzOjE2OiJ4VWZoZ2lOUHNySzVxQmlOIjt9Fs2DqT8AAAA
"3-к. квартира, 55 м², 3 кровати",2300,"Иркутская обл., Слюдянский р-н, Байкальское муниципальное образование, Байкальск, Байкальская ул., 10",51.523835,104.138556,2,apartment,https://www.avito.ru/baykalsk/kvartiry/3-k._kvartira_55_m_3_krovati_2623192785?context=H4sIAAAAAAAA_wE_AMD_YToyOntzOjEzOiJsb2NhbFByaW9yaXR5IjtiOjA7czoxOiJ4IjtzOjE2OiJ4VWZoZ2lOUHNySzVxQmlOIjt9Fs2DqT8AAAA
"3-к. квартира, 68 м², 5 кроватей",5000,"Иркутская обл., Слюдянский р-н, Байкальское муниципальное образование, Байкальск, мкр-н Гагарина, 11",51.522249,104.152543,5,apartment,https://www.avito.ru/baykalsk/kvartiry/3-k._kvartira_68_m_5_krovatey_2299927489?context=H4sIAAAAAAAA_wE_AMD_YToyOntzOjEzOiJsb2NhbFByaW9yaXR5IjtiOjA7czoxOiJ4IjtzOjE2OiJ4VWZoZ2lOUHNySzVxQmlOIjt9Fs2DqT8AAAA
"2-к. квартира, 50 м², 3 кровати",2400,"Иркутская обл., Слюдянский р-н, Байкальское муниципальное образование, Байкальск, мкр-н Гагарина, 172",51.51955032,104.1513138,1,apartment,https://www.avito.ru/baykalsk/kvartiry/2-k._kvartira_50_m_3_krovati_1620458478?context=H4sIAAAAAAAA_wE_AMD_YToyOntzOjEzOiJsb2NhbFByaW9yaXR5IjtiOjA7czoxOiJ4IjtzOjE2OiJ4VWZoZ2lOUHNySzVxQmlOIjt9Fs2DqT8AAAA
"1-к. квартира, 34 м², 4 кровати",2000,"Иркутская обл., Слюдянский р-н, Байкальское муниципальное образование, Байкальск, мкр-н Гагарина, 194",51.51767731,104.1538239,2,apartment,https://www.avito.ru/baykalsk/kvartiry/1-k._kvartira_34_m_4_krovati_7961700434?context=H4sIAAAAAAAA_wE_AMD_YToyOntzOjEzOiJsb2NhbFByaW9yaXR5IjtiOjA7czoxOiJ4IjtzOjE2OiJ4VWZoZ2lOUHNySzVxQmlOIjt9Fs2DqT8AAAA
"3-к. квартира, 58 м², 7 кроватей",2687,"Иркутская обл., Слюдянский р-н, Байкальское муниципальное образование, Байкальск, мкр-н Гагарина, 155",51.52089721219968,104.15132110542004,2,apartment,https://www.avito.ru/baykalsk/kvartiry/3-k._kvartira_58_m_7_krovatey_2046838809?context=H4sIAAAAAAAA_wE_AMD_YToyOntzOjEzOiJsb2NhbFByaW9yaXR5IjtiOjA7czoxOiJ4IjtzOjE2OiJ4VWZoZ2lOUHNySzVxQmlOIjt9Fs2DqT8AAAA
"2-к. квартира, 45 м², 3 кровати",2500,"Иркутская обл., Слюдянский р-н, Байкальское муниципальное образование, Байкальск, мкр-н Гагарина, 153",51.521509,104.150512,1,apartment,https://www.avito.ru/baykalsk/kvartiry/2-k._kvartira_45_m_3_krovati_2082310017?context=H4sIAAAAAAAA_wE_AMD_YToyOntzOjEzOiJsb2NhbFByaW9yaXR5IjtiOjA7czoxOiJ4IjtzOjE2OiJ4VWZoZ2lOUHNySzVxQmlOIjt9Fs2DqT8AAAA
"1-к. квартира, 33 м², 2 кровати",2500,"Иркутская обл., Слюдянский р-н, Байкальское муниципальное образование, Байкальск, мкр-н Гагарина, 11",51.522423,104.152462,3,apartment,https://www.avito.ru/baykalsk/kvartiry/1-k._kvartira_33_m_2_krovati_2204743933?context=H4sIAAAAAAAA_wE_AMD_YToyOntzOjEzOiJsb2NhbFByaW9yaXR5IjtiOjA7czoxOiJ4IjtzOjE2OiJ4VWZoZ2lOUHNySzVxQmlOIjt9Fs2DqT8AAAA
"3-к. квартира, 50 м², 3 кровати",2800,"Иркутская обл., Слюдянский р-н, Байкальское муниципальное образование, Байкальск, мкр-н Южный, 4-й квартал, 11",51.51222720501038,104.14187543348794,1,apartment,https://www.avito.ru/baykalsk/kvartiry/3-k._kvartira_50_m_3_krovati_7933683822?context=H4sIAAAAAAAA_wE_AMD_YToyOntzOjEzOiJsb2NhbFByaW9yaXR5IjtiOjA7czoxOiJ4IjtzOjE2OiJ4VWZoZ2lOUHNySzVxQmlOIjt9Fs2DqT8AAAA
"Квартира-студия, 30 м², 2 кровати",2200,"Иркутская обл., Слюдянский р-н, Байкальское муниципальное образование, Байкальск, мкр-н Гагарина, 39",51.51749039,104.1451569,1,apartment,https://www.avito.ru/baykalsk/kvartiry/kvartira-studiya_30_m_2_krovati_7836005489?context=H4sIAAAAAAAA_wE_AMD_YToyOntzOjEzOiJsb2NhbFByaW9yaXR5IjtiOjA7czoxOiJ4IjtzOjE2OiJ4VWZoZ2lOUHNySzVxQmlOIjt9Fs2DqT8AAAA
"1-к. квартира, 35 м², 2 кровати",2450,"Иркутская обл., Слюдянский р-н, Байкальское муниципальное образование, Байкальск, мкр-н Гагарина, 196",51.518354,104.155741,1,apartment,https://www.avito.ru/baykalsk/kvartiry/1-k._kvartira_35_m_2_krovati_2283643505?context=H4sIAAAAAAAA_wE_AMD_YToyOntzOjEzOiJsb2NhbFByaW9yaXR5IjtiOjA7czoxOiJ4IjtzOjE2OiJ4VWZoZ2lOUHNySzVxQmlOIjt9Fs2DqT8AAAA
"1-к. квартира, 39 м², 2 кровати",2500,"Иркутская обл., Слюдянский р-н, Байкальское муниципальное образование, Байкальск, мкр-н Гагарина, 201",51.52022552,104.1557312,3,apartment,https://www.avito.ru/baykalsk/kvartiry/1-k._kvartira_39_m_2_krovati_4667582872?context=H4sIAAAAAAAA_wE_AMD_YToyOntzOjEzOiJsb2NhbFByaW9yaXR5IjtiOjA7czoxOiJ4IjtzOjE2OiJ4VWZoZ2lOUHNySzVxQmlOIjt9Fs2DqT8AAAA
"1-к. квартира, 50 м², 2 кровати",2800,"Иркутская обл., Слюдянский р-н, Байкальское муниципальное образование, Байкальск, мкр-н Гагарина, 151А",51.52074814,104.1495667,2,apartment,https://www.avito.ru/baykalsk/kvartiry/1-k._kvartira_50_m_2_krovati_7788268186?context=H4sIAAAAAAAA_wE_AMD_YToyOntzOjEzOiJsb2NhbFByaW9yaXR5IjtiOjA7czoxOiJ4IjtzOjE2OiJ4VWZoZ2lOUHNySzVxQmlOIjt9Fs2DqT8AAAA
"1-к. квартира, 29,8 м², 2 кровати",3000,"Иркутская обл., Слюдянский р-н, Байкальское муниципальное образование, Байкальск, мкр-н Гагарина, 4",51.52279663,104.1524811,4,apartment,https://www.avito.ru/baykalsk/kvartiry/1-k._kvartira_298_m_2_krovati_7477681438?context=H4sIAAAAAAAA_wE_AMD_YToyOntzOjEzOiJsb2NhbFByaW9yaXR5IjtiOjA7czoxOiJ4IjtzOjE2OiJ4VWZoZ2lOUHNySzVxQmlOIjt9Fs2DqT8AAAA
"Квартира-студия, 30 м², 2 кровати",3500,"Иркутская обл., Слюдянский р-н, Байкальское муниципальное образование, Байкальск, мкр-н Гагарина, 34",51.516819,104.147108,3,apartment,https://www.avito.ru/baykalsk/kvartiry/kvartira-studiya_30_m_2_krovati_2672901372?context=H4sIAAAAAAAA_wE_AMD_YToyOntzOjEzOiJsb2NhbFByaW9yaXR5IjtiOjA7czoxOiJ4IjtzOjE2OiJ4VWZoZ2lOUHNySzVxQmlOIjt9Fs2DqT8AAAA
"Квартира-студия, 45 м², 2 кровати",7000,"Иркутская обл., Слюдянский р-н, Байкальское муниципальное образование, Байкальск, мкр-н Красный Ключ, 26А",51.51586533,104.1245117,1,apartment,https://www.avito.ru/baykalsk/kvartiry/kvartira-studiya_45_m_2_krovati_7623821575?context=H4sIAAAAAAAA_wE_AMD_YToyOntzOjEzOiJsb2NhbFByaW9yaXR5IjtiOjA7czoxOiJ4IjtzOjE2OiJ4VWZoZ2lOUHNySzVxQmlOIjt9Fs2DqT8AAAA
"1-к. квартира, 30,8 м², 1 кровать",2000,"Иркутская обл., Слюдянский р-н, Байкальское муниципальное образование, Байкальск, мкр-н Гагарина, 8",51.522714,104.155094,2,apartment,https://www.avito.ru/baykalsk/kvartiry/1-k._kvartira_308_m_1_krovat_3158743906?context=H4sIAAAAAAAA_wE_AMD_YToyOntzOjEzOiJsb2NhbFByaW9yaXR5IjtiOjA7czoxOiJ4IjtzOjE2OiJ4VWZoZ2lOUHNySzVxQmlOIjt9Fs2DqT8AAAA
"3-к. квартира, 65 м², 6 кроватей",4400,"Иркутская обл., Слюдянский р-н, Байкальское муниципальное образование, Байкальск, мкр-н Гагарина, 10",51.5222702,104.1519852,1,apartment,https://www.avito.ru/baykalsk/kvartiry/3-k._kvartira_65_m_6_krovatey_7926816278?context=H4sIAAAAAAAA_wE_AMD_YToyOntzOjEzOiJsb2NhbFByaW9yaXR5IjtiOjA7czoxOiJ4IjtzOjE2OiJ4VWZoZ2lOUHNySzVxQmlOIjt9Fs2DqT8AAAA
"Квартира-студия, 31 м², 3 кровати",2300,"Иркутская обл., Слюдянский р-н, Байкальское муниципальное образование, Байкальск, мкр-н Гагарина, 149",51.521366746173896,104.15404736022126,3,apartment,https://www.avito.ru/baykalsk/kvartiry/kvartira-studiya_31_m_3_krovati_4087004924?context=H4sIAAAAAAAA_wE_AMD_YToyOntzOjEzOiJsb2NhbFByaW9yaXR5IjtiOjA7czoxOiJ4IjtzOjE2OiJ4VWZoZ2lOUHNySzVxQmlOIjt9Fs2DqT8AAAA
"1-к. квартира, 33,1 м², 2 кровати",2200,"Иркутская обл., Слюдянский р-н, Байкальское муниципальное образование, Байкальск, мкр-н Гагарина, 201",51.52006276508892,104.1556191228692,1,apartment,https://www.avito.ru/baykalsk/kvartiry/1-k._kvartira_331_m_2_krovati_7881332033?context=H4sIAAAAAAAA_wE_AMD_YToyOntzOjEzOiJsb2NhbFByaW9yaXR5IjtiOjA7czoxOiJ4IjtzOjE2OiJ4VWZoZ2lOUHNySzVxQmlOIjt9Fs2DqT8AAAA
"3-к. квартира, 60,3 м², 4 кровати",3400,"Иркутская обл., Слюдянский р-н, Байкальское муниципальное образование, Байкальск, мкр-н Гагарина, 12",51.522316,104.15336,1,apartment,https://www.avito.ru/baykalsk/kvartiry/3-k._kvartira_603_m_4_krovati_3674704215?context=H4sIAAAAAAAA_wE_AMD_YToyOntzOjEzOiJsb2NhbFByaW9yaXR5IjtiOjA7czoxOiJ4IjtzOjE2OiJ4VWZoZ2lOUHNySzVxQmlOIjt9Fs2DqT8AAAA
"1-к. квартира, 30,6 м², 2 кровати",3000,"Иркутская обл., Слюдянский р-н, Байкальское муниципальное образование, Байкальск, мкр-н Гагарина, 2",51.52209854,104.1511307,2,apartment,https://www.avito.ru/baykalsk/kvartiry/1-k._kvartira_306_m_2_krovati_7875567954?context=H4sIAAAAAAAA_wE_AMD_YToyOntzOjEzOiJsb2NhbFByaW9yaXR5IjtiOjA7czoxOiJ4IjtzOjE2OiJ4VWZoZ2lOUHNySzVxQmlOIjt9Fs2DqT8AAAA
"3-к. квартира, 67 м², 4 кровати",5900,"Иркутская обл., Слюдянский р-н, Байкальское муниципальное образование, Байкальск, мкр-н Гагарина, 192",51.5168457,104.1529541,4,apartment,https://www.avito.ru/baykalsk/kvartiry/3-k._kvartira_67_m_4_krovati_4660423354?context=H4sIAAAAAAAA_wE_AMD_YToyOntzOjEzOiJsb2NhbFByaW9yaXR5IjtiOjA7czoxOiJ4IjtzOjE2OiJ4VWZoZ2lOUHNySzVxQmlOIjt9Fs2DqT8AAAA
"2-к. квартира, 58 м², 2 кровати",3000,"Иркутская обл., Слюдянский р-н, Байкальское муниципальное образование, Байкальск, мкр-н Южный, 3-й квартал, 7",51.50981391219069,104.1454762787422,1,apartment,https://www.avito.ru/baykalsk/kvartiry/2-k._kvartira_58_m_2_krovati_7729728424?context=H4sIAAAAAAAA_wE_AMD_YToyOntzOjEzOiJsb2NhbFByaW9yaXR5IjtiOjA7czoxOiJ4IjtzOjE2OiJ4VWZoZ2lOUHNySzVxQmlOIjt9Fs2DqT8AAAA
"2-к. квартира, 67 м², 4 кровати",2000,"Иркутская обл., Слюдянский р-н, Байкальское муниципальное образование, Байкальск, мкр-н Гагарина, 34",51.516819,104.147108,1,apartment,https://www.avito.ru/baykalsk/kvartiry/2-k._kvartira_67_m_4_krovati_2678929414?context=H4sIAAAAAAAA_wE_AMD_YToyOntzOjEzOiJsb2NhbFByaW9yaXR5IjtiOjA7czoxOiJ4IjtzOjE2OiJ4VWZoZ2lOUHNySzVxQmlOIjt9Fs2DqT8AAAA
"Квартира-студия, 32 м², 2 кровати",3000,"Иркутская обл., Слюдянский р-н, Байкальское муниципальное образование, Байкальск, мкр-н Гагарина, 11",51.522423,104.152462,2,apartment,https://www.avito.ru/baykalsk/kvartiry/kvartira-studiya_32_m_2_krovati_2817805256?context=H4sIAAAAAAAA_wE_AMD_YToyOntzOjEzOiJsb2NhbFByaW9yaXR5IjtiOjA7czoxOiJ4IjtzOjE2OiJQYlFGWHlmdnViWlV4dkJKIjt9eZ4XTT8AAAA
"2-к. квартира, 40 м², 3 кровати",3500,"Иркутская обл., Слюдянский р-н, Байкальское муниципальное образование, Байкальск, мкр-н Южный, 4-й квартал, 21",51.512693,104.142239,2,apartment,https://www.avito.ru/baykalsk/kvartiry/2-k._kvartira_40_m_3_krovati_2967945345?context=H4sIAAAAAAAA_wE_AMD_YToyOntzOjEzOiJsb2NhbFByaW9yaXR5IjtiOjA7czoxOiJ4IjtzOjE2OiJQYlFGWHlmdnViWlV4dkJKIjt9eZ4XTT8AAAA
"3-к. квартира, 58,8 м², 3 кровати",3700,"Иркутская обл., Слюдянский р-н, Байкальское муниципальное образование, Байкальск, мкр-н Гагарина, 1",51.522463826354866,104.15110154340164,2,apartment,https://www.avito.ru/baykalsk/kvartiry/3-k._kvartira_588_m_3_krovati_2967566102?context=H4sIAAAAAAAA_wE_AMD_YToyOntzOjEzOiJsb2NhbFByaW9yaXR5IjtiOjA7czoxOiJ4IjtzOjE2OiJQYlFGWHlmdnViWlV4dkJKIjt9eZ4XTT8AAAA
"1-к. квартира, 34 м², 2 кровати",3500,"Иркутская обл., Слюдянский р-н, Байкальское муниципальное образование, Байкальск, мкр-н Гагарина",51.519075376775206,104.15027279328262,2,apartment,https://www.avito.ru/baykalsk/kvartiry/1-k._kvartira_34_m_2_krovati_4002395970?context=H4sIAAAAAAAA_wE_AMD_YToyOntzOjEzOiJsb2NhbFByaW9yaXR5IjtiOjA7czoxOiJ4IjtzOjE2OiJQYlFGWHlmdnViWlV4dkJKIjt9eZ4XTT8AAAA
"3-к. квартира, 70 м², 6 кроватей",4800,"Иркутская обл., Слюдянский р-н, Байкальское муниципальное образование, Байкальск, мкр-н Гагарина, 193",51.51734543,104.1535492,10,apartment,https://www.avito.ru/baykalsk/kvartiry/3-k._kvartira_70_m_6_krovatey_7835477349?context=H4sIAAAAAAAA_wE_AMD_YToyOntzOjEzOiJsb2NhbFByaW9yaXR5IjtiOjA7czoxOiJ4IjtzOjE2OiJQYlFGWHlmdnViWlV4dkJKIjt9eZ4XTT8AAAA
"2-к. квартира, 41 м², 1/3 эт.",3500,"Иркутская обл., Слюдянский р-н, Байкальское муниципальное образование, Байкальск, мкр-н Гагарина, 10",51.52212524,104.1519852,4,apartment,https://www.avito.ru/baykalsk/kvartiry/2-k._kvartira_41_m_13_et._7637694521?context=H4sIAAAAAAAA_wE_AMD_YToyOntzOjEzOiJsb2NhbFByaW9yaXR5IjtiOjA7czoxOiJ4IjtzOjE2OiJQYlFGWHlmdnViWlV4dkJKIjt9eZ4XTT8AAAA
"3-к. квартира, 70 м², 3 кровати",7600,"Иркутская обл., Слюдянский р-н, Байкальское муниципальное образование, Байкальск, мкр-н Гагарина, 197",51.518915,104.15575,6,apartment,https://www.avito.ru/baykalsk/kvartiry/3-k._kvartira_70_m_3_krovati_2126559127?context=H4sIAAAAAAAA_wE_AMD_YToyOntzOjEzOiJsb2NhbFByaW9yaXR5IjtiOjA7czoxOiJ4IjtzOjE2OiJQYlFGWHlmdnViWlV4dkJKIjt9eZ4XTT8AAAA
"5-к. дом, 150 м²",16000,"Иркутская обл., Слюдянский р-н, Байкальское муниципальное образование, Байкальск, 7-я Байкальская ул., 10",51.52506256,104.1207504,1,house,https://www.avito.ru/baykalsk/doma_dachi_kottedzhi/5-k._dom_150_m_4882251989?context=H4sIAAAAAAAA_wE_AMD_YToyOntzOjEzOiJsb2NhbFByaW9yaXR5IjtiOjA7czoxOiJ4IjtzOjE2OiJxUkRhMURGTlRSMTRhN3l3Ijt9xNPyQD8AAAA
"4-к. коттедж, 170 м²",14280,"Иркутская обл., Слюдянский р-н, Байкальское муниципальное образование, Байкальск, 6-я Байкальская ул., 71",51.52363968,104.1220932,1,house,https://www.avito.ru/baykalsk/doma_dachi_kottedzhi/4-k._kottedzh_170_m_3508906002?context=H4sIAAAAAAAA_wE_AMD_YToyOntzOjEzOiJsb2NhbFByaW9yaXR5IjtiOjA7czoxOiJ4IjtzOjE2OiJxUkRhMURGTlRSMTRhN3l3Ijt9xNPyQD8AAAA
"1-к. дом, 30 м²",4000,"Иркутская обл., Слюдянский р-н, Байкальское муниципальное образование, пос. Солзан, Восточная ул., 38",51.498773,104.213305,1,house,https://www.avito.ru/baykalsk/doma_dachi_kottedzhi/1-k._dom_30_m_7746886307?context=H4sIAAAAAAAA_wE_AMD_YToyOntzOjEzOiJsb2NhbFByaW9yaXR5IjtiOjA7czoxOiJ4IjtzOjE2OiJxUkRhMURGTlRSMTRhN3l3Ijt9xNPyQD8AAAA
"3-к. дом, 90 м²",35000,"Иркутская обл., Слюдянский р-н, Байкальское муниципальное образование, Байкальск, мкр-н Красный Ключ, 6",51.515367,104.121757,1,house,https://www.avito.ru/baykalsk/doma_dachi_kottedzhi/3-k._dom_90_m_7939396031?context=H4sIAAAAAAAA_wE_AMD_YToyOntzOjEzOiJsb2NhbFByaW9yaXR5IjtiOjA7czoxOiJ4IjtzOjE2OiJxUkRhMURGTlRSMTRhN3l3Ijt9xNPyQD8AAAA
"2-к. дом, 70 м²",8000,"Иркутская обл., Слюдянский р-н, Байкальское муниципальное образование, Байкальск, Набережная ул., 32",51.52602018398673,104.13818970072816,6,house,https://www.avito.ru/baykalsk/doma_dachi_kottedzhi/2-k._dom_70_m_3750924805?context=H4sIAAAAAAAA_wE_AMD_YToyOntzOjEzOiJsb2NhbFByaW9yaXR5IjtiOjA7czoxOiJ4IjtzOjE2OiJxUkRhMURGTlRSMTRhN3l3Ijt9xNPyQD8AAAA
"3-к. коттедж, 45 м²",9000,"Иркутская обл., Слюдянский р-н, Байкальское муниципальное образование, Байкальск, 4-я Байкальская ул., 62",51.52249527,104.1215744,2,house,https://www.avito.ru/baykalsk/doma_dachi_kottedzhi/3-k._kottedzh_45_m_2669090191?context=H4sIAAAAAAAA_wE_AMD_YToyOntzOjEzOiJsb2NhbFByaW9yaXR5IjtiOjA7czoxOiJ4IjtzOjE2OiJxUkRhMURGTlRSMTRhN3l3Ijt9xNPyQD8AAAA
"4-к. коттедж, 170 м²",14280,"Иркутская обл., Слюдянский р-н, Байкальское муниципальное образование, Байкальск, 6-я Байкальская ул., 71",51.52363968,104.1220932,1,house,https://www.avito.ru/baykalsk/doma_dachi_kottedzhi/4-k._kottedzh_170_m_4085559970?context=H4sIAAAAAAAA_wE_AMD_YToyOntzOjEzOiJsb2NhbFByaW9yaXR5IjtiOjA7czoxOiJ4IjtzOjE2OiJxUkRhMURGTlRSMTRhN3l3Ijt9xNPyQD8AAAA
"3-к. дом, 70 м²",8000,"Иркутская обл., Слюдянский р-н, Байкальское муниципальное образование, Байкальск, Набережная ул., 29А",51.525865859416044,104.13687497326936,1,house,https://www.avito.ru/baykalsk/doma_dachi_kottedzhi/3-k._dom_70_m_2687103454?context=H4sIAAAAAAAA_wE_AMD_YToyOntzOjEzOiJsb2NhbFByaW9yaXR5IjtiOjA7czoxOiJ4IjtzOjE2OiJxUkRhMURGTlRSMTRhN3l3Ijt9xNPyQD8AAAA
"4-к. дом, 92 м²",12000,"Иркутская обл., Слюдянский р-н, Байкальское муниципальное образование, Байкальск, 6-я Байкальская ул., 72",51.52361696130534,104.12233218229917,2,house,https://www.avito.ru/baykalsk/doma_dachi_kottedzhi/4-k._dom_92_m_3980613624?context=H4sIAAAAAAAA_wE_AMD_YToyOntzOjEzOiJsb2NhbFByaW9yaXR5IjtiOjA7czoxOiJ4IjtzOjE2OiJxUkRhMURGTlRSMTRhN3l3Ijt9xNPyQD8AAAA
"5-к. дом, 117 м²",6000,"Иркутская обл., Слюдянский р-н, Байкальское муниципальное образование, Байкальск, 6-я Байкальская ул., 150",51.52402115,104.1212616,4,house,https://www.avito.ru/baykalsk/doma_dachi_kottedzhi/5-k._dom_117_m_7696464077?context=H4sIAAAAAAAA_wE_AMD_YToyOntzOjEzOiJsb2NhbFByaW9yaXR5IjtiOjA7czoxOiJ4IjtzOjE2OiJxUkRhMURGTlRSMTRhN3l3Ijt9xNPyQD8AAAA
"4-к. коттедж, 300 м²",20000,,51.518657,104.145877,1,house,https://www.avito.ru/baykalsk/doma_dachi_kottedzhi/4-k._kottedzh_300_m_1797204435?context=H4sIAAAAAAAA_wE_AMD_YToyOntzOjEzOiJsb2NhbFByaW9yaXR5IjtiOjA7czoxOiJ4IjtzOjE2OiJxUkRhMURGTlRSMTRhN3l3Ijt9xNPyQD8AAAA
"4-к. дом, 120 м²",19500,"Иркутская обл., Слюдянский р-н, Байкальское муниципальное образование, пос. Солзан, ул. Терешковой, 4Б",51.49970245,104.2183914,1,house,https://www.avito.ru/baykalsk/doma_dachi_kottedzhi/4-k._dom_120_m_7426121741?context=H4sIAAAAAAAA_wE_AMD_YToyOntzOjEzOiJsb2NhbFByaW9yaXR5IjtiOjA7czoxOiJ4IjtzOjE2OiJxUkRhMURGTlRSMTRhN3l3Ijt9xNPyQD8AAAA
"4-к. дом, 200 м²",12000,,51.54768460577114,104.05756125711811,1,house,https://www.avito.ru/baykalsk/doma_dachi_kottedzhi/4-k._dom_200_m_2453644383?context=H4sIAAAAAAAA_wE_AMD_YToyOntzOjEzOiJsb2NhbFByaW9yaXR5IjtiOjA7czoxOiJ4IjtzOjE2OiJxUkRhMURGTlRSMTRhN3l3Ijt9xNPyQD8AAAA
Коттедж 314 м²,25000,,51.51512,104.122099,1,house,https://www.avito.ru/baykalsk/doma_dachi_kottedzhi/kottedzh_314_m_1847649115?context=H4sIAAAAAAAA_wE_AMD_YToyOntzOjEzOiJsb2NhbFByaW9yaXR5IjtiOjA7czoxOiJ4IjtzOjE2OiJxUkRhMURGTlRSMTRhN3l3Ijt9xNPyQD8AAAA
"3-к. дом, 90 м²",13800,"Мecтoполoжeниe: нахoдитcя дом в пocелкe Утулик. Дo горнолыжнoгo куpоpтa гoры Сoболиной 5-8 минут на машинe, до города Байкальска 10-12 минут. до Берега Байкала 400 метров.",51.54756546,104.069046,8,house,https://www.avito.ru/baykalsk/doma_dachi_kottedzhi/3-k._dom_90_m_2304148243?context=H4sIAAAAAAAA_wE_AMD_YToyOntzOjEzOiJsb2NhbFByaW9yaXR5IjtiOjA7czoxOiJ4IjtzOjE2OiJxUkRhMURGTlRSMTRhN3l3Ijt9xNPyQD8AAAA
"2-к. коттедж, 60 м²",8600,"Иркутская обл., Слюдянский р-н, Байкальское муниципальное образование, Байкальск, 1-я Байкальская ул., 26",51.522187,104.124524,1,house,https://www.avito.ru/baykalsk/doma_dachi_kottedzhi/2-k._kottedzh_60_m_3028959307?context=H4sIAAAAAAAA_wE_AMD_YToyOntzOjEzOiJsb2NhbFByaW9yaXR5IjtiOjA7czoxOiJ4IjtzOjE2OiJxUkRhMURGTlRSMTRhN3l3Ijt9xNPyQD8AAAA
"3-к. дом, 40 м²",6000,"Иркутская обл., Слюдянский р-н, Байкальское муниципальное образование, Байкальск, мкр-н Красный Ключ, 41",51.517123660030784,104.12323491415468,1,house,https://www.avito.ru/baykalsk/doma_dachi_kottedzhi/3-k._dom_40_m_4595966174?context=H4sIAAAAAAAA_wE_AMD_YToyOntzOjEzOiJsb2NhbFByaW9yaXR5IjtiOjA7czoxOiJ4IjtzOjE2OiJxUkRhMURGTlRSMTRhN3l3Ijt9xNPyQD8AAAA
"7-к. коттедж, 370 м²",40000,,51.547935898814465,104.07181149829745,1,house,https://www.avito.ru/baykalsk/doma_dachi_kottedzhi/7-k._kottedzh_370_m_7559202833?context=H4sIAAAAAAAA_wE_AMD_YToyOntzOjEzOiJsb2NhbFByaW9yaXR5IjtiOjA7czoxOiJ4IjtzOjE2OiJxUkRhMURGTlRSMTRhN3l3Ijt9xNPyQD8AAAA
"4-к. коттедж, 100 м²",9500,,51.5382339065747,104.056892034393,2,house,https://www.avito.ru/baykalsk/doma_dachi_kottedzhi/4-k._kottedzh_100_m_63329699?context=H4sIAAAAAAAA_wE_AMD_YToyOntzOjEzOiJsb2NhbFByaW9yaXR5IjtiOjA7czoxOiJ4IjtzOjE2OiJxUkRhMURGTlRSMTRhN3l3Ijt9xNPyQD8AAAA
"1-к. дом, 30 м²",4000,"Иркутская обл., Слюдянский р-н, Байкальское муниципальное образование, пос. Солзан, Восточная ул., 38",51.49877167,104.2133026,1,house,https://www.avito.ru/baykalsk/doma_dachi_kottedzhi/1-k._dom_30_m_7746384958?context=H4sIAAAAAAAA_wE_AMD_YToyOntzOjEzOiJsb2NhbFByaW9yaXR5IjtiOjA7czoxOiJ4IjtzOjE2OiJxUkRhMURGTlRSMTRhN3l3Ijt9xNPyQD8AAAA
"6-к. дом, 20 м²",1250,"Иркутская обл., Слюдянский р-н, Байкальское муниципальное образование, Байкальск, 7-я Байкальская ул., 5",51.52488101599325,104.11868078964827,1,house,https://www.avito.ru/baykalsk/doma_dachi_kottedzhi/6-k._dom_20_m_2482410578?context=H4sIAAAAAAAA_wE_AMD_YToyOntzOjEzOiJsb2NhbFByaW9yaXR5IjtiOjA7czoxOiJ4IjtzOjE2OiJxUkRhMURGTlRSMTRhN3l3Ijt9xNPyQD8AAAA
"3-к. дом, 60 м²",9000,"Иркутская обл., Слюдянский р-н, Байкальское муниципальное образование, пос. Солзан, ул. Терешковой, 4Б",51.49968372187732,104.21840245194329,1,house,https://www.avito.ru/baykalsk/doma_dachi_kottedzhi/3-k._dom_60_m_7778735119?context=H4sIAAAAAAAA_wE_AMD_YToyOntzOjEzOiJsb2NhbFByaW9yaXR5IjtiOjA7czoxOiJ4IjtzOjE2OiJxUkRhMURGTlRSMTRhN3l3Ijt9xNPyQD8AAAA
"4-к. дом, 150 м²",14500,"Иркутская обл., Слюдянский р-н, Байкальское муниципальное образование, Байкальск, мкр-н Красный Ключ",51.515126,104.122099,1,house,https://www.avito.ru/baykalsk/doma_dachi_kottedzhi/4-k._dom_150_m_1926007210?context=H4sIAAAAAAAA_wE_AMD_YToyOntzOjEzOiJsb2NhbFByaW9yaXR5IjtiOjA7czoxOiJ4IjtzOjE2OiJxUkRhMURGTlRSMTRhN3l3Ijt9xNPyQD8AAAA
"3-к. дом, 75 м²",9000,"Иркутская обл., Слюдянский р-н, Байкальское муниципальное образование, Байкальск, Набережная ул., 37",51.52532959,104.1403046,1,house,https://www.avito.ru/baykalsk/doma_dachi_kottedzhi/3-k._dom_75_m_4459386335?context=H4sIAAAAAAAA_wE_AMD_YToyOntzOjEzOiJsb2NhbFByaW9yaXR5IjtiOjA7czoxOiJ4IjtzOjE2OiJxUkRhMURGTlRSMTRhN3l3Ijt9xNPyQD8AAAA
"4-к. дом, 85 м²",12000,"Иркутская обл., Слюдянский р-н, Байкальское муниципальное образование, Байкальск, 6-я Байкальская ул., 72",51.52361679,104.1223297,2,house,https://www.avito.ru/baykalsk/doma_dachi_kottedzhi/4-k._dom_85_m_3565358791?context=H4sIAAAAAAAA_wE_AMD_YToyOntzOjEzOiJsb2NhbFByaW9yaXR5IjtiOjA7czoxOiJ4IjtzOjE2OiJxUkRhMURGTlRSMTRhN3l3Ijt9xNPyQD8AAAA
"2-к. дом, 80 м²",5200,"Иркутская обл., Слюдянский р-н, Байкальск, Набережная ул.",51.524614104269,104.140716060864,1,house,https://www.avito.ru/baykalsk/doma_dachi_kottedzhi/2-k._dom_80_m_1071065820?context=H4sIAAAAAAAA_wE_AMD_YToyOntzOjEzOiJsb2NhbFByaW9yaXR5IjtiOjA7czoxOiJ4IjtzOjE2OiJxUkRhMURGTlRSMTRhN3l3Ijt9xNPyQD8AAAA
"3-к. дом, 45 м²",9000,"Иркутская обл., Слюдянский р-н, Байкальское муниципальное образование, Байкальск, 4-я Байкальская ул., 62",51.52249527,104.1215744,2,house,https://www.avito.ru/baykalsk/doma_dachi_kottedzhi/3-k._dom_45_m_4429496695?context=H4sIAAAAAAAA_wE_AMD_YToyOntzOjEzOiJsb2NhbFByaW9yaXR5IjtiOjA7czoxOiJ4IjtzOjE2OiJxUkRhMURGTlRSMTRhN3l3Ijt9xNPyQD8AAAA
"1-к. дом, 35 м²",6000,"Иркутская обл., Слюдянский р-н, Байкальское муниципальное образование, Байкальск, Строительная ул., 17",51.52298355,104.1329651,1,house,https://www.avito.ru/baykalsk/doma_dachi_kottedzhi/1-k._dom_35_m_7659417211?context=H4sIAAAAAAAA_wE_AMD_YToyOntzOjEzOiJsb2NhbFByaW9yaXR5IjtiOjA7czoxOiJ4IjtzOjE2OiJxUkRhMURGTlRSMTRhN3l3Ijt9xNPyQD8AAAA
"2-к. дом, 62 м²",10500,"Иркутская обл., Слюдянский р-н, Байкальское муниципальное образование, Байкальск, 1-я Байкальская ул., 4",51.52228165,104.1247101,1,house,https://www.avito.ru/baykalsk/doma_dachi_kottedzhi/2-k._dom_62_m_7213791505?context=H4sIAAAAAAAA_wE_AMD_YToyOntzOjEzOiJsb2NhbFByaW9yaXR5IjtiOjA7czoxOiJ4IjtzOjE2OiJxUkRhMURGTlRSMTRhN3l3Ijt9xNPyQD8AAAA
"2-к. дом, 35 м²",7000,"Иркутская обл., Слюдянский р-н, Байкальское муниципальное образование, Байкальск, Набережная ул., 22Б",51.52671,104.138062,1,house,https://www.avito.ru/baykalsk/doma_dachi_kottedzhi/2-k._dom_35_m_7832517154?context=H4sIAAAAAAAA_wE_AMD_YToyOntzOjEzOiJsb2NhbFByaW9yaXR5IjtiOjA7czoxOiJ4IjtzOjE2OiJxUkRhMURGTlRSMTRhN3l3Ijt9xNPyQD8AAAA
Дом 36 м²,7000,"Иркутская обл., Слюдянский р-н, Утуликское муниципальное образование, пос. Утулик, 1-я Байкальская ул., 29А",51.54753113,104.061554,1,house,https://www.avito.ru/baykalsk/doma_dachi_kottedzhi/dom_36_m_3777880935?context=H4sIAAAAAAAA_wE_AMD_YToyOntzOjEzOiJsb2NhbFByaW9yaXR5IjtiOjA7czoxOiJ4IjtzOjE2OiJxUkRhMURGTlRSMTRhN3l3Ijt9xNPyQD8AAAA
"3-к. дом, 80 м²",5500,"Иркутская обл., Слюдянский р-н, Байкальское муниципальное образование, Байкальск, Набережная ул., 38",51.52494049,104.1407547,1,house,https://www.avito.ru/baykalsk/doma_dachi_kottedzhi/3-k._dom_80_m_7437308957?context=H4sIAAAAAAAA_wE_AMD_YToyOntzOjEzOiJsb2NhbFByaW9yaXR5IjtiOjA7czoxOiJ4IjtzOjE2OiJxUkRhMURGTlRSMTRhN3l3Ijt9xNPyQD8AAAA
"4-к. дом, 85 м²",8400,,51.524182,104.134873,1,house,https://www.avito.ru/baykalsk/doma_dachi_kottedzhi/4-k._dom_85_m_984372831?context=H4sIAAAAAAAA_wE_AMD_YToyOntzOjEzOiJsb2NhbFByaW9yaXR5IjtiOjA7czoxOiJ4IjtzOjE2OiJxUkRhMURGTlRSMTRhN3l3Ijt9xNPyQD8AAAA
"3-к. дом, 60 м²",9000,"Иркутская обл., Слюдянский р-н, Байкальское муниципальное образование, Байкальск, мкр-н Красный Ключ, 4А",51.51601774680227,104.12074135338389,1,house,https://www.avito.ru/baykalsk/doma_dachi_kottedzhi/3-k._dom_60_m_7859868035?context=H4sIAAAAAAAA_wE_AMD_YToyOntzOjEzOiJsb2NhbFByaW9yaXR5IjtiOjA7czoxOiJ4IjtzOjE2OiJxUkRhMURGTlRSMTRhN3l3Ijt9xNPyQD8AAAA
"3-к. дом, 60 м²",9000,"Иркутская обл., Слюдянский р-н, Байкальское муниципальное образование, пос. Солзан, ул. Терешковой, 4Б",51.49970245,104.2183914,1,house,https://www.avito.ru/baykalsk/doma_dachi_kottedzhi/3-k._dom_60_m_4291497822?context=H4sIAAAAAAAA_wE_AMD_YToyOntzOjEzOiJsb2NhbFByaW9yaXR5IjtiOjA7czoxOiJ4IjtzOjE2OiJxUkRhMURGTlRSMTRhN3l3Ijt9xNPyQD8AAAA
"5-к. дом, 160 м²",18000,"Иркутская обл., Слюдянский р-н, Утуликское муниципальное образование, пос. Утулик, 2-я Байкальская ул., 12",51.548083773222466,104.06429478764352,4,house,https://www.avito.ru/baykalsk/doma_dachi_kottedzhi/5-k._dom_160_m_7974260371?context=H4sIAAAAAAAA_wE_AMD_YToyOntzOjEzOiJsb2NhbFByaW9yaXR5IjtiOjA7czoxOiJ4IjtzOjE2OiJxUkRhMURGTlRSMTRhN3l3Ijt9xNPyQD8AAAA
Дом 30 м²,4500,"Иркутская обл., Слюдянский р-н, Байкальское муниципальное образование, Байкальск, Строительная ул., 17",51.52298355,104.1329651,1,house,https://www.avito.ru/baykalsk/doma_dachi_kottedzhi/dom_30_m_7851639965?context=H4sIAAAAAAAA_wE_AMD_YToyOntzOjEzOiJsb2NhbFByaW9yaXR5IjtiOjA7czoxOiJ4IjtzOjE2OiJxUkRhMURGTlRSMTRhN3l3Ijt9xNPyQD8AAAA
"3-к. дом, 80 м²",8000,"Иркутская обл., Слюдянский р-н, Байкальское муниципальное образование, Байкальск, Набережная ул., 37А",51.52518463,104.1405716,1,house,https://www.avito.ru/baykalsk/doma_dachi_kottedzhi/3-k._dom_80_m_4163833342?context=H4sIAAAAAAAA_wE_AMD_YToyOntzOjEzOiJsb2NhbFByaW9yaXR5IjtiOjA7czoxOiJ4IjtzOjE2OiJxUkRhMURGTlRSMTRhN3l3Ijt9xNPyQD8AAAA
"3-к. дом, 58 м²",7000,"Иркутская обл., Слюдянский р-н, Байкальское муниципальное образование, Байкальск, Набережная ул., 37",51.52532959,104.1403046,1,house,https://www.avito.ru/baykalsk/doma_dachi_kottedzhi/3-k._dom_58_m_4427414851?context=H4sIAAAAAAAA_wE_AMD_YToyOntzOjEzOiJsb2NhbFByaW9yaXR5IjtiOjA7czoxOiJ4IjtzOjE2OiJxUkRhMURGTlRSMTRhN3l3Ijt9xNPyQD8AAAA
"3-к. коттедж, 80 м²",8000,"Иркутская обл., Слюдянский р-н, Байкальское муниципальное образование, Байкальск, Строительная ул., 17",51.52298355,104.1329651,1,house,https://www.avito.ru/baykalsk/doma_dachi_kottedzhi/3-k._kottedzh_80_m_4876100029?context=H4sIAAAAAAAA_wE_AMD_YToyOntzOjEzOiJsb2NhbFByaW9yaXR5IjtiOjA7czoxOiJ4IjtzOjE2OiJxUkRhMURGTlRSMTRhN3l3Ijt9xNPyQD8AAAA
"2-к. дом, 45 м²",6000,"Дом находится в поселке Утулик, 7 км от г.Байкальск и горнолыжного курорта Гора Соболиная. Ландшафт, в который вписан дом сохранил природную естественность, на участке встречается брусника, черника, большой муравейник, величественные сосны и легкомысленные березки.",51.538817,104.05786,2,house,https://www.avito.ru/baykalsk/doma_dachi_kottedzhi/2-k._dom_45_m_2395090277?context=H4sIAAAAAAAA_wE_AMD_YToyOntzOjEzOiJsb2NhbFByaW9yaXR5IjtiOjA7czoxOiJ4IjtzOjE2OiJxUkRhMURGTlRSMTRhN3l3Ijt9xNPyQD8AAAA
"3-к. дом, 63 м²",12000,"Иркутская обл., Слюдянский р-н, Байкальское муниципальное образование, Байкальск, 3-я Байкальская ул., 44",51.52343966698567,104.12382628189647,1,house,https://www.avito.ru/baykalsk/doma_dachi_kottedzhi/3-k._dom_63_m_7981318960?context=H4sIAAAAAAAA_wE_AMD_YToyOntzOjEzOiJsb2NhbFByaW9yaXR5IjtiOjA7czoxOiJ4IjtzOjE2OiJxUkRhMURGTlRSMTRhN3l3Ijt9xNPyQD8AAAA
"3-к. дом, 60 м²",6000,"Иркутская обл., Слюдянский р-н, Байкальское муниципальное образование, Байкальск, Набережная ул., 19",51.52471924,104.1403198,1,house,https://www.avito.ru/baykalsk/doma_dachi_kottedzhi/3-k._dom_60_m_3815089828?context=H4sIAAAAAAAA_wE_AMD_YToyOntzOjEzOiJsb2NhbFByaW9yaXR5IjtiOjA7czoxOiJ4IjtzOjE2OiJxUkRhMURGTlRSMTRhN3l3Ijt9xNPyQD8AAAA
"4-к. дом, 60 м²",4000,"Иркутская обл., Слюдянский р-н, Байкальское муниципальное образование, пос. Солзан, Восточная ул., 27",51.49925995,104.2131577,1,house,https://www.avito.ru/baykalsk/doma_dachi_kottedzhi/4-k._dom_60_m_4722710447?context=H4sIAAAAAAAA_wE_AMD_YToyOntzOjEzOiJsb2NhbFByaW9yaXR5IjtiOjA7czoxOiJ4IjtzOjE2OiJxUkRhMURGTlRSMTRhN3l3Ijt9xNPyQD8AAAA
"5-к. дом, 160 м²",14000,,51.54958109561095,104.06212754718398,4,house,https://www.avito.ru/baykalsk/doma_dachi_kottedzhi/5-k._dom_160_m_7974083152?context=H4sIAAAAAAAA_wE_AMD_YToyOntzOjEzOiJsb2NhbFByaW9yaXR5IjtiOjA7czoxOiJ4IjtzOjE2OiJxUkRhMURGTlRSMTRhN3l3Ijt9xNPyQD8AAAA
"2-к. дом, 72 м²",6500,"Иркутская обл., Слюдянский р-н, Байкальское муниципальное образование, Байкальск, Речная ул., 16",51.52096176,104.1397629,6,house,https://www.avito.ru/baykalsk/doma_dachi_kottedzhi/2-k._dom_72_m_8096224363?context=H4sIAAAAAAAA_wE_AMD_YToyOntzOjEzOiJsb2NhbFByaW9yaXR5IjtiOjA7czoxOiJ4IjtzOjE2OiJxUkRhMURGTlRSMTRhN3l3Ijt9xNPyQD8AAAA
"6-к. коттедж, 312 м²",18000,"Иркутская обл., Слюдянский р-н, Байкальское муниципальное образование, Байкальск, мкр-н Красный Ключ",51.51512527,104.1221008,1,house,https://www.avito.ru/baykalsk/doma_dachi_kottedzhi/6-k._kottedzh_312_m_2296034564?context=H4sIAAAAAAAA_wE_AMD_YToyOntzOjEzOiJsb2NhbFByaW9yaXR5IjtiOjA7czoxOiJ4IjtzOjE2OiJxUkRhMURGTlRSMTRhN3l3Ijt9xNPyQD8AAAA
"2-к. дом, 70 м²",8000,"Иркутская обл., Слюдянский р-н, Байкальское муниципальное образование, Байкальск, Набережная ул., 32",51.526055397014886,104.13816061389505,1,house,https://www.avito.ru/baykalsk/doma_dachi_kottedzhi/2-k._dom_70_m_3719050607?context=H4sIAAAAAAAA_wE_AMD_YToyOntzOjEzOiJsb2NhbFByaW9yaXR5IjtiOjA7czoxOiJ4IjtzOjE2OiJxUkRhMURGTlRSMTRhN3l3Ijt9xNPyQD8AAAA
Дом 45 м²,6700,"Иркутская обл., Слюдянский р-н, Байкальское муниципальное образование, Байкальск, Набережная ул., 27Б",51.526023369943275,104.13605349751322,1,house,https://www.avito.ru/baykalsk/doma_dachi_kottedzhi/dom_45_m_3472803944?context=H4sIAAAAAAAA_wE_AMD_YToyOntzOjEzOiJsb2NhbFByaW9yaXR5IjtiOjA7czoxOiJ4IjtzOjE2OiJxUkRhMURGTlRSMTRhN3l3Ijt9xNPyQD8AAAA
"3-к. дом, 74 м²",11990,"Иркутская обл., Слюдянский р-н, Байкальское муниципальное образование, Байкальск, мкр-н Строитель",51.52288404606556,104.13296426138352,1,house,https://www.avito.ru/baykalsk/doma_dachi_kottedzhi/3-k._dom_74_m_4514892909?context=H4sIAAAAAAAA_wE_AMD_YToyOntzOjEzOiJsb2NhbFByaW9yaXR5IjtiOjA7czoxOiJ4IjtzOjE2OiJxUkRhMURGTlRSMTRhN3l3Ijt9xNPyQD8AAAA
"3-к. дом, 80 м²",8000,,51.52427292,104.1385269,1,house,https://www.avito.ru/baykalsk/doma_dachi_kottedzhi/3-k._dom_80_m_590620007?context=H4sIAAAAAAAA_wE_AMD_YToyOntzOjEzOiJsb2NhbFByaW9yaXR5IjtiOjA7czoxOiJ4IjtzOjE2OiJJdWhKOWxoRk5aV21uZVpIIjt9_Ag76z8AAAA
"3-к. дом, 45 м²",8000,"Иркутская обл., Слюдянский р-н, Байкальское муниципальное образование, Байкальск, Строительная ул., 17",51.52298355,104.1329651,1,house,https://www.avito.ru/baykalsk/doma_dachi_kottedzhi/3-k._dom_45_m_3916090135?context=H4sIAAAAAAAA_wE_AMD_YToyOntzOjEzOiJsb2NhbFByaW9yaXR5IjtiOjA7czoxOiJ4IjtzOjE2OiJJdWhKOWxoRk5aV21uZVpIIjt9_Ag76z8AAAA
"2-к. коттедж, 60 м²",8600,"Иркутская обл., Слюдянский р-н, Байкальское муниципальное образование, Байкальск, 1-я Байкальская ул., 26",51.522187,104.124524,1,house,https://www.avito.ru/baykalsk/doma_dachi_kottedzhi/2-k._kottedzh_60_m_3477334861?context=H4sIAAAAAAAA_wE_AMD_YToyOntzOjEzOiJsb2NhbFByaW9yaXR5IjtiOjA7czoxOiJ4IjtzOjE2OiJJdWhKOWxoRk5aV21uZVpIIjt9_Ag76z8AAAA
"3-к. коттедж, 80 м²",8000,"Иркутская обл., Слюдянский р-н, Байкальское муниципальное образование, Байкальск, Строительная ул., 17",51.52298355,104.1329651,1,house,https://www.avito.ru/baykalsk/doma_dachi_kottedzhi/3-k._kottedzh_80_m_4843550454?context=H4sIAAAAAAAA_wE_AMD_YToyOntzOjEzOiJsb2NhbFByaW9yaXR5IjtiOjA7czoxOiJ4IjtzOjE2OiJJdWhKOWxoRk5aV21uZVpIIjt9_Ag76z8AAAA
"6-к. дом, 140 м²",17000,"Иркутская обл., Слюдянский р-н, Байкальское муниципальное образование, Байкальск, Набережная ул., 29А",51.525858,104.136894,1,house,https://www.avito.ru/baykalsk/doma_dachi_kottedzhi/6-k._dom_140_m_4478817328?context=H4sIAAAAAAAA_wE_AMD_YToyOntzOjEzOiJsb2NhbFByaW9yaXR5IjtiOjA7czoxOiJ4IjtzOjE2OiJJdWhKOWxoRk5aV21uZVpIIjt9_Ag76z8AAAA
"4-к. дом, 95 м²",12000,,51.54747772,104.0720596,1,house,https://www.avito.ru/baykalsk/doma_dachi_kottedzhi/4-k._dom_95_m_2936956177?context=H4sIAAAAAAAA_wE_AMD_YToyOntzOjEzOiJsb2NhbFByaW9yaXR5IjtiOjA7czoxOiJ4IjtzOjE2OiJJdWhKOWxoRk5aV21uZVpIIjt9_Ag76z8AAAA
"1-к. дом, 36 м²",7000,"Иркутская обл., Слюдянский р-н, Утуликское муниципальное образование, пос. Утулик, 1-я Байкальская ул., 29",51.54733384643887,104.06147075578978,1,house,https://www.avito.ru/baykalsk/doma_dachi_kottedzhi/1-k._dom_36_m_4993770288?context=H4sIAAAAAAAA_wE_AMD_YToyOntzOjEzOiJsb2NhbFByaW9yaXR5IjtiOjA7czoxOiJ4IjtzOjE2OiJJdWhKOWxoRk5aV21uZVpIIjt9_Ag76z8AAAA
Дом 66 м²,10000,,51.54296112,104.0558853,2,house,https://www.avito.ru/baykalsk/doma_dachi_kottedzhi/dom_66_m_7894937661?context=H4sIAAAAAAAA_wE_AMD_YToyOntzOjEzOiJsb2NhbFByaW9yaXR5IjtiOjA7czoxOiJ4IjtzOjE2OiJJdWhKOWxoRk5aV21uZVpIIjt9_Ag76z8AAAA
"4-к. дом, 132 м²",7000,"Иркутская обл., Слюдянский р-н, Байкальское муниципальное образование, Байкальск, Береговая ул., 18",51.51793289,104.1442261,1,house,https://www.avito.ru/baykalsk/doma_dachi_kottedzhi/4-k._dom_132_m_4113345818?context=H4sIAAAAAAAA_wE_AMD_YToyOntzOjEzOiJsb2NhbFByaW9yaXR5IjtiOjA7czoxOiJ4IjtzOjE2OiJJdWhKOWxoRk5aV21uZVpIIjt9_Ag76z8AAAA
"3-к. дом, 200 м²",1611,снять жилье#дом Байкальск#жилье посуточно#коттедж Байкальск#коттедж посуточно#дом посуточно#дом на Байкале#отдых дом#отдых коттедж,51.51929092,104.1466522,1,house,https://www.avito.ru/baykalsk/doma_dachi_kottedzhi/3-k._dom_200_m_3815051307?context=H4sIAAAAAAAA_wE_AMD_YToyOntzOjEzOiJsb2NhbFByaW9yaXR5IjtiOjA7czoxOiJ4IjtzOjE2OiJJdWhKOWxoRk5aV21uZVpIIjt9_Ag76z8AAAA
"1-к. дом, 52 м²",9000,"Иркутская обл., Слюдянский р-н, Байкальское муниципальное образование, Байкальск, СНТ Строитель, 1-я ул., 539",51.51095967002944,104.11338057470333,4,house,https://www.avito.ru/baykalsk/doma_dachi_kottedzhi/1-k._dom_52_m_7620829106?context=H4sIAAAAAAAA_wE_AMD_YToyOntzOjEzOiJsb2NhbFByaW9yaXR5IjtiOjA7czoxOiJ4IjtzOjE2OiJJdWhKOWxoRk5aV21uZVpIIjt9_Ag76z8AAAA
"2-к. дом, 40 м²",7000,"Иркутская обл., Слюдянский р-н, Байкальское муниципальное образование, Байкальск, мкр-н Красный Ключ",51.517567387270844,104.12474608843979,1,house,https://www.avito.ru/baykalsk/doma_dachi_kottedzhi/2-k._dom_40_m_4346382588?context=H4sIAAAAAAAA_wE_AMD_YToyOntzOjEzOiJsb2NhbFByaW9yaXR5IjtiOjA7czoxOiJ4IjtzOjE2OiJJdWhKOWxoRk5aV21uZVpIIjt9_Ag76z8AAAA
"3-к. дом, 70 м²",8000,"Иркутская обл., Слюдянский р-н, Байкальское муниципальное образование, Байкальск, Набережная ул., 29А",51.52585983,104.1368942,1,house,https://www.avito.ru/baykalsk/doma_dachi_kottedzhi/3-k._dom_70_m_3423625341?context=H4sIAAAAAAAA_wE_AMD_YToyOntzOjEzOiJsb2NhbFByaW9yaXR5IjtiOjA7czoxOiJ4IjtzOjE2OiJJdWhKOWxoRk5aV21uZVpIIjt9_Ag76z8AAAA
"2-к. дом, 60 м²",9000,"Иркутская обл., Слюдянский р-н, Байкальское муниципальное образование, пос. Солзан, ул. Терешковой, 4Б",51.49970245,104.2183914,1,house,https://www.avito.ru/baykalsk/doma_dachi_kottedzhi/2-k._dom_60_m_7709864352?context=H4sIAAAAAAAA_wE_AMD_YToyOntzOjEzOiJsb2NhbFByaW9yaXR5IjtiOjA7czoxOiJ4IjtzOjE2OiJJdWhKOWxoRk5aV21uZVpIIjt9_Ag76z8AAAA
Дом 62 м²,7500,,51.524266,104.137559,1,house,https://www.avito.ru/baykalsk/doma_dachi_kottedzhi/dom_62_m_3504932914?context=H4sIAAAAAAAA_wE_AMD_YToyOntzOjEzOiJsb2NhbFByaW9yaXR5IjtiOjA7czoxOiJ4IjtzOjE2OiJJdWhKOWxoRk5aV21uZVpIIjt9_Ag76z8AAAA
"3-к. дом, 50 м²",8000,"Иркутская обл., Слюдянский р-н, Байкальское муниципальное образование, Байкальск, Строительная ул., 17",51.52298355,104.1329651,1,house,https://www.avito.ru/baykalsk/doma_dachi_kottedzhi/3-k._dom_50_m_4012129329?context=H4sIAAAAAAAA_wE_AMD_YToyOntzOjEzOiJsb2NhbFByaW9yaXR5IjtiOjA7czoxOiJ4IjtzOjE2OiJJdWhKOWxoRk5aV21uZVpIIjt9_Ag76z8AAAA
"6-к. дом, 128 м²",15500,,51.54688263,104.0568161,2,house,https://www.avito.ru/baykalsk/doma_dachi_kottedzhi/6-k._dom_128_m_4876191635?context=H4sIAAAAAAAA_wE_AMD_YToyOntzOjEzOiJsb2NhbFByaW9yaXR5IjtiOjA7czoxOiJ4IjtzOjE2OiJJdWhKOWxoRk5aV21uZVpIIjt9_Ag76z8AAAA
"3-к. коттедж, 300 м²",20000,,51.51870552302277,104.14592130311817,1,house,https://www.avito.ru/baykalsk/doma_dachi_kottedzhi/3-k._kottedzh_300_m_4459494460?context=H4sIAAAAAAAA_wE_AMD_YToyOntzOjEzOiJsb2NhbFByaW9yaXR5IjtiOjA7czoxOiJ4IjtzOjE2OiJJdWhKOWxoRk5aV21uZVpIIjt9_Ag76z8AAAA
"1-к. дом, 50 м²",1500,"Иркутская обл., Слюдянский р-н, Байкальское муниципальное образование, Байкальск, 5-я Байкальская ул.",51.5239623760538,104.11991073797859,1,house,https://www.avito.ru/baykalsk/doma_dachi_kottedzhi/1-k._dom_50_m_2800400639?context=H4sIAAAAAAAA_wE_AMD_YToyOntzOjEzOiJsb2NhbFByaW9yaXR5IjtiOjA7czoxOiJ4IjtzOjE2OiJJdWhKOWxoRk5aV21uZVpIIjt9_Ag76z8AAAA
"4-к. дом, 115 м²",10000,"Иркутская обл., Слюдянский р-н, Байкальское муниципальное образование, Байкальск, Байкальская ул., 13А",51.52297592,104.1363068,1,house,https://www.avito.ru/baykalsk/doma_dachi_kottedzhi/4-k._dom_115_m_4387302727?context=H4sIAAAAAAAA_wE_AMD_YToyOntzOjEzOiJsb2NhbFByaW9yaXR5IjtiOjA7czoxOiJ4IjtzOjE2OiJJdWhKOWxoRk5aV21uZVpIIjt9_Ag76z8AAAA
"2-к. таунхаус, 52 м²",5000,"Иркутская обл., Слюдянский р-н, Байкальское муниципальное образование, Байкальск, Байкальская ул., 13А",51.52297592,104.1363068,1,house,https://www.avito.ru/baykalsk/doma_dachi_kottedzhi/2-k._taunhaus_52_m_4195414366?context=H4sIAAAAAAAA_wE_AMD_YToyOntzOjEzOiJsb2NhbFByaW9yaXR5IjtiOjA7czoxOiJ4IjtzOjE2OiJJdWhKOWxoRk5aV21uZVpIIjt9_Ag76z8AAAA
"4-к. дом, 110 м²",10000,"Иркутская обл., Слюдянский р-н, Байкальское муниципальное образование, Байкальск, Байкальская ул., 13А",51.52297592,104.1363068,1,house,https://www.avito.ru/baykalsk/doma_dachi_kottedzhi/4-k._dom_110_m_3651294412?context=H4sIAAAAAAAA_wE_AMD_YToyOntzOjEzOiJsb2NhbFByaW9yaXR5IjtiOjA7czoxOiJ4IjtzOjE2OiJJdWhKOWxoRk5aV21uZVpIIjt9_Ag76z8AAAA
"4-к. коттедж, 85 м²",8000,,51.53721668875308,104.05697088813312,2,house,https://www.avito.ru/baykalsk/doma_dachi_kottedzhi/4-k._kottedzh_85_m_277742422?context=H4sIAAAAAAAA_wE_AMD_YToyOntzOjEzOiJsb2NhbFByaW9yaXR5IjtiOjA7czoxOiJ4IjtzOjE2OiJJdWhKOWxoRk5aV21uZVpIIjt9_Ag76z8AAAA
"3-к. дом, 76 м²",2250,"Иркутская обл., Слюдянский р-н, Байкальское муниципальное образование, Байкальск, 5-я ул.",51.523216823630094,104.1182172400936,1,house,https://www.avito.ru/baykalsk/doma_dachi_kottedzhi/3-k._dom_76_m_4400439034?context=H4sIAAAAAAAA_wE_AMD_YToyOntzOjEzOiJsb2NhbFByaW9yaXR5IjtiOjA7czoxOiJ4IjtzOjE2OiJJdWhKOWxoRk5aV21uZVpIIjt9_Ag76z8AAAA
"6-к. дом, 128 м²",15500,,51.546700131278264,104.05696309871978,14,house,https://www.avito.ru/baykalsk/doma_dachi_kottedzhi/6-k._dom_128_m_4811729337?context=H4sIAAAAAAAA_wE_AMD_YToyOntzOjEzOiJsb2NhbFByaW9yaXR5IjtiOjA7czoxOiJ4IjtzOjE2OiJJdWhKOWxoRk5aV21uZVpIIjt9_Ag76z8AAAA
"2-к. коттедж, 40 м²",9000,"Иркутская обл., Слюдянский р-н, Байкальское муниципальное образование, Байкальск, мкр-н Южный, 2-й квартал, 4Б",51.504128,104.140864,1,house,https://www.avito.ru/baykalsk/doma_dachi_kottedzhi/2-k._kottedzh_40_m_4570385761?context=H4sIAAAAAAAA_wE_AMD_YToyOntzOjEzOiJsb2NhbFByaW9yaXR5IjtiOjA7czoxOiJ4IjtzOjE2OiJJdWhKOWxoRk5aV21uZVpIIjt9_Ag76z8AAAA
Дом 63 м²,9000,,51.52151192371824,104.12413564347493,2,house,https://www.avito.ru/baykalsk/doma_dachi_kottedzhi/dom_63_m_4471354405?context=H4sIAAAAAAAA_wE_AMD_YToyOntzOjEzOiJsb2NhbFByaW9yaXR5IjtiOjA7czoxOiJ4IjtzOjE2OiJJdWhKOWxoRk5aV21uZVpIIjt9_Ag76z8AAAA
"6-к. дом, 160 м²",8000,,51.538167,104.056656,6,house,https://www.avito.ru/baykalsk/doma_dachi_kottedzhi/6-k._dom_160_m_742916987?context=H4sIAAAAAAAA_wE_AMD_YToyOntzOjEzOiJsb2NhbFByaW9yaXR5IjtiOjA7czoxOiJ4IjtzOjE2OiJJdWhKOWxoRk5aV21uZVpIIjt9_Ag76z8AAAA
Дом 70 м²,6700,"Иркутская обл., Слюдянский р-н, Байкальское муниципальное образование, Байкальск, Набережная ул., 27Б",51.52604246882325,104.1360515574254,1,house,https://www.avito.ru/baykalsk/doma_dachi_kottedzhi/dom_70_m_3472967151?context=H4sIAAAAAAAA_wE_AMD_YToyOntzOjEzOiJsb2NhbFByaW9yaXR5IjtiOjA7czoxOiJ4IjtzOjE2OiJJdWhKOWxoRk5aV21uZVpIIjt9_Ag76z8AAAA
"1-к. дом, 36 м²",6000,"Иркутская обл., Слюдянский р-н, Утуликское муниципальное образование, пос. Утулик, 1-я Байкальская ул., 29",51.5473938,104.061554,2,house,https://www.avito.ru/baykalsk/doma_dachi_kottedzhi/1-k._dom_36_m_4162514802?context=H4sIAAAAAAAA_wE_AMD_YToyOntzOjEzOiJsb2NhbFByaW9yaXR5IjtiOjA7czoxOiJ4IjtzOjE2OiJJdWhKOWxoRk5aV21uZVpIIjt9_Ag76z8AAAA
Дача 12 м²,6000,"Гостеприимные хозяева. Всё соответствует как на фотографии. Первый раз в этом месте, номера как будто побывали за границей. Настолько чисто, молодцы, что так поддерживают в идеале! Молодцы, что всё имеется от шампуни до зубных щёток. Даже чай, сахар, подсолнечное масло, я была удивлена! А главное тихое место, уединение, своя мангальная зона, как будто ты в лесу. Радует что лес-кедровик, а это чистый воздух. Рекомендую, не пожалеете!!! Рядом можно дойти пешком до Байкала, есть магазины , по тропе к Байкалу есть кафе . Можно доехать до Байкальска подняться на соболиную гору по канатной дороге и там посидеть в кафе погреться и попить глинтвейн. Очень приятно было , что мы поехали в конце ноября и были горящие дни скидок! Рекомендую!!!",51.54501724,104.0718536,1,house,https://www.avito.ru/baykalsk/doma_dachi_kottedzhi/dacha_12_m_7564837360?context=H4sIAAAAAAAA_wE_AMD_YToyOntzOjEzOiJsb2NhbFByaW9yaXR5IjtiOjA7czoxOiJ4IjtzOjE2OiJJdWhKOWxoRk5aV21uZVpIIjt9_Ag76z8AAAA
Дом 50 м²,10000,"Иркутская обл., Слюдянский р-н, Байкальское муниципальное образование, Байкальск, 5-я Байкальская ул.",51.52273284713544,104.11977573811464,1,house,https://www.avito.ru/baykalsk/doma_dachi_kottedzhi/dom_50_m_2838611076?context=H4sIAAAAAAAA_wE_AMD_YToyOntzOjEzOiJsb2NhbFByaW9yaXR5IjtiOjA7czoxOiJ4IjtzOjE2OiJJdWhKOWxoRk5aV21uZVpIIjt9_Ag76z8AAAA
"5-к. таунхаус, 180 м²",29500,"Иркутская обл., Слюдянский р-н, Байкальское муниципальное образование, Байкальск, Набережная ул., 16",51.525278439456756,104.13964659504055,3,house,https://www.avito.ru/baykalsk/doma_dachi_kottedzhi/5-k._taunhaus_180_m_4576226329?context=H4sIAAAAAAAA_wE_AMD_YToyOntzOjEzOiJsb2NhbFByaW9yaXR5IjtiOjA7czoxOiJ4IjtzOjE2OiJJdWhKOWxoRk5aV21uZVpIIjt9_Ag76z8AAAA
"5-к. дом, 160 м²",29000,"Иркутская обл., Слюдянский р-н, Байкальское муниципальное образование, Байкальск, мкр-н Красный Ключ, 4А",51.515999624148584,104.12062571625398,1,house,https://www.avito.ru/baykalsk/doma_dachi_kottedzhi/5-k._dom_160_m_7475946740?context=H4sIAAAAAAAA_wE_AMD_YToyOntzOjEzOiJsb2NhbFByaW9yaXR5IjtiOjA7czoxOiJ4IjtzOjE2OiJJdWhKOWxoRk5aV21uZVpIIjt9_Ag76z8AAAA
Дом 45 м²,8000,"Иркутская обл., Слюдянский р-н, Байкальское муниципальное образование, Байкальск, 1-я Байкальская ул., 5",51.522328,104.125485,1,house,https://www.avito.ru/baykalsk/doma_dachi_kottedzhi/dom_45_m_2645252480?context=H4sIAAAAAAAA_wE_AMD_YToyOntzOjEzOiJsb2NhbFByaW9yaXR5IjtiOjA7czoxOiJ4IjtzOjE2OiJJdWhKOWxoRk5aV21uZVpIIjt9_Ag76z8AAAA
"1-к. дом, 25 м²",8500,"Иркутская обл., Слюдянский р-н, Байкальское муниципальное образование, Байкальск, Привокзальная ул., 4",51.51615143,104.1382294,4,house,https://www.avito.ru/baykalsk/doma_dachi_kottedzhi/1-k._dom_25_m_8004674107?context=H4sIAAAAAAAA_wE_AMD_YToyOntzOjEzOiJsb2NhbFByaW9yaXR5IjtiOjA7czoxOiJ4IjtzOjE2OiJJdWhKOWxoRk5aV21uZVpIIjt9_Ag76z8AAAA
"3-к. дом, 50 м²",10000,"Иркутская обл., Слюдянский р-н, Байкальское муниципальное образование, Байкальск, Привокзальная ул., 1/2",51.51716614,104.1381607,1,house,https://www.avito.ru/baykalsk/doma_dachi_kottedzhi/3-k._dom_50_m_7541840761?context=H4sIAAAAAAAA_wE_AMD_YToyOntzOjEzOiJsb2NhbFByaW9yaXR5IjtiOjA7czoxOiJ4IjtzOjE2OiJJdWhKOWxoRk5aV21uZVpIIjt9_Ag76z8AAAA
"1-к. дом, 25 м²",7000,"Иркутская обл., Слюдянский р-н, Байкальское муниципальное образование, Байкальск, 7-я Байкальская ул., 6",51.52486897395337,104.11799880149687,1,house,https://www.avito.ru/baykalsk/doma_dachi_kottedzhi/1-k._dom_25_m_4527139774?context=H4sIAAAAAAAA_wE_AMD_YToyOntzOjEzOiJsb2NhbFByaW9yaXR5IjtiOjA7czoxOiJ4IjtzOjE2OiJJdWhKOWxoRk5aV21uZVpIIjt9_Ag76z8AAAA
"3-к. дом, 182 м²",6500,"Иркутская обл., Слюдянский р-н, Байкальское муниципальное образование, Байкальск, мкр-н Красный Ключ",51.515126,104.122099,1,house,https://www.avito.ru/baykalsk/doma_dachi_kottedzhi/3-k._dom_182_m_7918494427?context=H4sIAAAAAAAA_wE_AMD_YToyOntzOjEzOiJsb2NhbFByaW9yaXR5IjtiOjA7czoxOiJ4IjtzOjE2OiJJdWhKOWxoRk5aV21uZVpIIjt9_Ag76z8AAAA
"2-к. дом, 70 м²",6000,"Иркутская обл., Слюдянский р-н, Байкальское муниципальное образование, Байкальск, Байкальская ул., 13А",51.522979736328125,104.13631439208984,1,house,https://www.avito.ru/baykalsk/doma_dachi_kottedzhi/2-k._dom_70_m_2819157487?context=H4sIAAAAAAAA_wE_AMD_YToyOntzOjEzOiJsb2NhbFByaW9yaXR5IjtiOjA7czoxOiJ4IjtzOjE2OiJJdWhKOWxoRk5aV21uZVpIIjt9_Ag76z8AAAA
"2-к. дом, 73 м²",6500,"Иркутская обл., Слюдянский р-н, Байкальское муниципальное образование, Байкальск, Речная ул., 16",51.52096,104.13976,3,house,https://www.avito.ru/baykalsk/doma_dachi_kottedzhi/2-k._dom_73_m_8064517902?context=H4sIAAAAAAAA_wE_AMD_YToyOntzOjEzOiJsb2NhbFByaW9yaXR5IjtiOjA7czoxOiJ4IjtzOjE2OiJJdWhKOWxoRk5aV21uZVpIIjt9_Ag76z8AAAA
"2-к. дом, 36 м²",7000,,51.47391094937613,104.62052848755205,5,house,https://www.avito.ru/baykalsk/doma_dachi_kottedzhi/2-k._dom_36_m_4266307092?context=H4sIAAAAAAAA_wE_AMD_YToyOntzOjEzOiJsb2NhbFByaW9yaXR5IjtiOjA7czoxOiJ4IjtzOjE2OiJJdWhKOWxoRk5aV21uZVpIIjt9_Ag76z8AAAA
"4-к. дом, 70 м²",12000,"Иркутская обл., Слюдянский р-н, Байкальское муниципальное образование, Байкальск, мкр-н Красный Ключ, 54",51.51685797995642,104.12034650804704,1,house,https://www.avito.ru/baykalsk/doma_dachi_kottedzhi/4-k._dom_70_m_3998721658?context=H4sIAAAAAAAA_wE_AMD_YToyOntzOjEzOiJsb2NhbFByaW9yaXR5IjtiOjA7czoxOiJ4IjtzOjE2OiJJdWhKOWxoRk5aV21uZVpIIjt9_Ag76z8AAAA
"2-к. дом, 36 м²",6500,"Иркутская обл., Слюдянский р-н, Байкальское муниципальное образование, Байкальск, 6-я Байкальская ул., 125",51.52363024502318,104.11856400379935,1,house,https://www.avito.ru/baykalsk/doma_dachi_kottedzhi/2-k._dom_36_m_7463650059?context=H4sIAAAAAAAA_wE_AMD_YToyOntzOjEzOiJsb2NhbFByaW9yaXR5IjtiOjA7czoxOiJ4IjtzOjE2OiJJdWhKOWxoRk5aV21uZVpIIjt9_Ag76z8AAAA
"6-к. дом, 120 м²",15000,"Иркутская обл., Слюдянский р-н, Байкальское муниципальное образование, Байкальск, мкр-н Гагарина, 27",51.52198987919459,104.14363271375484,4,house,https://www.avito.ru/baykalsk/doma_dachi_kottedzhi/6-k._dom_120_m_7920977072?context=H4sIAAAAAAAA_wE_AMD_YToyOntzOjEzOiJsb2NhbFByaW9yaXR5IjtiOjA7czoxOiJ4IjtzOjE2OiJJdWhKOWxoRk5aV21uZVpIIjt9_Ag76z8AAAA
"2-к. дом, 42 м²",5000,"Иркутская обл., Слюдянский р-н, Байкальское муниципальное образование, пос. Солзан, 2-я Горная ул., 1Б",51.49452408628278,104.22348900837356,3,house,https://www.avito.ru/baykalsk/doma_dachi_kottedzhi/2-k._dom_42_m_4626885676?context=H4sIAAAAAAAA_wE_AMD_YToyOntzOjEzOiJsb2NhbFByaW9yaXR5IjtiOjA7czoxOiJ4IjtzOjE2OiJJdWhKOWxoRk5aV21uZVpIIjt9_Ag76z8AAAA
"1-к. дом, 25 м²",8500,"Иркутская обл., Слюдянский р-н, Байкальское муниципальное образование, Байкальск, Привокзальная ул., 4",51.51615143,104.1382294,2,house,https://www.avito.ru/baykalsk/doma_dachi_kottedzhi/1-k._dom_25_m_7940423572?context=H4sIAAAAAAAA_wE_AMD_YToyOntzOjEzOiJsb2NhbFByaW9yaXR5IjtiOjA7czoxOiJ4IjtzOjE2OiJJdWhKOWxoRk5aV21uZVpIIjt9_Ag76z8AAAA
"2-к. дом, 70 м²",9000,,51.54977798,104.0583344,1,house,https://www.avito.ru/baykalsk/doma_dachi_kottedzhi/2-k._dom_70_m_4540193959?context=H4sIAAAAAAAA_wE_AMD_YToyOntzOjEzOiJsb2NhbFByaW9yaXR5IjtiOjA7czoxOiJ4IjtzOjE2OiJJdWhKOWxoRk5aV21uZVpIIjt9_Ag76z8AAAA
"3-к. коттедж, 74 м²",2250,"Иркутская обл., Слюдянский р-н, Байкальское муниципальное образование, Байкальск, 6-я Байкальская ул., 136",51.52311103180729,104.11820295460618,1,house,https://www.avito.ru/baykalsk/doma_dachi_kottedzhi/3-k._kottedzh_74_m_7823767633?context=H4sIAAAAAAAA_wE_AMD_YToyOntzOjEzOiJsb2NhbFByaW9yaXR5IjtiOjA7czoxOiJ4IjtzOjE2OiJJdWhKOWxoRk5aV21uZVpIIjt9_Ag76z8AAAA
"3-к. дом,",2500,"Иркутская обл., Слюдянский р-н, Байкальское муниципальное образование, Байкальск, Комсомольская ул.",51.52501297,104.1366882,6,house,https://www.avito.ru/baykalsk/doma_dachi_kottedzhi/3-k._dom_7909708249?context=H4sIAAAAAAAA_wE_AMD_YToyOntzOjEzOiJsb2NhbFByaW9yaXR5IjtiOjA7czoxOiJ4IjtzOjE2OiJJdWhKOWxoRk5aV21uZVpIIjt9_Ag76z8AAAA
"2-к. дом, 36 м²",6500,"Иркутская обл., Слюдянский р-н, Байкальское муниципальное образование, Байкальск, 6-я Байкальская ул., 124",51.5235767380242,104.11857789074008,1,house,https://www.avito.ru/baykalsk/doma_dachi_kottedzhi/2-k._dom_36_m_7431220395?context=H4sIAAAAAAAA_wE_AMD_YToyOntzOjEzOiJsb2NhbFByaW9yaXR5IjtiOjA7czoxOiJ4IjtzOjE2OiJWUEJ1SHVYN2VWZkRyVHppIjt9VdEXeD8AAAA
"4-к. дом, 120 м²",18000,"Иркутская обл., Слюдянский р-н, Байкальское муниципальное образование, пос. Солзан, ул. Терешковой, 4Б",51.49970245,104.2183914,1,house,https://www.avito.ru/baykalsk/doma_dachi_kottedzhi/4-k._dom_120_m_7709158280?context=H4sIAAAAAAAA_wE_AMD_YToyOntzOjEzOiJsb2NhbFByaW9yaXR5IjtiOjA7czoxOiJ4IjtzOjE2OiJWUEJ1SHVYN2VWZkRyVHppIjt9VdEXeD8AAAA
"3-к. коттедж, 174 м²",15000,,51.539390542082586,104.05751684271104,1,house,https://www.avito.ru/baykalsk/doma_dachi_kottedzhi/3-k._kottedzh_174_m_7834940373?context=H4sIAAAAAAAA_wE_AMD_YToyOntzOjEzOiJsb2NhbFByaW9yaXR5IjtiOjA7czoxOiJ4IjtzOjE2OiJWUEJ1SHVYN2VWZkRyVHppIjt9VdEXeD8AAAA
"3-к. дом, 55 м²",7500,"Иркутская обл., Слюдянский р-н, Байкальское муниципальное образование, Байкальск, Комсомольская ул., 11А",51.52494431,104.138031,1,house,https://www.avito.ru/baykalsk/doma_dachi_kottedzhi/3-k._dom_55_m_1465024718?context=H4sIAAAAAAAA_wE_AMD_YToyOntzOjEzOiJsb2NhbFByaW9yaXR5IjtiOjA7czoxOiJ4IjtzOjE2OiJWUEJ1SHVYN2VWZkRyVHppIjt9VdEXeD8AAAA
"4-к. коттедж, 140 м²",20000,"Иркутская обл., Слюдянский р-н, Байкальское муниципальное образование, Байкальск, мкр-н Восточный, Кедровая ул., 17",51.5111618,104.151619,1,house,https://www.avito.ru/baykalsk/doma_dachi_kottedzhi/4-k._kottedzh_140_m_3730736113?context=H4sIAAAAAAAA_wE_AMD_YToyOntzOjEzOiJsb2NhbFByaW9yaXR5IjtiOjA7czoxOiJ4IjtzOjE2OiJWUEJ1SHVYN2VWZkRyVHppIjt9VdEXeD8AAAA
"2-к. дом, 40 м²",7000,,51.54932404,104.0546875,1,house,https://www.avito.ru/baykalsk/doma_dachi_kottedzhi/2-k._dom_40_m_2577026292?context=H4sIAAAAAAAA_wE_AMD_YToyOntzOjEzOiJsb2NhbFByaW9yaXR5IjtiOjA7czoxOiJ4IjtzOjE2OiJWUEJ1SHVYN2VWZkRyVHppIjt9VdEXeD8AAAA
"2-к. дом, 36 м²",9000,"Иркутская обл., Слюдянский р-н, Байкальское муниципальное образование, Байкальск, 4-я Байкальская ул., 61",51.52255249,104.1215973,1,house,https://www.avito.ru/baykalsk/doma_dachi_kottedzhi/2-k._dom_36_m_7846784653?context=H4sIAAAAAAAA_wE_AMD_YToyOntzOjEzOiJsb2NhbFByaW9yaXR5IjtiOjA7czoxOiJ4IjtzOjE2OiJWUEJ1SHVYN2VWZkRyVHppIjt9VdEXeD8AAAA
"3-к. дом, 100 м²",10000,"Новые гocтeвые дома в 500 метраx от oзеpа Бaйкaл. В пяти минутax езды oт Гopы Coболиной и центpa горoдa Байкальска. В пешeй доступности pазнoобpазныe пpодуктовыe магaзины, дeтcкие плoщaдки, футбoльно-баcкeтбольный кopт, ледoвый кaток.",51.52190781,104.1327744,1,house,https://www.avito.ru/baykalsk/doma_dachi_kottedzhi/3-k._dom_100_m_4478512336?context=H4sIAAAAAAAA_wE_AMD_YToyOntzOjEzOiJsb2NhbFByaW9yaXR5IjtiOjA7czoxOiJ4IjtzOjE2OiJWUEJ1SHVYN2VWZkRyVHppIjt9VdEXeD8AAAA
"6-к. дом, 120 м²",10000,"Иркутская обл., Слюдянский р-н, Байкальское муниципальное образование, Байкальск, мкр-н Гагарина, 27Б",51.52223969,104.1429291,1,house,https://www.avito.ru/baykalsk/doma_dachi_kottedzhi/6-k._dom_120_m_7467656142?context=H4sIAAAAAAAA_wE_AMD_YToyOntzOjEzOiJsb2NhbFByaW9yaXR5IjtiOjA7czoxOiJ4IjtzOjE2OiJWUEJ1SHVYN2VWZkRyVHppIjt9VdEXeD8AAAA
"4-к. дом, 150 м²",10000,,51.54932022,104.0630264,4,house,https://www.avito.ru/baykalsk/doma_dachi_kottedzhi/4-k._dom_150_m_1209762403?context=H4sIAAAAAAAA_wE_AMD_YToyOntzOjEzOiJsb2NhbFByaW9yaXR5IjtiOjA7czoxOiJ4IjtzOjE2OiJWUEJ1SHVYN2VWZkRyVHppIjt9VdEXeD8AAAA
"4-к. коттедж,",8500,"Иркутская обл., Слюдянский р-н, Байкальское муниципальное образование, Байкальск, Байкальская ул., 14",51.523664671509756,104.13745934501257,1,house,https://www.avito.ru/baykalsk/doma_dachi_kottedzhi/4-k._kottedzh_7784118198?context=H4sIAAAAAAAA_wE_AMD_YToyOntzOjEzOiJsb2NhbFByaW9yaXR5IjtiOjA7czoxOiJ4IjtzOjE2OiJWUEJ1SHVYN2VWZkRyVHppIjt9VdEXeD8AAAA
Дом 45 м²,8000,,51.54472640660432,104.07216227938898,1,house,https://www.avito.ru/baykalsk/doma_dachi_kottedzhi/dom_45_m_7596533768?context=H4sIAAAAAAAA_wE_AMD_YToyOntzOjEzOiJsb2NhbFByaW9yaXR5IjtiOjA7czoxOiJ4IjtzOjE2OiJWUEJ1SHVYN2VWZkRyVHppIjt9VdEXeD8AAAA
"1-к. дом, 40 м²",7000,,51.54932404,104.0546875,1,house,https://www.avito.ru/baykalsk/doma_dachi_kottedzhi/1-k._dom_40_m_4564236897?context=H4sIAAAAAAAA_wE_AMD_YToyOntzOjEzOiJsb2NhbFByaW9yaXR5IjtiOjA7czoxOiJ4IjtzOjE2OiJWUEJ1SHVYN2VWZkRyVHppIjt9VdEXeD8AAAA
"3-к. дом, 100 м²",23000,"Иркутская обл., Слюдянский р-н, Байкальское муниципальное образование, Байкальск, мкр-н Красный Ключ, 10",51.514896,104.12315,1,house,https://www.avito.ru/baykalsk/doma_dachi_kottedzhi/3-k._dom_100_m_2634832009?context=H4sIAAAAAAAA_wE_AMD_YToyOntzOjEzOiJsb2NhbFByaW9yaXR5IjtiOjA7czoxOiJ4IjtzOjE2OiJWUEJ1SHVYN2VWZkRyVHppIjt9VdEXeD8AAAA
"3-к. дом, 70 м²",6000,"Иркутская обл., Слюдянский р-н, Байкальское муниципальное образование, пос. Солзан, ул. Пушкина, 13-2",51.49796677,104.2296295,1,house,https://www.avito.ru/baykalsk/doma_dachi_kottedzhi/3-k._dom_70_m_2837153324?context=H4sIAAAAAAAA_wE_AMD_YToyOntzOjEzOiJsb2NhbFByaW9yaXR5IjtiOjA7czoxOiJ4IjtzOjE2OiJWUEJ1SHVYN2VWZkRyVHppIjt9VdEXeD8AAAA
"3-к. дом, 90 м²",25000,"Иркутская обл., Слюдянский р-н, Байкальское муниципальное образование, Байкальск, 3-я ул.",51.51540356138124,104.12239692838887,4,house,https://www.avito.ru/baykalsk/doma_dachi_kottedzhi/3-k._dom_90_m_7875740021?context=H4sIAAAAAAAA_wE_AMD_YToyOntzOjEzOiJsb2NhbFByaW9yaXR5IjtiOjA7czoxOiJ4IjtzOjE2OiJWUEJ1SHVYN2VWZkRyVHppIjt9VdEXeD8AAAA
"3-к. дом, 70 м²",10000,,51.52190781,104.1327744,1,house,https://www.avito.ru/baykalsk/doma_dachi_kottedzhi/3-k._dom_70_m_4543465321?context=H4sIAAAAAAAA_wE_AMD_YToyOntzOjEzOiJsb2NhbFByaW9yaXR5IjtiOjA7czoxOiJ4IjtzOjE2OiJWUEJ1SHVYN2VWZkRyVHppIjt9VdEXeD8AAAA
"2-к. дом, 55 м²",1200,"Иркутская обл., Слюдянский р-н, Байкальск, Набережная ул., 6",51.525449,104.135958,1,house,https://www.avito.ru/baykalsk/doma_dachi_kottedzhi/2-k._dom_55_m_1321115835?context=H4sIAAAAAAAA_wE_AMD_YToyOntzOjEzOiJsb2NhbFByaW9yaXR5IjtiOjA7czoxOiJ4IjtzOjE2OiJWUEJ1SHVYN2VWZkRyVHppIjt9VdEXeD8AAAA
"3-к. дом, 60 м²",5000,"Иркутская обл., Слюдянский р-н, Байкальское муниципальное образование, Байкальск, мкр-н Гагарина, 27Б",51.52223969,104.1429291,1,house,https://www.avito.ru/baykalsk/doma_dachi_kottedzhi/3-k._dom_60_m_7467157649?context=H4sIAAAAAAAA_wE_AMD_YToyOntzOjEzOiJsb2NhbFByaW9yaXR5IjtiOjA7czoxOiJ4IjtzOjE2OiJWUEJ1SHVYN2VWZkRyVHppIjt9VdEXeD8AAAA
"3-к. дом, 35 м²",6000,,51.468796309953845,104.62727614290083,1,house,https://www.avito.ru/baykalsk/doma_dachi_kottedzhi/3-k._dom_35_m_7949532749?context=H4sIAAAAAAAA_wE_AMD_YToyOntzOjEzOiJsb2NhbFByaW9yaXR5IjtiOjA7czoxOiJ4IjtzOjE2OiJWUEJ1SHVYN2VWZkRyVHppIjt9VdEXeD8AAAA
"1-к. дача, 12 м²",6000,,51.54501724,104.0718536,1,house,https://www.avito.ru/baykalsk/doma_dachi_kottedzhi/1-k._dacha_12_m_4012628119?context=H4sIAAAAAAAA_wE_AMD_YToyOntzOjEzOiJsb2NhbFByaW9yaXR5IjtiOjA7czoxOiJ4IjtzOjE2OiJWUEJ1SHVYN2VWZkRyVHppIjt9VdEXeD8AAAA
"2-к. дом, 60 м²",3000,"Иркутская обл., Слюдянский р-н, Байкальское муниципальное образование, пос. Солзан, Горная ул., 5",51.49664912035634,104.21873926094096,1,house,https://www.avito.ru/baykalsk/doma_dachi_kottedzhi/2-k._dom_60_m_1886384876?context=H4sIAAAAAAAA_wE_AMD_YToyOntzOjEzOiJsb2NhbFByaW9yaXR5IjtiOjA7czoxOiJ4IjtzOjE2OiJWUEJ1SHVYN2VWZkRyVHppIjt9VdEXeD8AAAA
"1-к. дом, 25 м²",4800,"Иркутская обл., Слюдянский р-н, Утуликское муниципальное образование, пос. Утулик, 2-я Байкальская ул.",51.547405275530544,104.06374633245579,1,house,https://www.avito.ru/baykalsk/doma_dachi_kottedzhi/1-k._dom_25_m_7974514221?context=H4sIAAAAAAAA_wE_AMD_YToyOntzOjEzOiJsb2NhbFByaW9yaXR5IjtiOjA7czoxOiJ4IjtzOjE2OiJWUEJ1SHVYN2VWZkRyVHppIjt9VdEXeD8AAAA
"2-к. дом, 40 м²",7000,,51.54932404,104.0550003,1,house,https://www.avito.ru/baykalsk/doma_dachi_kottedzhi/2-k._dom_40_m_4564380216?context=H4sIAAAAAAAA_wE_AMD_YToyOntzOjEzOiJsb2NhbFByaW9yaXR5IjtiOjA7czoxOiJ4IjtzOjE2OiJWUEJ1SHVYN2VWZkRyVHppIjt9VdEXeD8AAAA
"3-к. дом, 40 м²",2000,,51.544856,104.050063,1,house,https://www.avito.ru/baykalsk/doma_dachi_kottedzhi/3-k._dom_40_m_3735912425?context=H4sIAAAAAAAA_wE_AMD_YToyOntzOjEzOiJsb2NhbFByaW9yaXR5IjtiOjA7czoxOiJ4IjtzOjE2OiJWUEJ1SHVYN2VWZkRyVHppIjt9VdEXeD8AAAA
"3-к. дом, 50 м²",7500,"Иркутская обл., Слюдянский р-н, Байкальское муниципальное образование, Байкальск, Комсомольская ул., 11А",51.524960994729625,104.13799853964383,4,house,https://www.avito.ru/baykalsk/doma_dachi_kottedzhi/3-k._dom_50_m_3979944452?context=H4sIAAAAAAAA_wE_AMD_YToyOntzOjEzOiJsb2NhbFByaW9yaXR5IjtiOjA7czoxOiJ4IjtzOjE2OiJWUEJ1SHVYN2VWZkRyVHppIjt9VdEXeD8AAAA
"3-к. дом, 84 м²",7500,"Иркутская обл., Слюдянский р-н, Байкальское муниципальное образование, пос. Солзан, Восточная ул., 46",51.49863402222253,104.21476834986254,6,house,https://www.avito.ru/baykalsk/doma_dachi_kottedzhi/3-k._dom_84_m_7254922807?context=H4sIAAAAAAAA_wE_AMD_YToyOntzOjEzOiJsb2NhbFByaW9yaXR5IjtiOjA7czoxOiJ4IjtzOjE2OiJWUEJ1SHVYN2VWZkRyVHppIjt9VdEXeD8AAAA
"2-к. дом, 36 м²",12000,,51.5269989816584,104.14220264084818,1,house,https://www.avito.ru/baykalsk/doma_dachi_kottedzhi/2-k._dom_36_m_4913485714?context=H4sIAAAAAAAA_wE_AMD_YToyOntzOjEzOiJsb2NhbFByaW9yaXR5IjtiOjA7czoxOiJ4IjtzOjE2OiJWUEJ1SHVYN2VWZkRyVHppIjt9VdEXeD8AAAA
"1-к. дом, 30 м²",5500,,51.46308131704022,104.62859420488039,1,house,https://www.avito.ru/baykalsk/doma_dachi_kottedzhi/1-k._dom_30_m_2151447643?context=H4sIAAAAAAAA_wE_AMD_YToyOntzOjEzOiJsb2NhbFByaW9yaXR5IjtiOjA7czoxOiJ4IjtzOjE2OiJWUEJ1SHVYN2VWZkRyVHppIjt9VdEXeD8AAAA
"1-к. дом, 27 м²",5000,,51.549033178401416,104.06384945059398,1,house,https://www.avito.ru/baykalsk/doma_dachi_kottedzhi/1-k._dom_27_m_7974888023?context=H4sIAAAAAAAA_wE_AMD_YToyOntzOjEzOiJsb2NhbFByaW9yaXR5IjtiOjA7czoxOiJ4IjtzOjE2OiJWUEJ1SHVYN2VWZkRyVHppIjt9VdEXeD8AAAA
"3-к. дом, 39 м²",4000,"Иркутская обл., Слюдянский р-н, Байкальское муниципальное образование, Байкальск, Комсомольская ул., 10А",51.52470779,104.1376953,1,house,https://www.avito.ru/baykalsk/doma_dachi_kottedzhi/3-k._dom_39_m_4678338466?context=H4sIAAAAAAAA_wE_AMD_YToyOntzOjEzOiJsb2NhbFByaW9yaXR5IjtiOjA7czoxOiJ4IjtzOjE2OiJWUEJ1SHVYN2VWZkRyVHppIjt9VdEXeD8AAAA
"2-к. дом, 36 м²",6500,"Иркутская обл., Слюдянский р-н, Байкальское муниципальное образование, Байкальск, 6-я Байкальская ул., 124",51.523583407378396,104.11855236059336,1,house,https://www.avito.ru/baykalsk/doma_dachi_kottedzhi/2-k._dom_36_m_7463578233?context=H4sIAAAAAAAA_wE_AMD_YToyOntzOjEzOiJsb2NhbFByaW9yaXR5IjtiOjA7czoxOiJ4IjtzOjE2OiJWUEJ1SHVYN2VWZkRyVHppIjt9VdEXeD8AAAA
"3-к. дом, 60 м²",5000,"Иркутская обл., Слюдянский р-н, Байкальское муниципальное образование, Байкальск, мкр-н Гагарина, 27Б",51.52223969,104.1429291,1,house,https://www.avito.ru/baykalsk/doma_dachi_kottedzhi/3-k._dom_60_m_7467951262?context=H4sIAAAAAAAA_wE_AMD_YToyOntzOjEzOiJsb2NhbFByaW9yaXR5IjtiOjA7czoxOiJ4IjtzOjE2OiJWUEJ1SHVYN2VWZkRyVHppIjt9VdEXeD8AAAA
Дом,10000,,51.47369766,104.4065857,2,house,https://www.avito.ru/baykalsk/doma_dachi_kottedzhi/dom_7692890904?context=H4sIAAAAAAAA_wE_AMD_YToyOntzOjEzOiJsb2NhbFByaW9yaXR5IjtiOjA7czoxOiJ4IjtzOjE2OiJWUEJ1SHVYN2VWZkRyVHppIjt9VdEXeD8AAAA
"3-к. дом, 70 м²",6000,"Иркутская обл., Слюдянский р-н, Байкальское муниципальное образование, пос. Солзан, ул. Пушкина, 13-2",51.49796677,104.2296295,8,house,https://www.avito.ru/baykalsk/doma_dachi_kottedzhi/3-k._dom_70_m_7361418914?context=H4sIAAAAAAAA_wE_AMD_YToyOntzOjEzOiJsb2NhbFByaW9yaXR5IjtiOjA7czoxOiJ4IjtzOjE2OiJWUEJ1SHVYN2VWZkRyVHppIjt9VdEXeD8AAAA
"3-к. дом, 65 м²",8500,"Жаль, что раньше это объявление не попалось. Сегодня переехали в дом. Пока лучшего места а Байкальске не арендовали. Чисто, уютно, стильно, приятная хозяйка, быстро, четко организовала нам заезд. Бронировали через Авито. Однозначно рекомендую.",51.52190781,104.1327744,1,house,https://www.avito.ru/baykalsk/doma_dachi_kottedzhi/3-k._dom_65_m_4511464826?context=H4sIAAAAAAAA_wE_AMD_YToyOntzOjEzOiJsb2NhbFByaW9yaXR5IjtiOjA7czoxOiJ4IjtzOjE2OiJWUEJ1SHVYN2VWZkRyVHppIjt9VdEXeD8AAAA
"1-к. дом, 30 м²",4000,,51.49661822934443,104.21777775269135,4,house,https://www.avito.ru/baykalsk/doma_dachi_kottedzhi/1-k._dom_30_m_7821969489?context=H4sIAAAAAAAA_wE_AMD_YToyOntzOjEzOiJsb2NhbFByaW9yaXR5IjtiOjA7czoxOiJ4IjtzOjE2OiJWUEJ1SHVYN2VWZkRyVHppIjt9VdEXeD8AAAA
"1-к. дом, 30 м²",9000,,51.46466286976426,104.626750335741,1,house,https://www.avito.ru/baykalsk/doma_dachi_kottedzhi/1-k._dom_30_m_7380424159?context=H4sIAAAAAAAA_wE_AMD_YToyOntzOjEzOiJsb2NhbFByaW9yaXR5IjtiOjA7czoxOiJ4IjtzOjE2OiJWUEJ1SHVYN2VWZkRyVHppIjt9VdEXeD8AAAA
"2-к. дом, 72 м²",6500,"Иркутская обл., Слюдянский р-н, Байкальское муниципальное образование, Байкальск, Речная ул., 16",51.52096176,104.1397629,2,house,https://www.avito.ru/baykalsk/doma_dachi_kottedzhi/2-k._dom_72_m_8000590924?context=H4sIAAAAAAAA_wE_AMD_YToyOntzOjEzOiJsb2NhbFByaW9yaXR5IjtiOjA7czoxOiJ4IjtzOjE2OiJWUEJ1SHVYN2VWZkRyVHppIjt9VdEXeD8AAAA
"3-к. дом, 60 м²",12000,"Иркутская обл., Слюдянский р-н, Байкальское муниципальное образование, Байкальск, 2-я ул., 67",51.5172519,104.1210689,1,house,https://www.avito.ru/baykalsk/doma_dachi_kottedzhi/3-k._dom_60_m_3607223005?context=H4sIAAAAAAAA_wE_AMD_YToyOntzOjEzOiJsb2NhbFByaW9yaXR5IjtiOjA7czoxOiJ4IjtzOjE2OiJWUEJ1SHVYN2VWZkRyVHppIjt9VdEXeD8AAAA
"1-к. дом, 40 м²",7000,,51.54932404,104.0546875,1,house,https://www.avito.ru/baykalsk/doma_dachi_kottedzhi/1-k._dom_40_m_4250560153?context=H4sIAAAAAAAA_wE_AMD_YToyOntzOjEzOiJsb2NhbFByaW9yaXR5IjtiOjA7czoxOiJ4IjtzOjE2OiJWUEJ1SHVYN2VWZkRyVHppIjt9VdEXeD8AAAA
"1-к. дом, 15 м²",6000,,51.549750764389444,104.05840982974598,1,house,https://www.avito.ru/baykalsk/doma_dachi_kottedzhi/1-k._dom_15_m_7931568335?context=H4sIAAAAAAAA_wE_AMD_YToyOntzOjEzOiJsb2NhbFByaW9yaXR5IjtiOjA7czoxOiJ4IjtzOjE2OiJWUEJ1SHVYN2VWZkRyVHppIjt9VdEXeD8AAAA
"2-к. дом, 58 м²",6500,,51.524266,104.137559,1,house,https://www.avito.ru/baykalsk/doma_dachi_kottedzhi/2-k._dom_58_m_2577550106?context=H4sIAAAAAAAA_wE_AMD_YToyOntzOjEzOiJsb2NhbFByaW9yaXR5IjtiOjA7czoxOiJ4IjtzOjE2OiJWUEJ1SHVYN2VWZkRyVHppIjt9VdEXeD8AAAA
Дом 20 м²,1200,,51.541911137345316,104.0636044855451,1,house,https://www.avito.ru/baykalsk/doma_dachi_kottedzhi/dom_20_m_3945105752?context=H4sIAAAAAAAA_wE_AMD_YToyOntzOjEzOiJsb2NhbFByaW9yaXR5IjtiOjA7czoxOiJ4IjtzOjE2OiJWUEJ1SHVYN2VWZkRyVHppIjt9VdEXeD8AAAA
"1-к. дом, 60 м²",4000,,51.49855074982441,104.21286688213534,1,house,https://www.avito.ru/baykalsk/doma_dachi_kottedzhi/1-k._dom_60_m_1825998630?context=H4sIAAAAAAAA_wE_AMD_YToyOntzOjEzOiJsb2NhbFByaW9yaXR5IjtiOjA7czoxOiJ4IjtzOjE2OiJWUEJ1SHVYN2VWZkRyVHppIjt9VdEXeD8AAAA
"1-к. коттедж, 45 м²",8000,"Рядом Мамай 50 км, г. Байкальск, гора Соболинная 6 км.",51.54684435075623,104.05098644569924,4,house,https://www.avito.ru/baykalsk/doma_dachi_kottedzhi/1-k._kottedzh_45_m_7693405028?context=H4sIAAAAAAAA_wE_AMD_YToyOntzOjEzOiJsb2NhbFByaW9yaXR5IjtiOjA7czoxOiJ4IjtzOjE2OiJWUEJ1SHVYN2VWZkRyVHppIjt9VdEXeD8AAAA
"1-к. дом, 25 м²",5500,"Иркутская обл., Слюдянский р-н, Байкальское муниципальное образование, Байкальск, СНТ Строитель, 2-я ул., 551",51.51109263205243,104.11301615122296,1,house,https://www.avito.ru/baykalsk/doma_dachi_kottedzhi/1-k._dom_25_m_7940869426?context=H4sIAAAAAAAA_wE_AMD_YToyOntzOjEzOiJsb2NhbFByaW9yaXR5IjtiOjA7czoxOiJ4IjtzOjE2OiJWUEJ1SHVYN2VWZkRyVHppIjt9VdEXeD8AAAA
"3-к. дом, 60 м²",9000,,51.52190781,104.1327744,1,house,https://www.avito.ru/baykalsk/doma_dachi_kottedzhi/3-k._dom_60_m_4543110567?context=H4sIAAAAAAAA_wE_AMD_YToyOntzOjEzOiJsb2NhbFByaW9yaXR5IjtiOjA7czoxOiJ4IjtzOjE2OiJWUEJ1SHVYN2VWZkRyVHppIjt9VdEXeD8AAAA
"5-к. дом, 140 м²",15000,"Иркутская обл., Слюдянский р-н, Байкальское муниципальное образование, Байкальск, мкр-н Восточный, Кедровая ул., 17",51.5111618,104.151619,1,house,https://www.avito.ru/baykalsk/doma_dachi_kottedzhi/5-k._dom_140_m_7538706761?context=H4sIAAAAAAAA_wE_AMD_YToyOntzOjEzOiJsb2NhbFByaW9yaXR5IjtiOjA7czoxOiJ4IjtzOjE2OiJWUEJ1SHVYN2VWZkRyVHppIjt9VdEXeD8AAAA
"2-к. дача, 21 м²",5500,,51.54439545,104.056694,4,house,https://www.avito.ru/baykalsk/doma_dachi_kottedzhi/2-k._dacha_21_m_7924230206?context=H4sIAAAAAAAA_wE_AMD_YToyOntzOjEzOiJsb2NhbFByaW9yaXR5IjtiOjA7czoxOiJ4IjtzOjE2OiJWUEJ1SHVYN2VWZkRyVHppIjt9VdEXeD8AAAA
"3-к. дом, 40 м²",2000,,51.54478455,104.0497589,2,house,https://www.avito.ru/baykalsk/doma_dachi_kottedzhi/3-k._dom_40_m_3708616493?context=H4sIAAAAAAAA_wE_AMD_YToyOntzOjEzOiJsb2NhbFByaW9yaXR5IjtiOjA7czoxOiJ4IjtzOjE2OiJpdml0cVF5WDhjekJ2MFRrIjt9Oci_MD8AAAA
"3-к. дом, 100 м²",1200,,51.541902274050685,104.06354477874332,1,house,https://www.avito.ru/baykalsk/doma_dachi_kottedzhi/3-k._dom_100_m_1020424055?context=H4sIAAAAAAAA_wE_AMD_YToyOntzOjEzOiJsb2NhbFByaW9yaXR5IjtiOjA7czoxOiJ4IjtzOjE2OiJpdml0cVF5WDhjekJ2MFRrIjt9Oci_MD8AAAA
"1-к. дом, 100 м²",1000,,51.53696823,104.0486603,15,house,https://www.avito.ru/baykalsk/doma_dachi_kottedzhi/1-k._dom_100_m_4042780713?context=H4sIAAAAAAAA_wE_AMD_YToyOntzOjEzOiJsb2NhbFByaW9yaXR5IjtiOjA7czoxOiJ4IjtzOjE2OiJpdml0cVF5WDhjekJ2MFRrIjt9Oci_MD8AAAA
"2-к. дом, 50 м²",8500,,51.54888153,104.0520935,1,house,https://www.avito.ru/baykalsk/doma_dachi_kottedzhi/2-k._dom_50_m_7838969943?context=H4sIAAAAAAAA_wE_AMD_YToyOntzOjEzOiJsb2NhbFByaW9yaXR5IjtiOjA7czoxOiJ4IjtzOjE2OiJpdml0cVF5WDhjekJ2MFRrIjt9Oci_MD8AAAA
"6-к. таунхаус, 200 м²",22000,"Иркутская обл., Слюдянский р-н, Байкальское муниципальное образование, Байкальск, Набережная ул., 36",51.52554321,104.1400375,4,house,https://www.avito.ru/baykalsk/doma_dachi_kottedzhi/6-k._taunhaus_200_m_2048863470?context=H4sIAAAAAAAA_wE_AMD_YToyOntzOjEzOiJsb2NhbFByaW9yaXR5IjtiOjA7czoxOiJ4IjtzOjE2OiJpdml0cVF5WDhjekJ2MFRrIjt9Oci_MD8AAAA
"3-к. дом, 70 м²",10000,"Иркутская обл., Слюдянский р-н, Байкальское муниципальное образование, Байкальск, мкр-н Восточный, Кедровая ул., 21",51.51095581,104.1524582,1,house,https://www.avito.ru/baykalsk/doma_dachi_kottedzhi/3-k._dom_70_m_7794763300?context=H4sIAAAAAAAA_wE_AMD_YToyOntzOjEzOiJsb2NhbFByaW9yaXR5IjtiOjA7czoxOiJ4IjtzOjE2OiJpdml0cVF5WDhjekJ2MFRrIjt9Oci_MD8AAAA
"1-к. дом, 50 м²",10000,"Иркутская обл., Слюдянский р-н, Байкальское муниципальное образование, Байкальск, Привокзальная ул., 15",51.51821899,104.1311874,1,house,https://www.avito.ru/baykalsk/doma_dachi_kottedzhi/1-k._dom_50_m_3616556253?context=H4sIAAAAAAAA_wE_AMD_YToyOntzOjEzOiJsb2NhbFByaW9yaXR5IjtiOjA7czoxOiJ4IjtzOjE2OiJpdml0cVF5WDhjekJ2MFRrIjt9Oci_MD8AAAA
"2-к. дом, 60 м²",5500,"Иркутская обл., Слюдянский р-н, Байкальское муниципальное образование, пос. Солзан, Горная ул., 13А",51.49689622779021,104.22023514629115,1,house,https://www.avito.ru/baykalsk/doma_dachi_kottedzhi/2-k._dom_60_m_4606241086?context=H4sIAAAAAAAA_wE_AMD_YToyOntzOjEzOiJsb2NhbFByaW9yaXR5IjtiOjA7czoxOiJ4IjtzOjE2OiJpdml0cVF5WDhjekJ2MFRrIjt9Oci_MD8AAAA
"2-к. дом, 50 м²",1400,,51.536968,104.048661,1,house,https://www.avito.ru/baykalsk/doma_dachi_kottedzhi/2-k._dom_50_m_3563084762?context=H4sIAAAAAAAA_wE_AMD_YToyOntzOjEzOiJsb2NhbFByaW9yaXR5IjtiOjA7czoxOiJ4IjtzOjE2OiJpdml0cVF5WDhjekJ2MFRrIjt9Oci_MD8AAAA
"2-к. дом, 36 м²",9000,"Иркутская обл., Слюдянский р-н, Байкальское муниципальное образование, Байкальск, 4-я Байкальская ул., 61",51.522552,104.121596,1,house,https://www.avito.ru/baykalsk/doma_dachi_kottedzhi/2-k._dom_36_m_7891024330?context=H4sIAAAAAAAA_wE_AMD_YToyOntzOjEzOiJsb2NhbFByaW9yaXR5IjtiOjA7czoxOiJ4IjtzOjE2OiJpdml0cVF5WDhjekJ2MFRrIjt9Oci_MD8AAAA
"2-к. дом, 50 м²",8500,"Иркутская обл., Слюдянский р-н, Байкальское муниципальное образование, Байкальск, Привокзальная ул., 1/2",51.51716614,104.1381607,1,house,https://www.avito.ru/baykalsk/doma_dachi_kottedzhi/2-k._dom_50_m_7797474427?context=H4sIAAAAAAAA_wE_AMD_YToyOntzOjEzOiJsb2NhbFByaW9yaXR5IjtiOjA7czoxOiJ4IjtzOjE2OiJpdml0cVF5WDhjekJ2MFRrIjt9Oci_MD8AAAA
"3-к. дом, 77 м²",9500,,51.52431419746547,104.13770467438646,6,house,https://www.avito.ru/baykalsk/doma_dachi_kottedzhi/3-k._dom_77_m_3505439153?context=H4sIAAAAAAAA_wE_AMD_YToyOntzOjEzOiJsb2NhbFByaW9yaXR5IjtiOjA7czoxOiJ4IjtzOjE2OiJpdml0cVF5WDhjekJ2MFRrIjt9Oci_MD8AAAA
Дом 20 м²,2500,,51.51881409,104.1427002,1,house,https://www.avito.ru/baykalsk/doma_dachi_kottedzhi/dom_20_m_4660431784?context=H4sIAAAAAAAA_wE_AMD_YToyOntzOjEzOiJsb2NhbFByaW9yaXR5IjtiOjA7czoxOiJ4IjtzOjE2OiJpdml0cVF5WDhjekJ2MFRrIjt9Oci_MD8AAAA
"4-к. дом, 98 м²",1300,,51.54439545,104.056694,1,house,https://www.avito.ru/baykalsk/doma_dachi_kottedzhi/4-k._dom_98_m_1875354487?context=H4sIAAAAAAAA_wE_AMD_YToyOntzOjEzOiJsb2NhbFByaW9yaXR5IjtiOjA7czoxOiJ4IjtzOjE2OiJpdml0cVF5WDhjekJ2MFRrIjt9Oci_MD8AAAA
"1-к. дом, 36 м²",5000,,51.467796,104.626799,6,house,https://www.avito.ru/baykalsk/doma_dachi_kottedzhi/1-k._dom_36_m_3273720711?context=H4sIAAAAAAAA_wE_AMD_YToyOntzOjEzOiJsb2NhbFByaW9yaXR5IjtiOjA7czoxOiJ4IjtzOjE2OiJpdml0cVF5WDhjekJ2MFRrIjt9Oci_MD8AAAA
"2-к. дом, 36 м²",7000,,51.54932404,104.0546875,1,house,https://www.avito.ru/baykalsk/doma_dachi_kottedzhi/2-k._dom_36_m_2577219715?context=H4sIAAAAAAAA_wE_AMD_YToyOntzOjEzOiJsb2NhbFByaW9yaXR5IjtiOjA7czoxOiJ4IjtzOjE2OiJpdml0cVF5WDhjekJ2MFRrIjt9Oci_MD8AAAA
"2-к. дом, 36 м²",7000,,51.54932404,104.0550003,1,house,https://www.avito.ru/baykalsk/doma_dachi_kottedzhi/2-k._dom_36_m_4218715874?context=H4sIAAAAAAAA_wE_AMD_YToyOntzOjEzOiJsb2NhbFByaW9yaXR5IjtiOjA7czoxOiJ4IjtzOjE2OiJpdml0cVF5WDhjekJ2MFRrIjt9Oci_MD8AAAA
"3-к. дом, 39 м²",5000,"Иркутская обл., Слюдянский р-н, Байкальское муниципальное образование, Байкальск, Комсомольская ул.",51.52501297,104.1366882,6,house,https://www.avito.ru/baykalsk/doma_dachi_kottedzhi/3-k._dom_39_m_4313702812?context=H4sIAAAAAAAA_wE_AMD_YToyOntzOjEzOiJsb2NhbFByaW9yaXR5IjtiOjA7czoxOiJ4IjtzOjE2OiJpdml0cVF5WDhjekJ2MFRrIjt9Oci_MD8AAAA
"4-к. дом, 80 м²",10000,"Иркутская обл., Слюдянский р-н, Байкальское муниципальное образование, Байкальск, мкр-н Восточный, Кедровая ул., 21",51.51095581,104.1524582,4,house,https://www.avito.ru/baykalsk/doma_dachi_kottedzhi/4-k._dom_80_m_7794426792?context=H4sIAAAAAAAA_wE_AMD_YToyOntzOjEzOiJsb2NhbFByaW9yaXR5IjtiOjA7czoxOiJ4IjtzOjE2OiJpdml0cVF5WDhjekJ2MFRrIjt9Oci_MD8AAAA
"4-к. дом, 177 м²",14000,,51.540587852016785,104.05678723433638,1,house,https://www.avito.ru/baykalsk/doma_dachi_kottedzhi/4-k._dom_177_m_7796234953?context=H4sIAAAAAAAA_wE_AMD_YToyOntzOjEzOiJsb2NhbFByaW9yaXR5IjtiOjA7czoxOiJ4IjtzOjE2OiJpdml0cVF5WDhjekJ2MFRrIjt9Oci_MD8AAAA
"2-к. дом, 22 м²",5000,,51.54439545,104.056694,4,house,https://www.avito.ru/baykalsk/doma_dachi_kottedzhi/2-k._dom_22_m_7892490739?context=H4sIAAAAAAAA_wE_AMD_YToyOntzOjEzOiJsb2NhbFByaW9yaXR5IjtiOjA7czoxOiJ4IjtzOjE2OiJpdml0cVF5WDhjekJ2MFRrIjt9Oci_MD8AAAA
"1-к. дом, 30 м²",10000,"Иркутская обл., Слюдянский р-н, Байкальское муниципальное образование, Байкальск, мкр-н Юго-Западный, 6",51.515501161223675,104.12718010028303,1,house,https://www.avito.ru/baykalsk/doma_dachi_kottedzhi/1-k._dom_30_m_7745416167?context=H4sIAAAAAAAA_wE_AMD_YToyOntzOjEzOiJsb2NhbFByaW9yaXR5IjtiOjA7czoxOiJ4IjtzOjE2OiJpdml0cVF5WDhjekJ2MFRrIjt9Oci_MD8AAAA
"6-к. дом, 160 м²",2000,"Иркутская обл., Слюдянский р-н, Байкальское муниципальное образование, Байкальск, Байкальская ул., 6",51.52362061,104.139801,1,house,https://www.avito.ru/baykalsk/doma_dachi_kottedzhi/6-k._dom_160_m_4499601857?context=H4sIAAAAAAAA_wE_AMD_YToyOntzOjEzOiJsb2NhbFByaW9yaXR5IjtiOjA7czoxOiJ4IjtzOjE2OiJpdml0cVF5WDhjekJ2MFRrIjt9Oci_MD8AAAA
"1-к. дом, 40 м²",7000,снять дом в Байкальске,51.54932404,104.0546875,1,house,https://www.avito.ru/baykalsk/doma_dachi_kottedzhi/1-k._dom_40_m_3867167212?context=H4sIAAAAAAAA_wE_AMD_YToyOntzOjEzOiJsb2NhbFByaW9yaXR5IjtiOjA7czoxOiJ4IjtzOjE2OiJpdml0cVF5WDhjekJ2MFRrIjt9Oci_MD8AAAA
"5-к. дом, 160 м²",2000,,51.524283,104.138062,4,house,https://www.avito.ru/baykalsk/doma_dachi_kottedzhi/5-k._dom_160_m_5026318026?context=H4sIAAAAAAAA_wE_AMD_YToyOntzOjEzOiJsb2NhbFByaW9yaXR5IjtiOjA7czoxOiJ4IjtzOjE2OiJpdml0cVF5WDhjekJ2MFRrIjt9Oci_MD8AAAA
"3-к. дом, 50 м²",10000,"Иркутская обл., Слюдянский р-н, Байкальское муниципальное образование, Байкальск, Привокзальная ул., 1/2",51.51716614,104.1381607,1,house,https://www.avito.ru/baykalsk/doma_dachi_kottedzhi/3-k._dom_50_m_7508539464?context=H4sIAAAAAAAA_wE_AMD_YToyOntzOjEzOiJsb2NhbFByaW9yaXR5IjtiOjA7czoxOiJ4IjtzOjE2OiJpdml0cVF5WDhjekJ2MFRrIjt9Oci_MD8AAAA
"5-к. дом, 100 м²",1400,,51.536968,104.048661,1,house,https://www.avito.ru/baykalsk/doma_dachi_kottedzhi/5-k._dom_100_m_3531373865?context=H4sIAAAAAAAA_wE_AMD_YToyOntzOjEzOiJsb2NhbFByaW9yaXR5IjtiOjA7czoxOiJ4IjtzOjE2OiJpdml0cVF5WDhjekJ2MFRrIjt9Oci_MD8AAAA
"2-к. дом, 48 м²",1500,,51.54910278,104.0507278,1,house,https://www.avito.ru/baykalsk/doma_dachi_kottedzhi/2-k._dom_48_m_7524945208?context=H4sIAAAAAAAA_wE_AMD_YToyOntzOjEzOiJsb2NhbFByaW9yaXR5IjtiOjA7czoxOiJ4IjtzOjE2OiJpdml0cVF5WDhjekJ2MFRrIjt9Oci_MD8AAAA
"2-к. дом, 50 м²",1400,,51.544396,104.056692,1,house,https://www.avito.ru/baykalsk/doma_dachi_kottedzhi/2-k._dom_50_m_3561914843?context=H4sIAAAAAAAA_wE_AMD_YToyOntzOjEzOiJsb2NhbFByaW9yaXR5IjtiOjA7czoxOiJ4IjtzOjE2OiJpdml0cVF5WDhjekJ2MFRrIjt9Oci_MD8AAAA
"1-к. дом, 20 м²",5500,,51.47452164,104.621788,4,house,https://www.avito.ru/baykalsk/doma_dachi_kottedzhi/1-k._dom_20_m_7396952779?context=H4sIAAAAAAAA_wE_AMD_YToyOntzOjEzOiJsb2NhbFByaW9yaXR5IjtiOjA7czoxOiJ4IjtzOjE2OiJpdml0cVF5WDhjekJ2MFRrIjt9Oci_MD8AAAA
"2-к. дом, 50 м²",8500,,51.54910278,104.0507278,1,house,https://www.avito.ru/baykalsk/doma_dachi_kottedzhi/2-k._dom_50_m_7780448437?context=H4sIAAAAAAAA_wE_AMD_YToyOntzOjEzOiJsb2NhbFByaW9yaXR5IjtiOjA7czoxOiJ4IjtzOjE2OiJpdml0cVF5WDhjekJ2MFRrIjt9Oci_MD8AAAA
"2-к. коттедж, 70 м²",10000,,51.54682674059597,104.07220602076978,1,house,https://www.avito.ru/baykalsk/doma_dachi_kottedzhi/2-k._kottedzh_70_m_2717269700?context=H4sIAAAAAAAA_wE_AMD_YToyOntzOjEzOiJsb2NhbFByaW9yaXR5IjtiOjA7czoxOiJ4IjtzOjE2OiJpdml0cVF5WDhjekJ2MFRrIjt9Oci_MD8AAAA
"1-к. дом, 10 м²",4000,,51.47456736078697,104.6217558891104,3,house,https://www.avito.ru/baykalsk/doma_dachi_kottedzhi/1-k._dom_10_m_7492362209?context=H4sIAAAAAAAA_wE_AMD_YToyOntzOjEzOiJsb2NhbFByaW9yaXR5IjtiOjA7czoxOiJ4IjtzOjE2OiJpdml0cVF5WDhjekJ2MFRrIjt9Oci_MD8AAAA
"3-к. дом, 80 м²",1300,,51.54439545,104.056694,1,house,https://www.avito.ru/baykalsk/doma_dachi_kottedzhi/3-k._dom_80_m_7493359971?context=H4sIAAAAAAAA_wE_AMD_YToyOntzOjEzOiJsb2NhbFByaW9yaXR5IjtiOjA7czoxOiJ4IjtzOjE2OiJpdml0cVF5WDhjekJ2MFRrIjt9Oci_MD8AAAA
"3-к. дом, 64 м²",5800,"Иркутская обл., Слюдянский р-н, Байкальское муниципальное образование, Байкальск, мкр-н Восточный, 5",51.51515961,104.153923,1,house,https://www.avito.ru/baykalsk/doma_dachi_kottedzhi/3-k._dom_64_m_7472285054?context=H4sIAAAAAAAA_wE_AMD_YToyOntzOjEzOiJsb2NhbFByaW9yaXR5IjtiOjA7czoxOiJ4IjtzOjE2OiJpdml0cVF5WDhjekJ2MFRrIjt9Oci_MD8AAAA
"2-к. дом, 70 м²",8000,"дом с баней в Байкальске,",51.52266312,104.14888,1,house,https://www.avito.ru/baykalsk/doma_dachi_kottedzhi/2-k._dom_70_m_3757908742?context=H4sIAAAAAAAA_wE_AMD_YToyOntzOjEzOiJsb2NhbFByaW9yaXR5IjtiOjA7czoxOiJ4IjtzOjE2OiJpdml0cVF5WDhjekJ2MFRrIjt9Oci_MD8AAAA
"2-к. дом, 33 м²",4500,,51.458304792563794,104.6296472205197,1,house,https://www.avito.ru/baykalsk/doma_dachi_kottedzhi/2-k._dom_33_m_4250644237?context=H4sIAAAAAAAA_wE_AMD_YToyOntzOjEzOiJsb2NhbFByaW9yaXR5IjtiOjA7czoxOiJ4IjtzOjE2OiJpdml0cVF5WDhjekJ2MFRrIjt9Oci_MD8AAAA
"2-к. дом, 56 м²",2500,"Иркутская обл., Слюдянский р-н, Байкальское муниципальное образование, Байкальск, мкр-н Восточный, Кедровая ул., 8",51.51176453,104.1512604,1,house,https://www.avito.ru/baykalsk/doma_dachi_kottedzhi/2-k._dom_56_m_7216837254?context=H4sIAAAAAAAA_wE_AMD_YToyOntzOjEzOiJsb2NhbFByaW9yaXR5IjtiOjA7czoxOiJ4IjtzOjE2OiJpdml0cVF5WDhjekJ2MFRrIjt9Oci_MD8AAAA
"3-к. дом, 71 м²",3000,,51.47463802291719,104.6193238310718,1,house,https://www.avito.ru/baykalsk/doma_dachi_kottedzhi/3-k._dom_71_m_7606395757?context=H4sIAAAAAAAA_wE_AMD_YToyOntzOjEzOiJsb2NhbFByaW9yaXR5IjtiOjA7czoxOiJ4IjtzOjE2OiJpdml0cVF5WDhjekJ2MFRrIjt9Oci_MD8AAAA
"2-к. дом, 60 м²",3500,"Иркутская обл., Слюдянский р-н, Байкальское муниципальное образование, пос. Солзан, Горная ул., 5",51.49664307,104.2187195,1,house,https://www.avito.ru/baykalsk/doma_dachi_kottedzhi/2-k._dom_60_m_4574271378?context=H4sIAAAAAAAA_wE_AMD_YToyOntzOjEzOiJsb2NhbFByaW9yaXR5IjtiOjA7czoxOiJ4IjtzOjE2OiJpdml0cVF5WDhjekJ2MFRrIjt9Oci_MD8AAAA
"3-к. дом, 72 м²",2500,,51.47353384484954,104.62102536559752,6,house,https://www.avito.ru/baykalsk/doma_dachi_kottedzhi/3-k._dom_72_m_7629255149?context=H4sIAAAAAAAA_wE_AMD_YToyOntzOjEzOiJsb2NhbFByaW9yaXR5IjtiOjA7czoxOiJ4IjtzOjE2OiJpdml0cVF5WDhjekJ2MFRrIjt9Oci_MD8AAAA
"4-к. дом, 130 м²",1500,"Иркутская обл., Слюдянский р-н, Байкальское муниципальное образование, Байкальск, мкр-н Восточный, Кедровая ул., 18",51.51099014,104.1521225,14,house,https://www.avito.ru/baykalsk/doma_dachi_kottedzhi/4-k._dom_130_m_4691441780?context=H4sIAAAAAAAA_wE_AMD_YToyOntzOjEzOiJsb2NhbFByaW9yaXR5IjtiOjA7czoxOiJ4IjtzOjE2OiJpdml0cVF5WDhjekJ2MFRrIjt9Oci_MD8AAAA
"4-к. дом, 140 м²",1500,"Иркутская обл., Слюдянский р-н, Байкальское муниципальное образование, Байкальск, мкр-н Восточный, Кедровая ул., 17",51.5111618,104.151619,12,house,https://www.avito.ru/baykalsk/doma_dachi_kottedzhi/4-k._dom_140_m_7793998838?context=H4sIAAAAAAAA_wE_AMD_YToyOntzOjEzOiJsb2NhbFByaW9yaXR5IjtiOjA7czoxOiJ4IjtzOjE2OiJpdml0cVF5WDhjekJ2MFRrIjt9Oci_MD8AAAA
"4-к. дом, 70 м²",1300,,51.54439545,104.056694,1,house,https://www.avito.ru/baykalsk/doma_dachi_kottedzhi/4-k._dom_70_m_2610907941?context=H4sIAAAAAAAA_wE_AMD_YToyOntzOjEzOiJsb2NhbFByaW9yaXR5IjtiOjA7czoxOiJ4IjtzOjE2OiJpdml0cVF5WDhjekJ2MFRrIjt9Oci_MD8AAAA
Дом 140 м²,1500,"Иркутская обл., Слюдянский р-н, Байкальское муниципальное образование, Байкальск, мкр-н Восточный, Кедровая ул., 17",51.51108590276568,104.15151545340814,10,house,https://www.avito.ru/baykalsk/doma_dachi_kottedzhi/dom_140_m_3763259257?context=H4sIAAAAAAAA_wE_AMD_YToyOntzOjEzOiJsb2NhbFByaW9yaXR5IjtiOjA7czoxOiJ4IjtzOjE2OiJpdml0cVF5WDhjekJ2MFRrIjt9Oci_MD8AAAA
"4-к. дача, 80 м²",1300,,51.54439545,104.056694,1,house,https://www.avito.ru/baykalsk/doma_dachi_kottedzhi/4-k._dacha_80_m_7795956699?context=H4sIAAAAAAAA_wE_AMD_YToyOntzOjEzOiJsb2NhbFByaW9yaXR5IjtiOjA7czoxOiJ4IjtzOjE2OiJpdml0cVF5WDhjekJ2MFRrIjt9Oci_MD8AAAA
"3-к. коттедж, 205 м²",1555,Для вас сдаётся коттедж в красивейшем месте города Байкальск) в доме две спальни и гостиная) комфортно для 10-12 человек),0.0,0.0,1,house,https://www.avito.ru/baykalsk/doma_dachi_kottedzhi/3-k._kottedzh_205_m_4455090055?context=H4sIAAAAAAAA_wE_AMD_YToyOntzOjEzOiJsb2NhbFByaW9yaXR5IjtiOjA7czoxOiJ4IjtzOjE2OiJpdml0cVF5WDhjekJ2MFRrIjt9Oci_MD8AAAA
"4-к. дом, 81 м²",1300,,51.54439545,104.056694,1,house,https://www.avito.ru/baykalsk/doma_dachi_kottedzhi/4-k._dom_81_m_7796791007?context=H4sIAAAAAAAA_wE_AMD_YToyOntzOjEzOiJsb2NhbFByaW9yaXR5IjtiOjA7czoxOiJ4IjtzOjE2OiJpdml0cVF5WDhjekJ2MFRrIjt9Oci_MD8AAAA
"4-к. дом, 180 м²",1580,,51.51882282090142,104.14625007947244,1,house,https://www.avito.ru/baykalsk/doma_dachi_kottedzhi/4-k._dom_180_m_7302043566?context=H4sIAAAAAAAA_wE_AMD_YToyOntzOjEzOiJsb2NhbFByaW9yaXR5IjtiOjA7czoxOiJ4IjtzOjE2OiJpdml0cVF5WDhjekJ2MFRrIjt9Oci_MD8AAAA
"3-к. дом, 40 м²",2500,"Иркутская обл., Слюдянский р-н, Байкальское муниципальное образование, Байкальск, Комсомольская ул.",51.52501297,104.1366882,1,house,https://www.avito.ru/baykalsk/doma_dachi_kottedzhi/3-k._dom_40_m_7493392299?context=H4sIAAAAAAAA_wE_AMD_YToyOntzOjEzOiJsb2NhbFByaW9yaXR5IjtiOjA7czoxOiJ4IjtzOjE2OiJpdml0cVF5WDhjekJ2MFRrIjt9Oci_MD8AAAA
"4-к. дача, 110 м²",1000,,51.54439545,104.056694,1,house,https://www.avito.ru/baykalsk/doma_dachi_kottedzhi/4-k._dacha_110_m_4938222489?context=H4sIAAAAAAAA_wE_AMD_YToyOntzOjEzOiJsb2NhbFByaW9yaXR5IjtiOjA7czoxOiJ4IjtzOjE2OiJRRWE3dDlpOHpCR0luVHB5Ijt9HjPhwT8AAAA
"3-к. дом, 72 м²",8000,"Иркутская обл., Слюдянский р-н, Байкальское муниципальное образование, Байкальск, Советская ул., 5",51.52006215666991,104.13952981655477,1,house,https://www.avito.ru/baykalsk/doma_dachi_kottedzhi/3-k._dom_72_m_7838419211?context=H4sIAAAAAAAA_wE_AMD_YToyOntzOjEzOiJsb2NhbFByaW9yaXR5IjtiOjA7czoxOiJ4IjtzOjE2OiJRRWE3dDlpOHpCR0luVHB5Ijt9HjPhwT8AAAA
"5-к. дом, 170 м²",27000,"Иркутская обл., Слюдянский р-н, Байкальское муниципальное образование, Байкальск, мкр-н Красный Ключ, 32",51.51627019775754,104.12379091244006,1,house,https://www.avito.ru/baykalsk/doma_dachi_kottedzhi/5-k._dom_170_m_765563774?context=H4sIAAAAAAAA_wE_AMD_YToyOntzOjEzOiJsb2NhbFByaW9yaXR5IjtiOjA7czoxOiJ4IjtzOjE2OiJRRWE3dDlpOHpCR0luVHB5Ijt9HjPhwT8AAAA
Дом 130 м²,1500,,51.460296630859375,104.63179282855387,1,house,https://www.avito.ru/baykalsk/doma_dachi_kottedzhi/dom_130_m_3956612170?context=H4sIAAAAAAAA_wE_AMD_YToyOntzOjEzOiJsb2NhbFByaW9yaXR5IjtiOjA7czoxOiJ4IjtzOjE2OiJRRWE3dDlpOHpCR0luVHB5Ijt9HjPhwT8AAAA
"3-к. дом, 70 м²",2500,,51.47464557158757,104.61933505347065,1,house,https://www.avito.ru/baykalsk/doma_dachi_kottedzhi/3-k._dom_70_m_7608941513?context=H4sIAAAAAAAA_wE_AMD_YToyOntzOjEzOiJsb2NhbFByaW9yaXR5IjtiOjA7czoxOiJ4IjtzOjE2OiJRRWE3dDlpOHpCR0luVHB5Ijt9HjPhwT8AAAA
"10-к. и более коттедж, 120 м²",1500,"Иркутская обл., Слюдянский р-н, Байкальское муниципальное образование, Байкальск, Озёрная ул., 1",51.52531052,104.1325531,30,house,https://www.avito.ru/baykalsk/doma_dachi_kottedzhi/10-k._i_bolee_kottedzh_120_m_7236789154?context=H4sIAAAAAAAA_wE_AMD_YToyOntzOjEzOiJsb2NhbFByaW9yaXR5IjtiOjA7czoxOiJ4IjtzOjE2OiJRRWE3dDlpOHpCR0luVHB5Ijt9HjPhwT8AAAA
"3-к. дом, 60 м²",2500,,51.473332600762575,104.6207761985545,1,house,https://www.avito.ru/baykalsk/doma_dachi_kottedzhi/3-k._dom_60_m_7510142297?context=H4sIAAAAAAAA_wE_AMD_YToyOntzOjEzOiJsb2NhbFByaW9yaXR5IjtiOjA7czoxOiJ4IjtzOjE2OiJRRWE3dDlpOHpCR0luVHB5Ijt9HjPhwT8AAAA
"4-к. дом, 300 м²",40000,"Зaгоpодный дом «Байкальская звезда» для прoживания кoмпании oт 7 до 14 чeлoвек. Pазмещeниe: 4 двуcпaльныx , 2 односпaльныx кровaти, 2 pаздвижных дивана, кухня, теpраса,.Wi-Fi . Hа тeрpитоpии: мaнгальная зoна, бaня cкaндинавcкoй pубки, купель, паpкoвка, кaминный зaл. Загopодный дом pаcполaгаетcя недалeкo oт пoбepежья Байкала и реки Утулик , в непосредственной близости находятся горнолыжная трасса гора Соболиная и Снежные озера.",51.53527832,104.0510178,14,house,https://www.avito.ru/baykalsk/doma_dachi_kottedzhi/4-k._dom_300_m_7822008738?context=H4sIAAAAAAAA_wE_AMD_YToyOntzOjEzOiJsb2NhbFByaW9yaXR5IjtiOjA7czoxOiJ4IjtzOjE2OiJRRWE3dDlpOHpCR0luVHB5Ijt9HjPhwT8AAAA
"5-к. дом, 140 м²",1500,"Иркутская обл., Слюдянский р-н, Байкальское муниципальное образование, Байкальск, мкр-н Восточный, Кедровая ул., 18",51.51092311707208,104.15214176235418,1,house,https://www.avito.ru/baykalsk/doma_dachi_kottedzhi/5-k._dom_140_m_7890009097?context=H4sIAAAAAAAA_wE_AMD_YToyOntzOjEzOiJsb2NhbFByaW9yaXR5IjtiOjA7czoxOiJ4IjtzOjE2OiJRRWE3dDlpOHpCR0luVHB5Ijt9HjPhwT8AAAA
Дом 140 м²,1500,"Иркутская обл., Слюдянский р-н, Байкальское муниципальное образование, Байкальск, мкр-н Восточный, Кедровая ул., 17",51.51108594610157,104.1515942698083,10,house,https://www.avito.ru/baykalsk/doma_dachi_kottedzhi/dom_140_m_4723083949?context=H4sIAAAAAAAA_wE_AMD_YToyOntzOjEzOiJsb2NhbFByaW9yaXR5IjtiOjA7czoxOiJ4IjtzOjE2OiJRRWE3dDlpOHpCR0luVHB5Ijt9HjPhwT8AAAA
"4-к. коттедж, 80 м²",15000,,51.54674144489519,104.0723417668245,12,house,https://www.avito.ru/baykalsk/doma_dachi_kottedzhi/4-k._kottedzh_80_m_3517504136?context=H4sIAAAAAAAA_wE_AMD_YToyOntzOjEzOiJsb2NhbFByaW9yaXR5IjtiOjA7czoxOiJ4IjtzOjE2OiJRRWE3dDlpOHpCR0luVHB5Ijt9HjPhwT8AAAA
"5-к. дом, 100 м²",1400,,51.544396,104.056692,10,house,https://www.avito.ru/baykalsk/doma_dachi_kottedzhi/5-k._dom_100_m_3434393458?context=H4sIAAAAAAAA_wE_AMD_YToyOntzOjEzOiJsb2NhbFByaW9yaXR5IjtiOjA7czoxOiJ4IjtzOjE2OiJRRWE3dDlpOHpCR0luVHB5Ijt9HjPhwT8AAAA
Дом 40 м²,7000,,51.54932404,104.0546875,1,house,https://www.avito.ru/baykalsk/doma_dachi_kottedzhi/dom_40_m_2576880797?context=H4sIAAAAAAAA_wE_AMD_YToyOntzOjEzOiJsb2NhbFByaW9yaXR5IjtiOjA7czoxOiJ4IjtzOjE2OiJRRWE3dDlpOHpCR0luVHB5Ijt9HjPhwT8AAAA
"2-к. коттедж, 60 м²",15000,"Иркутская обл., Слюдянский р-н, Байкальское муниципальное образование, Байкальск, мкр-н Красный Ключ",51.516207071545196,104.12089897084547,6,house,https://www.avito.ru/baykalsk/doma_dachi_kottedzhi/2-k._kottedzh_60_m_3773841463?context=H4sIAAAAAAAA_wE_AMD_YToyOntzOjEzOiJsb2NhbFByaW9yaXR5IjtiOjA7czoxOiJ4IjtzOjE2OiJRRWE3dDlpOHpCR0luVHB5Ijt9HjPhwT8AAAA
"4-к. дом, 140 м²",15000,"Иркутская обл., Слюдянский р-н, Байкальское муниципальное образование, Байкальск, мкр-н Восточный, Кедровая ул., 17",51.5111618,104.151619,1,house,https://www.avito.ru/baykalsk/doma_dachi_kottedzhi/4-k._dom_140_m_7794765636?context=H4sIAAAAAAAA_wE_AMD_YToyOntzOjEzOiJsb2NhbFByaW9yaXR5IjtiOjA7czoxOiJ4IjtzOjE2OiJRRWE3dDlpOHpCR0luVHB5Ijt9HjPhwT8AAAA
"1-к. дом, 21 м²",1500,,51.46779633,104.6268005,1,house,https://www.avito.ru/baykalsk/doma_dachi_kottedzhi/1-k._dom_21_m_7432608879?context=H4sIAAAAAAAA_wE_AMD_YToyOntzOjEzOiJsb2NhbFByaW9yaXR5IjtiOjA7czoxOiJ4IjtzOjE2OiJRRWE3dDlpOHpCR0luVHB5Ijt9HjPhwT8AAAA
"3-к. дом, 35 м²",6000,,51.4688627386139,104.6249522757838,1,house,https://www.avito.ru/baykalsk/doma_dachi_kottedzhi/3-k._dom_35_m_7555097056?context=H4sIAAAAAAAA_wE_AMD_YToyOntzOjEzOiJsb2NhbFByaW9yaXR5IjtiOjA7czoxOiJ4IjtzOjE2OiJRRWE3dDlpOHpCR0luVHB5Ijt9HjPhwT8AAAA
"2-к. дом, 50 м²",1000,,51.54008865,104.0535355,16,house,https://www.avito.ru/baykalsk/doma_dachi_kottedzhi/2-k._dom_50_m_4937702791?context=H4sIAAAAAAAA_wE_AMD_YToyOntzOjEzOiJsb2NhbFByaW9yaXR5IjtiOjA7czoxOiJ4IjtzOjE2OiJRRWE3dDlpOHpCR0luVHB5Ijt9HjPhwT8AAAA
"2-к. дом, 54 м²",2000,"Иркутская обл., Слюдянский р-н, Байкальское муниципальное образование, Байкальск, мкр-н Восточный, Кедровая ул., 8",51.51176453,104.1512604,7,house,https://www.avito.ru/baykalsk/doma_dachi_kottedzhi/2-k._dom_54_m_4130867679?context=H4sIAAAAAAAA_wE_AMD_YToyOntzOjEzOiJsb2NhbFByaW9yaXR5IjtiOjA7czoxOiJ4IjtzOjE2OiJRRWE3dDlpOHpCR0luVHB5Ijt9HjPhwT8AAAA
"1-к. дом, 50 м²",1500,"Иркутская обл., Слюдянский р-н, Байкальское муниципальное образование, Байкальск, 6-я Байкальская ул.",51.524011041628,104.11971622391837,1,house,https://www.avito.ru/baykalsk/doma_dachi_kottedzhi/1-k._dom_50_m_7407469833?context=H4sIAAAAAAAA_wE_AMD_YToyOntzOjEzOiJsb2NhbFByaW9yaXR5IjtiOjA7czoxOiJ4IjtzOjE2OiJRRWE3dDlpOHpCR0luVHB5Ijt9HjPhwT8AAAA
"3-к. коттедж, 170 м²",25000,"Иркутская обл., Слюдянский р-н, Байкальское муниципальное образование, пос. Солзан, ул. Гагарина, 46",51.496329,104.229914,1,house,https://www.avito.ru/baykalsk/doma_dachi_kottedzhi/3-k._kottedzh_170_m_2077179367?context=H4sIAAAAAAAA_wE_AMD_YToyOntzOjEzOiJsb2NhbFByaW9yaXR5IjtiOjA7czoxOiJ4IjtzOjE2OiJRRWE3dDlpOHpCR0luVHB5Ijt9HjPhwT8AAAA
"3-к. дом, 36 м²",6000,,51.46983796928736,104.62453726038204,6,house,https://www.avito.ru/baykalsk/doma_dachi_kottedzhi/3-k._dom_36_m_7661694183?context=H4sIAAAAAAAA_wE_AMD_YToyOntzOjEzOiJsb2NhbFByaW9yaXR5IjtiOjA7czoxOiJ4IjtzOjE2OiJRRWE3dDlpOHpCR0luVHB5Ijt9HjPhwT8AAAA
"3-к. дом, 65 м²",800,,51.53884506,104.052803,1,house,https://www.avito.ru/baykalsk/doma_dachi_kottedzhi/3-k._dom_65_m_7241814190?context=H4sIAAAAAAAA_wE_AMD_YToyOntzOjEzOiJsb2NhbFByaW9yaXR5IjtiOjA7czoxOiJ4IjtzOjE2OiJRRWE3dDlpOHpCR0luVHB5Ijt9HjPhwT8AAAA
"Комната 45 м², 2/2 эт.",8000,"Иркутская обл., Слюдянский р-н, Байкальское муниципальное образование, Байкальск, 4-я Байкальская ул., 62",51.52249527,104.1215744,6,room,https://www.avito.ru/baykalsk/komnaty/komnata_45_m_22_et._7468368274?context=H4sIAAAAAAAA_wE_AMD_YToyOntzOjEzOiJsb2NhbFByaW9yaXR5IjtiOjA7czoxOiJ4IjtzOjE2OiJyWlljMzYwUnY5eHpMdGluIjt9KyK4FT8AAAA
"Комната 30 м² в 2-к., 2/2 эт.",1000,"Иркутская обл., Слюдянский р-н, Байкальское муниципальное образование, Байкальск, мкр-н Красный Ключ, 10А",51.51478577,104.1234894,2,room,https://www.avito.ru/baykalsk/komnaty/komnata_30_m_v_2-k._22_et._3741875088?context=H4sIAAAAAAAA_wE_AMD_YToyOntzOjEzOiJsb2NhbFByaW9yaXR5IjtiOjA7czoxOiJ4IjtzOjE2OiJyWlljMzYwUnY5eHpMdGluIjt9KyK4FT8AAAA
"Комната 30 м², 1/1 эт.",1400,,51.53804016,104.049118,2,room,https://www.avito.ru/baykalsk/komnaty/komnata_30_m_11_et._4211378953?context=H4sIAAAAAAAA_wE_AMD_YToyOntzOjEzOiJsb2NhbFByaW9yaXR5IjtiOjA7czoxOiJ4IjtzOjE2OiJyWlljMzYwUnY5eHpMdGluIjt9KyK4FT8AAAA
"Комната 24 м², 1/2 эт.",1000,,51.53910828,104.0625305,2,room,https://www.avito.ru/baykalsk/komnaty/komnata_24_m_12_et._7612345448?context=H4sIAAAAAAAA_wE_AMD_YToyOntzOjEzOiJsb2NhbFByaW9yaXR5IjtiOjA7czoxOiJ4IjtzOjE2OiJyWlljMzYwUnY5eHpMdGluIjt9KyK4FT8AAAA
"Комната 20 м², 1/2 эт.",1500,,51.90410995,102.435257,2,room,https://www.avito.ru/kyren/komnaty/komnata_20_m_12_et._4260459597?context=H4sIAAAAAAAA_wE_AMD_YToyOntzOjEzOiJsb2NhbFByaW9yaXR5IjtiOjA7czoxOiJ4IjtzOjE2OiJyWlljMzYwUnY5eHpMdGluIjt9KyK4FT8AAAA
"Комната 20 м², 1/2 эт.",1500,,51.905954,102.425738,2,room,https://www.avito.ru/kyren/komnaty/komnata_20_m_12_et._2930859974?context=H4sIAAAAAAAA_wE_AMD_YToyOntzOjEzOiJsb2NhbFByaW9yaXR5IjtiOjA7czoxOiJ4IjtzOjE2OiJyWlljMzYwUnY5eHpMdGluIjt9KyK4FT8AAAA
"Комната 20 м², 1/1 эт.",1500,,51.9064827,102.4330673,2,room,https://www.avito.ru/kyren/komnaty/komnata_20_m_11_et._4085739988?context=H4sIAAAAAAAA_wE_AMD_YToyOntzOjEzOiJsb2NhbFByaW9yaXR5IjtiOjA7czoxOiJ4IjtzOjE2OiJyWlljMzYwUnY5eHpMdGluIjt9KyK4FT8AAAA
"Комната 25 м² в 2-к., 1/1 эт.",2000,,51.91122127646781,102.43937843103923,2,room,https://www.avito.ru/kyren/komnaty/komnata_25_m_v_2-k._11_et._7605318847?context=H4sIAAAAAAAA_wE_AMD_YToyOntzOjEzOiJsb2NhbFByaW9yaXR5IjtiOjA7czoxOiJ4IjtzOjE2OiJyWlljMzYwUnY5eHpMdGluIjt9KyK4FT8AAAA
"Комната 24 м², 1/2 эт.",1300,,51.91342108999399,102.43075552148619,2,room,https://www.avito.ru/kyren/komnaty/komnata_24_m_12_et._7749386501?context=H4sIAAAAAAAA_wE_AMD_YToyOntzOjEzOiJsb2NhbFByaW9yaXR5IjtiOjA7czoxOiJ4IjtzOjE2OiJyWlljMzYwUnY5eHpMdGluIjt9KyK4FT8AAAA
"Комната 25 м² в 5-к., 1/17 эт.",600,,52.27085147363298,104.30094954232787,1,room,https://www.avito.ru/irkutsk/komnaty/komnata_25_m_v_5-k._117_et._4568966156?context=H4sIAAAAAAAA_wE_AMD_YToyOntzOjEzOiJsb2NhbFByaW9yaXR5IjtiOjA7czoxOiJ4IjtzOjE2OiJyWlljMzYwUnY5eHpMdGluIjt9KyK4FT8AAAA
"Комната 50 м², 2/2 эт.",1200,,51.910994,102.439159,1,room,https://www.avito.ru/kyren/komnaty/komnata_50_m_22_et._4245763973?context=H4sIAAAAAAAA_wE_AMD_YToyOntzOjEzOiJsb2NhbFByaW9yaXR5IjtiOjA7czoxOiJ4IjtzOjE2OiJyWlljMzYwUnY5eHpMdGluIjt9KyK4FT8AAAA
"Комната 20 м², 2/2 эт.",1000,,51.9112587,102.4265747,2,room,https://www.avito.ru/kyren/komnaty/komnata_20_m_22_et._8075321434?context=H4sIAAAAAAAA_wE_AMD_YToyOntzOjEzOiJsb2NhbFByaW9yaXR5IjtiOjA7czoxOiJ4IjtzOjE2OiJyWlljMzYwUnY5eHpMdGluIjt9KyK4FT8AAAA
"Комната 18 м², 1/2 эт.",2800,,51.91130010884555,102.43875646118033,2,room,https://www.avito.ru/kyren/komnaty/komnata_18_m_12_et._3631519391?context=H4sIAAAAAAAA_wE_AMD_YToyOntzOjEzOiJsb2NhbFByaW9yaXR5IjtiOjA7czoxOiJ4IjtzOjE2OiJyWlljMzYwUnY5eHpMdGluIjt9KyK4FT8AAAA
"Комната 16 м² в 1-к., 1/1 эт.",900,,51.717641,102.425181,4,room,https://www.avito.ru/kyren/komnaty/komnata_16_m_v_1-k._11_et._4324447400?context=H4sIAAAAAAAA_wE_AMD_YToyOntzOjEzOiJsb2NhbFByaW9yaXR5IjtiOjA7czoxOiJ4IjtzOjE2OiJyWlljMzYwUnY5eHpMdGluIjt9KyK4FT8AAAA
"Комната 30 м² в 4-к., 2/2 эт.",1350,,51.85190582,104.8707657,2,room,https://www.avito.ru/irkutsk/komnaty/komnata_30_m_v_4-k._22_et._3012850604?context=H4sIAAAAAAAA_wE_AMD_YToyOntzOjEzOiJsb2NhbFByaW9yaXR5IjtiOjA7czoxOiJ4IjtzOjE2OiJyWlljMzYwUnY5eHpMdGluIjt9KyK4FT8AAAA
"Комната 12 м², 1/2 эт.",950,,51.90197589426606,102.44030751195038,2,room,https://www.avito.ru/kyren/komnaty/komnata_12_m_12_et._2426392356?context=H4sIAAAAAAAA_wE_AMD_YToyOntzOjEzOiJsb2NhbFByaW9yaXR5IjtiOjA7czoxOiJ4IjtzOjE2OiJyWlljMzYwUnY5eHpMdGluIjt9KyK4FT8AAAA
"Койко-место 10 м², 2/3 эт.",600,,51.8283844,107.5801697,2,room,https://www.avito.ru/ulan-ude/komnaty/koyko-mesto_10_m_23_et._7982527424?context=H4sIAAAAAAAA_wE_AMD_YToyOntzOjEzOiJsb2NhbFByaW9yaXR5IjtiOjA7czoxOiJ4IjtzOjE2OiJyWlljMzYwUnY5eHpMdGluIjt9KyK4FT8AAAA
"Комната 36 м² в 3-к., 2/2 эт.",1100,,53.19729233,107.3377686,2,room,https://www.avito.ru/elantsy/komnaty/komnata_36_m_v_3-k._22_et._3617466786?context=H4sIAAAAAAAA_wE_AMD_YToyOntzOjEzOiJsb2NhbFByaW9yaXR5IjtiOjA7czoxOiJ4IjtzOjE2OiJyWlljMzYwUnY5eHpMdGluIjt9KyK4FT8AAAA
"Комната 10 м², 1/2 эт.",850,,51.907401428738325,102.4314355130524,1,room,https://www.avito.ru/kyren/komnaty/komnata_10_m_12_et._7368798767?context=H4sIAAAAAAAA_wE_AMD_YToyOntzOjEzOiJsb2NhbFByaW9yaXR5IjtiOjA7czoxOiJ4IjtzOjE2OiJyWlljMzYwUnY5eHpMdGluIjt9KyK4FT8AAAA
"Комната 20 м², 2/2 эт.",2500,,51.852514,104.865571,2,room,https://www.avito.ru/irkutsk/komnaty/komnata_20_m_22_et._2588754115?context=H4sIAAAAAAAA_wE_AMD_YToyOntzOjEzOiJsb2NhbFByaW9yaXR5IjtiOjA7czoxOiJ4IjtzOjE2OiJyWlljMzYwUnY5eHpMdGluIjt9KyK4FT8AAAA
"Комната 20 м², 1/1 эт.",1500,,51.899898187346444,102.44083791016817,2,room,https://www.avito.ru/kyren/komnaty/komnata_20_m_11_et._2808698666?context=H4sIAAAAAAAA_wE_AMD_YToyOntzOjEzOiJsb2NhbFByaW9yaXR5IjtiOjA7czoxOiJ4IjtzOjE2OiJyWlljMzYwUnY5eHpMdGluIjt9KyK4FT8AAAA
"Комната 120 м² в 7-к., 2/2 эт.",1500,,51.90583801,102.429245,2,room,https://www.avito.ru/kyren/komnaty/komnata_120_m_v_7-k._22_et._8004653755?context=H4sIAAAAAAAA_wE_AMD_YToyOntzOjEzOiJsb2NhbFByaW9yaXR5IjtiOjA7czoxOiJ4IjtzOjE2OiJyWlljMzYwUnY5eHpMdGluIjt9KyK4FT8AAAA
"Комната 20 м², 2/2 эт.",3000,,51.651947,103.721818,2,room,https://www.avito.ru/slyudyanka/komnaty/komnata_20_m_22_et._2043213830?context=H4sIAAAAAAAA_wE_AMD_YToyOntzOjEzOiJsb2NhbFByaW9yaXR5IjtiOjA7czoxOiJ4IjtzOjE2OiJyWlljMzYwUnY5eHpMdGluIjt9KyK4FT8AAAA
"Комната 16 м², 1/1 эт.",1000,,52.92605591,78.57794952,2,room,https://www.avito.ru/yarovoe/komnaty/komnata_16_m_11_et._7400495605?context=H4sIAAAAAAAA_wE_AMD_YToyOntzOjEzOiJsb2NhbFByaW9yaXR5IjtiOjA7czoxOiJ4IjtzOjE2OiJyWlljMzYwUnY5eHpMdGluIjt9KyK4FT8AAAA
"Комната 30 м², 2/2 эт.",1750,,51.911166,102.439383,2,room,https://www.avito.ru/kyren/komnaty/komnata_30_m_22_et._7989796342?context=H4sIAAAAAAAA_wE_AMD_YToyOntzOjEzOiJsb2NhbFByaW9yaXR5IjtiOjA7czoxOiJ4IjtzOjE2OiJyWlljMzYwUnY5eHpMdGluIjt9KyK4FT8AAAA
"Комната 36 м², 2/2 эт.",5000,,51.91141,102.43871,2,room,https://www.avito.ru/kyren/komnaty/komnata_36_m_22_et._3727339927?context=H4sIAAAAAAAA_wE_AMD_YToyOntzOjEzOiJsb2NhbFByaW9yaXR5IjtiOjA7czoxOiJ4IjtzOjE2OiJyWlljMzYwUnY5eHpMdGluIjt9KyK4FT8AAAA
"Комната 44 м² в 1-к., 2/2 эт.",5000,,51.91154861,102.4433594,2,room,https://www.avito.ru/kyren/komnaty/komnata_44_m_v_1-k._22_et._3600590940?context=H4sIAAAAAAAA_wE_AMD_YToyOntzOjEzOiJsb2NhbFByaW9yaXR5IjtiOjA7czoxOiJ4IjtzOjE2OiJyWlljMzYwUnY5eHpMdGluIjt9KyK4FT8AAAA
"Комната 15 м², 1/1 эт.",5000,,51.90002442041389,102.44339033606994,2,room,https://www.avito.ru/kyren/komnaty/komnata_15_m_11_et._4461001385?context=H4sIAAAAAAAA_wE_AMD_YToyOntzOjEzOiJsb2NhbFByaW9yaXR5IjtiOjA7czoxOiJ4IjtzOjE2OiJyWlljMzYwUnY5eHpMdGluIjt9KyK4FT8AAAA
"Комната 25 м², 2/2 эт.",1300,,51.899671253924325,102.44113051291092,2,room,https://www.avito.ru/kyren/komnaty/komnata_25_m_22_et._7366739680?context=H4sIAAAAAAAA_wE_AMD_YToyOntzOjEzOiJsb2NhbFByaW9yaXR5IjtiOjA7czoxOiJ4IjtzOjE2OiJyWlljMzYwUnY5eHpMdGluIjt9KyK4FT8AAAA
"Комната 40 м² в 3-к., 1/1 эт.",12000,"Иркутская обл., Ольхонский р-н, Хужирское муниципальное образование, пос. Хужир, Байкальская ул., 17",53.19372559,107.3357849,2,room,https://www.avito.ru/elantsy/komnaty/komnata_40_m_v_3-k._11_et._7793056010?context=H4sIAAAAAAAA_wE_AMD_YToyOntzOjEzOiJsb2NhbFByaW9yaXR5IjtiOjA7czoxOiJ4IjtzOjE2OiJyWlljMzYwUnY5eHpMdGluIjt9KyK4FT8AAAA
"Комната 18 м² в 4-к., 1/5 эт.",1000,,52.2367897,104.276413,2,room,https://www.avito.ru/irkutsk/komnaty/komnata_18_m_v_4-k._15_et._7395601126?context=H4sIAAAAAAAA_wE_AMD_YToyOntzOjEzOiJsb2NhbFByaW9yaXR5IjtiOjA7czoxOiJ4IjtzOjE2OiJyWlljMzYwUnY5eHpMdGluIjt9KyK4FT8AAAA
"Комната 90 м² в 4-к., 1/1 эт.",1000,,51.910994,102.439159,2,room,https://www.avito.ru/kyren/komnaty/komnata_90_m_v_4-k._11_et._4534121907?context=H4sIAAAAAAAA_wE_AMD_YToyOntzOjEzOiJsb2NhbFByaW9yaXR5IjtiOjA7czoxOiJ4IjtzOjE2OiJyWlljMzYwUnY5eHpMdGluIjt9KyK4FT8AAAA
"Комната 12 м², 1/1 эт.",1800,,53.191022908103605,107.34276972154753,2,room,https://www.avito.ru/elantsy/komnaty/komnata_12_m_11_et._4249898941?context=H4sIAAAAAAAA_wE_AMD_YToyOntzOjEzOiJsb2NhbFByaW9yaXR5IjtiOjA7czoxOiJ4IjtzOjE2OiJyWlljMzYwUnY5eHpMdGluIjt9KyK4FT8AAAA
"Комната 43 м² в 1-к., 12/16 эт.",1750,"Иркутская обл., Иркутск, Байкальская ул., 321",52.2572937,104.3644028,2,room,https://www.avito.ru/irkutsk/komnaty/komnata_43_m_v_1-k._1216_et._4409468615?context=H4sIAAAAAAAA_wE_AMD_YToyOntzOjEzOiJsb2NhbFByaW9yaXR5IjtiOjA7czoxOiJ4IjtzOjE2OiJyWlljMzYwUnY5eHpMdGluIjt9KyK4FT8AAAA
"Комната 16 м², 2/2 эт.",2000,,51.865077073856,104.843195425399,2,room,https://www.avito.ru/irkutsk/komnaty/komnata_16_m_22_et._2152157459?context=H4sIAAAAAAAA_wE_AMD_YToyOntzOjEzOiJsb2NhbFByaW9yaXR5IjtiOjA7czoxOiJ4IjtzOjE2OiJyWlljMzYwUnY5eHpMdGluIjt9KyK4FT8AAAA
"Комната 16 м², 1/2 эт.",1500,,51.908593,102.427301,2,room,https://www.avito.ru/kyren/komnaty/komnata_16_m_12_et._4108253737?context=H4sIAAAAAAAA_wE_AMD_YToyOntzOjEzOiJsb2NhbFByaW9yaXR5IjtiOjA7czoxOiJ4IjtzOjE2OiJyWlljMzYwUnY5eHpMdGluIjt9KyK4FT8AAAA
"Комната 20 м² в 2-к., 2/2 эт.",600,,52.2800293,104.2807922,2,room,https://www.avito.ru/irkutsk/komnaty/komnata_20_m_v_2-k._22_et._8087107613?context=H4sIAAAAAAAA_wE_AMD_YToyOntzOjEzOiJsb2NhbFByaW9yaXR5IjtiOjA7czoxOiJ4IjtzOjE2OiJyWlljMzYwUnY5eHpMdGluIjt9KyK4FT8AAAA
"Комната 21 м² в 2-к., 7/25 эт.",800,,55.03697205,82.93032837,2,room,https://www.avito.ru/novosibirsk/komnaty/komnata_21_m_v_2-k._725_et._7645080889?context=H4sIAAAAAAAA_wE_AMD_YToyOntzOjEzOiJsb2NhbFByaW9yaXR5IjtiOjA7czoxOiJ4IjtzOjE2OiJyWlljMzYwUnY5eHpMdGluIjt9KyK4FT8AAAA
"Комната 16 м², 1/1 эт.",2500,,52.93180084,78.55979919,2,room,https://www.avito.ru/yarovoe/komnaty/komnata_16_m_11_et._7924710348?context=H4sIAAAAAAAA_wE_AMD_YToyOntzOjEzOiJsb2NhbFByaW9yaXR5IjtiOjA7czoxOiJ4IjtzOjE2OiJyWlljMzYwUnY5eHpMdGluIjt9KyK4FT8AAAA
"Комната 12 м², 2/2 эт.",1500,,51.85125732,104.8674774,2,room,https://www.avito.ru/irkutsk/komnaty/komnata_12_m_22_et._7284927667?context=H4sIAAAAAAAA_wE_AMD_YToyOntzOjEzOiJsb2NhbFByaW9yaXR5IjtiOjA7czoxOiJ4IjtzOjE2OiJyWlljMzYwUnY5eHpMdGluIjt9KyK4FT8AAAA
"Комната 20 м², 2/2 эт.",2500,,51.86536903741447,104.84126309996111,2,room,https://www.avito.ru/irkutsk/komnaty/komnata_20_m_22_et._7797643742?context=H4sIAAAAAAAA_wE_AMD_YToyOntzOjEzOiJsb2NhbFByaW9yaXR5IjtiOjA7czoxOiJ4IjtzOjE2OiJyWlljMzYwUnY5eHpMdGluIjt9KyK4FT8AAAA
"Комната 42,5 м², 2/2 эт.",3800,,51.8619776,104.8784888,2,room,https://www.avito.ru/vydrino/komnaty/komnata_425_m_22_et._7651915005?context=H4sIAAAAAAAA_wE_AMD_YToyOntzOjEzOiJsb2NhbFByaW9yaXR5IjtiOjA7czoxOiJ4IjtzOjE2OiJyWlljMzYwUnY5eHpMdGluIjt9KyK4FT8AAAA
"Комната 20 м² в 1-к., 1/2 эт.",3000,,51.91154861,102.4433594,2,room,https://www.avito.ru/kyren/komnaty/komnata_20_m_v_1-k._12_et._3600612093?context=H4sIAAAAAAAA_wE_AMD_YToyOntzOjEzOiJsb2NhbFByaW9yaXR5IjtiOjA7czoxOiJ4IjtzOjE2OiJyWlljMzYwUnY5eHpMdGluIjt9KyK4FT8AAAA
"Комната 18 м² в 2-к., 2/5 эт.",1200,,55.039367,82.910018,2,room,https://www.avito.ru/novosibirsk/komnaty/komnata_18_m_v_2-k._25_et._7296395995?context=H4sIAAAAAAAA_wE_AMD_YToyOntzOjEzOiJsb2NhbFByaW9yaXR5IjtiOjA7czoxOiJ4IjtzOjE2OiJyWlljMzYwUnY5eHpMdGluIjt9KyK4FT8AAAA
"Комната 30 м², 1/1 эт.",6000,,51.91088867,102.432106,2,room,https://www.avito.ru/kyren/komnaty/komnata_30_m_11_et._3994058685?context=H4sIAAAAAAAA_wE_AMD_YToyOntzOjEzOiJsb2NhbFByaW9yaXR5IjtiOjA7czoxOiJ4IjtzOjE2OiJyWlljMzYwUnY5eHpMdGluIjt9KyK4FT8AAAA
"Комната 22 м² в 1-к., 1/1 эт.",5000,,52.0479393,105.4101639,2,room,https://www.avito.ru/irkutsk/komnaty/komnata_22_m_v_1-k._11_et._7627574842?context=H4sIAAAAAAAA_wE_AMD_YToyOntzOjEzOiJsb2NhbFByaW9yaXR5IjtiOjA7czoxOiJ4IjtzOjE2OiJyWlljMzYwUnY5eHpMdGluIjt9KyK4FT8AAAA
"Комната 25 м², 1/2 эт.",2500,,51.664088,103.69504,2,room,https://www.avito.ru/slyudyanka/komnaty/komnata_25_m_12_et._7919633476?context=H4sIAAAAAAAA_wE_AMD_YToyOntzOjEzOiJsb2NhbFByaW9yaXR5IjtiOjA7czoxOiJ4IjtzOjE2OiJyWlljMzYwUnY5eHpMdGluIjt9KyK4FT8AAAA
"Комната 30 м², 1/1 эт.",8000,,52.02839279,105.3976822,8,room,https://www.avito.ru/irkutsk/komnaty/komnata_30_m_11_et._4634572845?context=H4sIAAAAAAAA_wE_AMD_YToyOntzOjEzOiJsb2NhbFByaW9yaXR5IjtiOjA7czoxOiJ4IjtzOjE2OiJyWlljMzYwUnY5eHpMdGluIjt9KyK4FT8AAAA
"Комната 70 м², 1/2 эт.",2000,,51.915521,85.845425,2,room,https://www.avito.ru/altayskoe/komnaty/komnata_70_m_12_et._3556078495?context=H4sIAAAAAAAA_wE_AMD_YToyOntzOjEzOiJsb2NhbFByaW9yaXR5IjtiOjA7czoxOiJ4IjtzOjE2OiJyWlljMzYwUnY5eHpMdGluIjt9KyK4FT8AAAA
"Комната 27 м² в 1-к., 1/1 эт.",1600,,51.911155,102.439383,2,room,https://www.avito.ru/kyren/komnaty/komnata_27_m_v_1-k._11_et._7349886849?context=H4sIAAAAAAAA_wE_AMD_YToyOntzOjEzOiJsb2NhbFByaW9yaXR5IjtiOjA7czoxOiJ4IjtzOjE2OiJyWlljMzYwUnY5eHpMdGluIjt9KyK4FT8AAAA
