{
"type": "FeatureCollection",
"name": "baikalsk_roads",
"crs": { "type": "name", "properties": { "name": "urn:ogc:def:crs:OGC:1.3:CRS84" } },
"features": [
{ "type": "Feature", "properties": { }, "geometry": { "type": "LineString", "coordinates": [ [ 104.1504348, 51.5230649 ], [ 104.1504307, 51.5234205 ], [ 104.150374, 51.526063 ], [ 104.1503546, 51.5264864 ], [ 104.1503403, 51.5267983 ], [ 104.1503343, 51.5269301 ], [ 104.1502629, 51.5284902 ], [ 104.1502608, 51.5285357 ], [ 104.1501987, 51.528673 ] ] } },
{ "type": "Feature", "properties": { }, "geometry": { "type": "LineString", "coordinates": [ [ 104.1679177, 51.5068332 ], [ 104.168632, 51.50753 ], [ 104.1691838, 51.5077796 ] ] } },
{ "type": "Feature", "properties": { }, "geometry": { "type": "LineString", "coordinates": [ [ 104.1391471, 51.5160424 ], [ 104.1394676, 51.5162529 ], [ 104.1398859, 51.5164126 ], [ 104.1401956, 51.5165278 ], [ 104.1402776, 51.5165529 ], [ 104.1405426, 51.5167039 ], [ 104.1408442, 51.5169457 ], [ 104.1409616, 51.5170764 ], [ 104.1410261, 51.5171917 ], [ 104.1410182, 51.5173585 ], [ 104.1409161, 51.5175594 ], [ 104.1407207, 51.5178307 ], [ 104.1406578, 51.5179779 ], [ 104.1406667, 51.5181404 ], [ 104.1407614, 51.5183716 ], [ 104.1409922, 51.5187118 ], [ 104.1409979, 51.5188996 ], [ 104.1408751, 51.5190447 ], [ 104.1408276, 51.5190669 ], [ 104.1406244, 51.5191617 ], [ 104.1403589, 51.5192694 ], [ 104.1400813, 51.5193765 ] ] } },
{ "type": "Feature", "properties": { }, "geometry": { "type": "LineString", "coordinates": [ [ 104.1651928, 51.5080649 ], [ 104.1651848, 51.5085262 ] ] } },
{ "type": "Feature", "properties": { }, "geometry": { "type": "LineString", "coordinates": [ [ 104.164839, 51.5080766 ], [ 104.1651928, 51.5080649 ] ] } },
{ "type": "Feature", "properties": { }, "geometry": { "type": "LineString", "coordinates": [ [ 104.14963, 51.523055 ], [ 104.1495965, 51.5229516 ], [ 104.1495318, 51.5227517 ], [ 104.1492851, 51.5219897 ], [ 104.1492398, 51.5218497 ], [ 104.1491708, 51.5216366 ], [ 104.1489887, 51.5210743 ], [ 104.1486971, 51.5201734 ], [ 104.1485311, 51.5196608 ], [ 104.1480628, 51.5182143 ], [ 104.1479619, 51.5179027 ], [ 104.1477667, 51.5172997 ], [ 104.1475686, 51.5166878 ], [ 104.1473821, 51.5161117 ], [ 104.1473821, 51.5159425 ] ] } },
{ "type": "Feature", "properties": { }, "geometry": { "type": "LineString", "coordinates": [ [ 104.1465811, 51.5230551 ], [ 104.1465767, 51.5229757 ], [ 104.146602, 51.5221134 ], [ 104.1466374, 51.5220599 ], [ 104.1467992, 51.5220316 ], [ 104.1473353, 51.5220379 ] ] } },
{ "type": "Feature", "properties": { }, "geometry": { "type": "LineString", "coordinates": [ [ 104.1327522, 51.5201032 ], [ 104.1329992, 51.5206379 ], [ 104.1331448, 51.5209216 ], [ 104.1333074, 51.5212151 ], [ 104.1334343, 51.5217659 ], [ 104.1335843, 51.5225124 ], [ 104.1336891, 51.5230343 ], [ 104.1338288, 51.5236884 ] ] } },
{ "type": "Feature", "properties": { }, "geometry": { "type": "LineString", "coordinates": [ [ 104.1400813, 51.5193765 ], [ 104.1396874, 51.5193892 ], [ 104.1391599, 51.5194063 ], [ 104.1390223, 51.5194061 ], [ 104.1386556, 51.5194163 ], [ 104.1381925, 51.5194254 ], [ 104.1380126, 51.5194289 ], [ 104.1374647, 51.5194397 ], [ 104.1373944, 51.5194425 ], [ 104.1354799, 51.5195198 ], [ 104.1338705, 51.5198768 ], [ 104.1327522, 51.5201032 ] ] } },
{ "type": "Feature", "properties": { }, "geometry": { "type": "LineString", "coordinates": [ [ 104.1405043, 51.5233269 ], [ 104.140336, 51.5221831 ], [ 104.1402967, 51.5218827 ], [ 104.1401629, 51.520859 ], [ 104.1401596, 51.5207836 ], [ 104.140125, 51.5200052 ], [ 104.1401082, 51.5198556 ], [ 104.1401035, 51.5195668 ], [ 104.1400813, 51.5193765 ] ] } },
{ "type": "Feature", "properties": { }, "geometry": { "type": "LineString", "coordinates": [ [ 104.1338288, 51.5236884 ], [ 104.1341344, 51.5236827 ], [ 104.1351955, 51.5236104 ], [ 104.1360275, 51.5235756 ], [ 104.1361719, 51.5235689 ], [ 104.1380109, 51.5234725 ], [ 104.1383566, 51.5234511 ], [ 104.1388649, 51.5234284 ], [ 104.1395208, 51.5233794 ], [ 104.1405043, 51.5233269 ], [ 104.1411626, 51.5233063 ], [ 104.1412927, 51.5232978 ], [ 104.1413504, 51.5232941 ], [ 104.141916, 51.5232574 ] ] } },
{ "type": "Feature", "properties": { }, "geometry": { "type": "LineString", "coordinates": [ [ 104.1649121, 51.5237546 ], [ 104.1649726, 51.5193831 ], [ 104.1649745, 51.5192493 ], [ 104.164982, 51.518708 ], [ 104.165005, 51.5171675 ], [ 104.1651802, 51.5102268 ] ] } },
{ "type": "Feature", "properties": { }, "geometry": { "type": "LineString", "coordinates": [ [ 104.1401082, 51.5198556 ], [ 104.1399916, 51.520011 ], [ 104.1394803, 51.5204933 ], [ 104.1380443, 51.5219628 ], [ 104.1376763, 51.5222689 ] ] } },
{ "type": "Feature", "properties": { }, "geometry": { "type": "LineString", "coordinates": [ [ 104.1338288, 51.5236884 ], [ 104.1339623, 51.5243739 ], [ 104.1339007, 51.5247879 ], [ 104.1337405, 51.5254014 ], [ 104.1366509, 51.5256113 ], [ 104.1370324, 51.5256388 ], [ 104.1377085, 51.525686 ], [ 104.1383558, 51.5257313 ], [ 104.1389405, 51.5256682 ], [ 104.1389991, 51.5256619 ], [ 104.1391925, 51.5256262 ], [ 104.1393631, 51.5255769 ], [ 104.1397225, 51.5254501 ], [ 104.140082, 51.5252298 ], [ 104.1403609, 51.5250096 ], [ 104.1405487, 51.5246958 ], [ 104.1406077, 51.5244889 ], [ 104.1406488, 51.5241951 ], [ 104.1405043, 51.5233269 ] ] } },
{ "type": "Feature", "properties": { }, "geometry": { "type": "LineString", "coordinates": [ [ 104.1339623, 51.5243739 ], [ 104.1362413, 51.5242444 ], [ 104.1381217, 51.5241376 ], [ 104.1384549, 51.5241187 ], [ 104.1396587, 51.5240503 ] ] } },
{ "type": "Feature", "properties": { }, "geometry": { "type": "LineString", "coordinates": [ [ 104.1356004, 51.5205169 ], [ 104.1351781, 51.5207753 ], [ 104.1351125, 51.5208154 ], [ 104.1349474, 51.520852 ], [ 104.1333074, 51.5212151 ], [ 104.1329654, 51.5212817 ], [ 104.1327584, 51.521322 ], [ 104.1319268, 51.521484 ], [ 104.1306317, 51.5217363 ], [ 104.1297111, 51.5219156 ] ] } },
{ "type": "Feature", "properties": { }, "geometry": { "type": "LineString", "coordinates": [ [ 104.1349009, 51.5224511 ], [ 104.1348445, 51.522361 ], [ 104.1347533, 51.5218637 ], [ 104.1348311, 51.5217836 ], [ 104.1351852, 51.5217435 ], [ 104.1352469, 51.521857 ], [ 104.1353407, 51.5224211 ] ] } },
{ "type": "Feature", "properties": { }, "geometry": { "type": "LineString", "coordinates": [ [ 104.1339007, 51.5247879 ], [ 104.1367386, 51.5249923 ], [ 104.1381697, 51.5250954 ], [ 104.1385438, 51.5251004 ], [ 104.138991, 51.5250701 ], [ 104.1394473, 51.5248244 ], [ 104.1397065, 51.5244883 ], [ 104.1396587, 51.5240503 ], [ 104.1395208, 51.5233794 ] ] } },
{ "type": "Feature", "properties": { }, "geometry": { "type": "LineString", "coordinates": [ [ 104.1649121, 51.5237546 ], [ 104.1708446, 51.5242489 ], [ 104.1731329, 51.5244 ], [ 104.1738521, 51.5243884 ], [ 104.1745713, 51.5243245 ], [ 104.1757762, 51.5241036 ], [ 104.1764486, 51.5239467 ], [ 104.1770838, 51.5237259 ], [ 104.1782162, 51.5232239 ], [ 104.1799047, 51.5221659 ], [ 104.1799698, 51.5220406 ], [ 104.1799605, 51.5219186 ], [ 104.1799138, 51.5218256 ], [ 104.1789798, 51.5212037 ], [ 104.1778984, 51.520474 ], [ 104.1767662, 51.5197101 ], [ 104.1760178, 51.5192324 ], [ 104.1753278, 51.5187919 ] ] } },
{ "type": "Feature", "properties": { }, "geometry": { "type": "LineString", "coordinates": [ [ 104.1663614, 51.5082177 ], [ 104.1658827, 51.5083526 ], [ 104.16565, 51.5085038 ], [ 104.1654533, 51.5086926 ], [ 104.1652854, 51.5088527 ], [ 104.1651958, 51.5090845 ] ] } },
{ "type": "Feature", "properties": { }, "geometry": { "type": "LineString", "coordinates": [ [ 104.1651958, 51.5090845 ], [ 104.1649922, 51.5087333 ], [ 104.1648205, 51.5086131 ], [ 104.1645952, 51.5085263 ], [ 104.1643162, 51.5084394 ], [ 104.1639287, 51.50836 ] ] } },
{ "type": "Feature", "properties": { }, "geometry": { "type": "LineString", "coordinates": [ [ 104.1385896, 51.5154268 ], [ 104.1391471, 51.5160424 ] ] } },
{ "type": "Feature", "properties": { }, "geometry": { "type": "LineString", "coordinates": [ [ 104.1391471, 51.5160424 ], [ 104.138258, 51.5156113 ] ] } },
{ "type": "Feature", "properties": { }, "geometry": { "type": "LineString", "coordinates": [ [ 104.1581482, 51.5085878 ], [ 104.1601918, 51.5085166 ] ] } },
{ "type": "Feature", "properties": { }, "geometry": { "type": "LineString", "coordinates": [ [ 104.1386504, 51.5151859 ], [ 104.1389931, 51.5150031 ] ] } },
{ "type": "Feature", "properties": { }, "geometry": { "type": "LineString", "coordinates": [ [ 104.1377831, 51.5156185 ], [ 104.137636, 51.5156918 ], [ 104.1374889, 51.515765 ], [ 104.1372653, 51.515879 ], [ 104.1367577, 51.516098 ], [ 104.1365004, 51.5162008 ], [ 104.1358387, 51.5164346 ], [ 104.1350849, 51.5166641 ], [ 104.1348086, 51.5167433 ], [ 104.1339437, 51.5169678 ], [ 104.1324518, 51.5172847 ], [ 104.1317344, 51.5174371 ], [ 104.1313998, 51.5175082 ], [ 104.1307651, 51.517643 ], [ 104.1302731, 51.5177534 ], [ 104.1301543, 51.5177801 ], [ 104.1301391, 51.5177835 ], [ 104.1293597, 51.5179358 ], [ 104.1291351, 51.5179797 ], [ 104.1266702, 51.5185021 ], [ 104.1259233, 51.518625 ] ] } },
{ "type": "Feature", "properties": { }, "geometry": { "type": "LineString", "coordinates": [ [ 104.1581482, 51.5085878 ], [ 104.1569068, 51.5086388 ], [ 104.1540313, 51.5087571 ], [ 104.1525985, 51.5089298 ], [ 104.1512559, 51.5092105 ], [ 104.1489001, 51.5099474 ], [ 104.1475465, 51.5105374 ], [ 104.1442046, 51.5122736 ], [ 104.1439745, 51.5123972 ] ] } },
{ "type": "Feature", "properties": { }, "geometry": { "type": "LineString", "coordinates": [ [ 104.138258, 51.5156113 ], [ 104.1377831, 51.5156185 ] ] } },
{ "type": "Feature", "properties": { }, "geometry": { "type": "LineString", "coordinates": [ [ 104.1386504, 51.5151859 ], [ 104.1385896, 51.5154268 ] ] } },
{ "type": "Feature", "properties": { }, "geometry": { "type": "LineString", "coordinates": [ [ 104.1651802, 51.5102268 ], [ 104.1651824, 51.5096772 ] ] } },
{ "type": "Feature", "properties": { }, "geometry": { "type": "LineString", "coordinates": [ [ 104.1651824, 51.5096772 ], [ 104.1651958, 51.5090845 ] ] } },
{ "type": "Feature", "properties": { }, "geometry": { "type": "LineString", "coordinates": [ [ 104.1611113, 51.5234948 ], [ 104.1649121, 51.5237546 ] ] } },
{ "type": "Feature", "properties": { }, "geometry": { "type": "LineString", "coordinates": [ [ 104.157481, 51.5232357 ], [ 104.1599655, 51.5234174 ] ] } },
{ "type": "Feature", "properties": { }, "geometry": { "type": "LineString", "coordinates": [ [ 104.14963, 51.523055 ], [ 104.1497972, 51.523053 ], [ 104.1504348, 51.5230649 ], [ 104.1516057, 51.5230723 ], [ 104.1526652, 51.5230788 ], [ 104.154159, 51.523088 ] ] } },
{ "type": "Feature", "properties": { }, "geometry": { "type": "LineString", "coordinates": [ [ 104.1679177, 51.5068332 ], [ 104.167774, 51.506693 ], [ 104.167387, 51.5065124 ], [ 104.1668645, 51.5063912 ], [ 104.1665809, 51.5063996 ], [ 104.1662916, 51.5064082 ], [ 104.1657852, 51.5065725 ], [ 104.1654247, 51.5068256 ], [ 104.165224, 51.5072062 ], [ 104.1651928, 51.5080649 ] ] } },
{ "type": "Feature", "properties": { }, "geometry": { "type": "LineString", "coordinates": [ [ 104.1674418, 51.5081028 ], [ 104.1677385, 51.5079865 ], [ 104.1678767, 51.5078689 ], [ 104.1679529, 51.5076916 ], [ 104.1680685, 51.50743 ], [ 104.1681023, 51.5072457 ], [ 104.1680713, 51.5071018 ], [ 104.1679177, 51.5068332 ] ] } },
{ "type": "Feature", "properties": { }, "geometry": { "type": "LineString", "coordinates": [ [ 104.1651958, 51.5090845 ], [ 104.1651848, 51.5085262 ] ] } },
{ "type": "Feature", "properties": { }, "geometry": { "type": "LineString", "coordinates": [ [ 104.1639287, 51.50836 ], [ 104.1601918, 51.5085166 ] ] } },
{ "type": "Feature", "properties": { }, "geometry": { "type": "LineString", "coordinates": [ [ 104.1674418, 51.5081028 ], [ 104.1663614, 51.5082177 ] ] } },
{ "type": "Feature", "properties": { }, "geometry": { "type": "LineString", "coordinates": [ [ 104.1691838, 51.5077796 ], [ 104.1687742, 51.5078797 ], [ 104.1674418, 51.5081028 ] ] } },
{ "type": "Feature", "properties": { }, "geometry": { "type": "LineString", "coordinates": [ [ 104.1663614, 51.5082177 ], [ 104.1656866, 51.5082894 ], [ 104.1646611, 51.5083306 ], [ 104.1639287, 51.50836 ] ] } },
{ "type": "Feature", "properties": { }, "geometry": { "type": "LineString", "coordinates": [ [ 104.1559157, 51.5206336 ], [ 104.1568468, 51.5206557 ], [ 104.1575069, 51.5206714 ] ] } },
{ "type": "Feature", "properties": { }, "geometry": { "type": "LineString", "coordinates": [ [ 104.1401765, 51.504943 ], [ 104.1433521, 51.5041542 ] ] } },
{ "type": "Feature", "properties": { }, "geometry": { "type": "LineString", "coordinates": [ [ 104.1411727, 51.5110003 ], [ 104.1420467, 51.5123982 ] ] } },
{ "type": "Feature", "properties": { }, "geometry": { "type": "LineString", "coordinates": [ [ 104.1412351, 51.5007932 ], [ 104.1414442, 51.5011529 ], [ 104.1417536, 51.5017441 ], [ 104.1419268, 51.5019862 ], [ 104.1425471, 51.5028533 ], [ 104.1427773, 51.5031751 ], [ 104.1428328, 51.5032526 ], [ 104.1431074, 51.5036365 ], [ 104.1431369, 51.5038536 ], [ 104.1433521, 51.5041542 ], [ 104.1436748, 51.5045895 ], [ 104.1440789, 51.5051304 ], [ 104.1441747, 51.5052368 ], [ 104.1447884, 51.5059863 ], [ 104.1450366, 51.5063333 ], [ 104.1458869, 51.5075219 ], [ 104.1460761, 51.5077864 ], [ 104.146381, 51.5082125 ], [ 104.1467726, 51.5085597 ], [ 104.1469665, 51.5088284 ], [ 104.1473895, 51.5094145 ], [ 104.1473648, 51.5096509 ], [ 104.147158, 51.5097623 ], [ 104.1455841, 51.5105925 ], [ 104.1448213, 51.5109948 ], [ 104.143451, 51.5117175 ], [ 104.1420467, 51.5123982 ], [ 104.1404913, 51.5132943 ], [ 104.1397152, 51.5136972 ], [ 104.1396152, 51.5138258 ], [ 104.1396014, 51.5139775 ], [ 104.1397054, 51.514206 ], [ 104.139895, 51.5145225 ] ] } },
{ "type": "Feature", "properties": { }, "geometry": { "type": "LineString", "coordinates": [ [ 104.1755238, 51.5193562 ], [ 104.1657264, 51.5193079 ], [ 104.1649745, 51.5192493 ] ] } },
{ "type": "Feature", "properties": { }, "geometry": { "type": "LineString", "coordinates": [ [ 104.1491708, 51.5216366 ], [ 104.1487056, 51.5216414 ], [ 104.1476842, 51.5216265 ], [ 104.1468703, 51.5216146 ], [ 104.1465736, 51.5216138 ], [ 104.1447813, 51.5216091 ], [ 104.1443226, 51.5216078 ], [ 104.1443206, 51.5214022 ], [ 104.1443178, 51.5211143 ], [ 104.1447704, 51.5211104 ], [ 104.1464635, 51.521096 ], [ 104.1465734, 51.5210951 ], [ 104.1477101, 51.5210905 ], [ 104.1489887, 51.5210743 ], [ 104.1493003, 51.521072 ], [ 104.1494784, 51.5210742 ], [ 104.1495609, 51.5210748 ], [ 104.1510138, 51.5210847 ] ] } },
{ "type": "Feature", "properties": { }, "geometry": { "type": "LineString", "coordinates": [ [ 104.1396722, 51.5098378 ], [ 104.1403672, 51.5096486 ], [ 104.1408266, 51.5095235 ], [ 104.1413062, 51.5093929 ], [ 104.1413889, 51.5093704 ] ] } },
{ "type": "Feature", "properties": { }, "geometry": { "type": "LineString", "coordinates": [ [ 104.1391422, 51.5081761 ], [ 104.1406459, 51.5077438 ] ] } },
{ "type": "Feature", "properties": { }, "geometry": { "type": "LineString", "coordinates": [ [ 104.1398761, 51.5047093 ], [ 104.1396822, 51.5047648 ], [ 104.1389348, 51.50499 ], [ 104.1388436, 51.5050363 ], [ 104.1388303, 51.5051047 ], [ 104.1392743, 51.505751 ], [ 104.13982, 51.5065839 ], [ 104.1404343, 51.5074232 ], [ 104.1406459, 51.5077438 ], [ 104.1406732, 51.5077918 ], [ 104.1407124, 51.5078086 ], [ 104.1407989, 51.5078083 ], [ 104.141287, 51.5076876 ], [ 104.1413596, 51.507696 ], [ 104.1414079, 51.5077376 ], [ 104.1420111, 51.5085624 ], [ 104.1420313, 51.5091836 ] ] } },
{ "type": "Feature", "properties": { }, "geometry": { "type": "LineString", "coordinates": [ [ 104.1258567, 51.5216927 ], [ 104.1265434, 51.5214591 ], [ 104.1277632, 51.5211944 ], [ 104.1289909, 51.5209309 ], [ 104.129049, 51.5209184 ], [ 104.1294454, 51.5208334 ], [ 104.1305438, 51.5205976 ], [ 104.1309185, 51.5205172 ], [ 104.1327522, 51.5201032 ] ] } },
{ "type": "Feature", "properties": { }, "geometry": { "type": "LineString", "coordinates": [ [ 104.1450366, 51.5063333 ], [ 104.1451708, 51.5062963 ], [ 104.1460585, 51.5060554 ], [ 104.1461177, 51.5060544 ], [ 104.1461599, 51.5060733 ], [ 104.1464816, 51.5065536 ], [ 104.1467097, 51.506888 ], [ 104.1467942, 51.5070119 ], [ 104.1471213, 51.5074913 ], [ 104.1460761, 51.5077864 ] ] } },
{ "type": "Feature", "properties": { }, "geometry": { "type": "LineString", "coordinates": [ [ 104.1503185, 51.5064029 ], [ 104.1502629, 51.5063798 ], [ 104.1501702, 51.5063413 ], [ 104.1489818, 51.5058476 ], [ 104.1489523, 51.5058498 ], [ 104.1477057, 51.5053618 ], [ 104.1470546, 51.5050933 ], [ 104.1468051, 51.5049956 ], [ 104.1449965, 51.5042568 ], [ 104.1445455, 51.5043687 ], [ 104.1436748, 51.5045895 ], [ 104.1427515, 51.504849 ], [ 104.1404021, 51.5054637 ], [ 104.1392743, 51.505751 ] ] } },
{ "type": "Feature", "properties": { }, "geometry": { "type": "LineString", "coordinates": [ [ 104.1483411, 51.5242985 ], [ 104.1483873, 51.523055 ] ] } },
{ "type": "Feature", "properties": { }, "geometry": { "type": "LineString", "coordinates": [ [ 104.147198, 51.5242932 ], [ 104.1472393, 51.5230551 ] ] } },
{ "type": "Feature", "properties": { }, "geometry": { "type": "LineString", "coordinates": [ [ 104.1439079, 51.5102192 ], [ 104.1435024, 51.5096509 ], [ 104.1423366, 51.5099585 ] ] } },
{ "type": "Feature", "properties": { }, "geometry": { "type": "LineString", "coordinates": [ [ 104.140427, 51.5111358 ], [ 104.1411727, 51.5110003 ], [ 104.1427191, 51.5105472 ] ] } },
{ "type": "Feature", "properties": { }, "geometry": { "type": "LineString", "coordinates": [ [ 104.1420111, 51.5085624 ], [ 104.1424255, 51.5084511 ], [ 104.1458869, 51.5075219 ] ] } },
{ "type": "Feature", "properties": { }, "geometry": { "type": "LineString", "coordinates": [ [ 104.1510207, 51.5213919 ], [ 104.1515062, 51.5216483 ], [ 104.1520211, 51.521635 ], [ 104.1524932, 51.5218553 ], [ 104.1536673, 51.5218529 ], [ 104.1542061, 51.5218518 ], [ 104.1544649, 51.5218513 ], [ 104.1557977, 51.5218486 ], [ 104.1558226, 51.5231449 ] ] } },
{ "type": "Feature", "properties": { }, "geometry": { "type": "LineString", "coordinates": [ [ 104.1248268, 51.5235151 ], [ 104.1255992, 51.5235018 ], [ 104.1259643, 51.523592 ], [ 104.1260681, 51.5236176 ], [ 104.1272336, 51.5236252 ], [ 104.127733, 51.5236284 ], [ 104.1282151, 51.5236316 ], [ 104.1288868, 51.523636 ], [ 104.129524, 51.5236401 ], [ 104.1298858, 51.5236425 ], [ 104.1307642, 51.5236482 ], [ 104.1308901, 51.523649 ], [ 104.1312576, 51.5236514 ], [ 104.1317916, 51.5236549 ], [ 104.1321419, 51.5236572 ], [ 104.1331179, 51.523682 ], [ 104.1333704, 51.5236836 ], [ 104.1338288, 51.5236884 ] ] } },
{ "type": "Feature", "properties": { }, "geometry": { "type": "LineString", "coordinates": [ [ 104.1396722, 51.5098378 ], [ 104.1388949, 51.5101526 ], [ 104.1386235, 51.5101976 ] ] } },
{ "type": "Feature", "properties": { }, "geometry": { "type": "LineString", "coordinates": [ [ 104.1367642, 51.5062055 ], [ 104.1374573, 51.5060926 ] ] } },
{ "type": "Feature", "properties": { }, "geometry": { "type": "LineString", "coordinates": [ [ 104.1374573, 51.5060926 ], [ 104.1392743, 51.505751 ] ] } },
{ "type": "Feature", "properties": { }, "geometry": { "type": "LineString", "coordinates": [ [ 104.1360561, 51.5063257 ], [ 104.1367642, 51.5062055 ] ] } },
{ "type": "Feature", "properties": { }, "geometry": { "type": "LineString", "coordinates": [ [ 104.1318729, 51.5047363 ], [ 104.1317656, 51.5029465 ], [ 104.1318941, 51.5026488 ], [ 104.1322213, 51.5021312 ], [ 104.1323233, 51.5015668 ], [ 104.1323769, 51.5011561 ], [ 104.1326559, 51.5005684 ], [ 104.1327846, 51.5002177 ], [ 104.1328168, 51.4998972 ], [ 104.13279, 51.4993962 ], [ 104.1327237, 51.4988342 ], [ 104.1326129, 51.498391 ], [ 104.1325003, 51.4978133 ], [ 104.13257, 51.4975662 ], [ 104.1328061, 51.4973391 ], [ 104.1329724, 51.4971554 ], [ 104.1330957, 51.4969817 ], [ 104.1331547, 51.4965476 ], [ 104.1334766, 51.4963839 ], [ 104.1338199, 51.4962637 ] ] } },
{ "type": "Feature", "properties": { }, "geometry": { "type": "LineString", "coordinates": [ [ 104.1318729, 51.5047363 ], [ 104.1303505, 51.5050041 ], [ 104.1262145, 51.5054615 ] ] } },
{ "type": "Feature", "properties": { }, "geometry": { "type": "LineString", "coordinates": [ [ 104.1393374, 51.511262 ], [ 104.1401765, 51.511033 ], [ 104.1404769, 51.5109395 ], [ 104.1402407, 51.5105748 ], [ 104.1401872, 51.5104922 ], [ 104.1400547, 51.5105329 ] ] } },
{ "type": "Feature", "properties": { }, "geometry": { "type": "LineString", "coordinates": [ [ 104.1402407, 51.5105748 ], [ 104.1408739, 51.5104187 ], [ 104.1404578, 51.5097863 ], [ 104.1403672, 51.5096486 ] ] } },
{ "type": "Feature", "properties": { }, "geometry": { "type": "LineString", "coordinates": [ [ 104.146818, 51.5133039 ], [ 104.146281, 51.5131229 ] ] } },
{ "type": "Feature", "properties": { }, "geometry": { "type": "LineString", "coordinates": [ [ 104.1473821, 51.5159425 ], [ 104.1472681, 51.5156331 ], [ 104.147193, 51.5153193 ], [ 104.1472471, 51.5149931 ], [ 104.1471184, 51.5145725 ], [ 104.1471613, 51.5141652 ], [ 104.1470749, 51.5139439 ] ] } },
{ "type": "Feature", "properties": { }, "geometry": { "type": "LineString", "coordinates": [ [ 104.1470749, 51.5139439 ], [ 104.1470056, 51.5137609 ], [ 104.1469891, 51.5137172 ], [ 104.1468926, 51.5134969 ], [ 104.146818, 51.5133039 ] ] } },
{ "type": "Feature", "properties": { }, "geometry": { "type": "LineString", "coordinates": [ [ 104.1455622, 51.5130361 ], [ 104.1451089, 51.5129567 ] ] } },
{ "type": "Feature", "properties": { }, "geometry": { "type": "LineString", "coordinates": [ [ 104.1451089, 51.5129567 ], [ 104.1448433, 51.5128228 ], [ 104.1446078, 51.5126556 ], [ 104.1442871, 51.5124104 ] ] } },
{ "type": "Feature", "properties": { }, "geometry": { "type": "LineString", "coordinates": [ [ 104.146281, 51.5131229 ], [ 104.1455622, 51.5130361 ] ] } },
{ "type": "Feature", "properties": { }, "geometry": { "type": "LineString", "coordinates": [ [ 104.1511203, 51.5153336 ], [ 104.1514314, 51.515327 ], [ 104.1515918, 51.5153193 ], [ 104.1517318, 51.5152068 ], [ 104.1517211, 51.5149664 ], [ 104.1516641, 51.5146128 ], [ 104.1515274, 51.5137639 ] ] } },
{ "type": "Feature", "properties": { }, "geometry": { "type": "LineString", "coordinates": [ [ 104.1480389, 51.5147177 ], [ 104.1478372, 51.5142787 ], [ 104.1478052, 51.5142243 ], [ 104.1481753, 51.5141609 ] ] } },
{ "type": "Feature", "properties": { }, "geometry": { "type": "LineString", "coordinates": [ [ 104.1472471, 51.5149931 ], [ 104.1474632, 51.5149885 ], [ 104.1478694, 51.5149798 ], [ 104.1503478, 51.5145191 ], [ 104.1500361, 51.5138641 ], [ 104.1499858, 51.5138454 ], [ 104.1489162, 51.5140318 ], [ 104.1485405, 51.5140972 ], [ 104.1481753, 51.5141609 ], [ 104.148202, 51.5142053 ] ] } },
{ "type": "Feature", "properties": { }, "geometry": { "type": "LineString", "coordinates": [ [ 104.1514314, 51.515327 ], [ 104.1511948, 51.5137973 ] ] } },
{ "type": "Feature", "properties": { }, "geometry": { "type": "LineString", "coordinates": [ [ 104.1516641, 51.5146128 ], [ 104.1530407, 51.5146059 ], [ 104.1539307, 51.5145915 ], [ 104.153995, 51.5147117 ], [ 104.1541023, 51.5153193 ], [ 104.1542961, 51.515356 ], [ 104.1543812, 51.5153508 ], [ 104.154736, 51.5153293 ], [ 104.1549345, 51.5152041 ], [ 104.1554108, 51.5144271 ], [ 104.1556855, 51.5139789 ] ] } },
{ "type": "Feature", "properties": { }, "geometry": { "type": "LineString", "coordinates": [ [ 104.1472471, 51.5149931 ], [ 104.147431, 51.5149145 ], [ 104.1477503, 51.5147781 ], [ 104.1480389, 51.5147177 ], [ 104.1483629, 51.5146593 ], [ 104.1483415, 51.5145525 ], [ 104.148202, 51.5142053 ] ] } },
{ "type": "Feature", "properties": { }, "geometry": { "type": "LineString", "coordinates": [ [ 104.150658, 51.5156221 ], [ 104.1508842, 51.5156007 ], [ 104.1511203, 51.5153336 ], [ 104.1511417, 51.5152268 ], [ 104.1511097, 51.5149536 ], [ 104.1510674, 51.514592 ], [ 104.1510446, 51.5143979 ], [ 104.1510213, 51.514195 ], [ 104.1509481, 51.5135569 ], [ 104.1541667, 51.5130094 ] ] } },
{ "type": "Feature", "properties": { }, "geometry": { "type": "LineString", "coordinates": [ [ 104.1511417, 51.5152268 ], [ 104.147966, 51.5152335 ] ] } },
{ "type": "Feature", "properties": { }, "geometry": { "type": "LineString", "coordinates": [ [ 104.1471613, 51.5141652 ], [ 104.1501965, 51.5136564 ], [ 104.1505518, 51.5143495 ], [ 104.1508495, 51.5143044 ], [ 104.1505169, 51.5134164 ] ] } },
{ "type": "Feature", "properties": { }, "geometry": { "type": "LineString", "coordinates": [ [ 104.1510674, 51.514592 ], [ 104.1495426, 51.5148319 ] ] } },
{ "type": "Feature", "properties": { }, "geometry": { "type": "LineString", "coordinates": [ [ 104.120972, 51.5154788 ], [ 104.1207809, 51.5152476 ], [ 104.1197215, 51.5155659 ], [ 104.1196425, 51.515567 ], [ 104.119534, 51.515505 ], [ 104.1192401, 51.5151392 ], [ 104.1192227, 51.5150891 ], [ 104.1192769, 51.5150467 ], [ 104.1197527, 51.5148507 ], [ 104.1203453, 51.514592 ], [ 104.1207067, 51.514475 ], [ 104.1212754, 51.5151659 ], [ 104.1213786, 51.5152214 ], [ 104.1215185, 51.5152464 ], [ 104.1216565, 51.5152459 ] ] } },
{ "type": "Feature", "properties": { }, "geometry": { "type": "LineString", "coordinates": [ [ 104.1248552, 51.5159256 ], [ 104.1230457, 51.5162237 ], [ 104.1228701, 51.5160698 ], [ 104.1226029, 51.5161005 ], [ 104.1225336, 51.516136 ], [ 104.1225404, 51.5161851 ], [ 104.1228007, 51.5169381 ], [ 104.1230531, 51.5175985 ], [ 104.1231285, 51.5178393 ], [ 104.1221606, 51.5179839 ] ] } },
{ "type": "Feature", "properties": { }, "geometry": { "type": "LineString", "coordinates": [ [ 104.1210694, 51.5180724 ], [ 104.1209455, 51.5178037 ], [ 104.1207984, 51.5174268 ], [ 104.1204084, 51.5163493 ], [ 104.1204345, 51.5160888 ] ] } },
{ "type": "Feature", "properties": { }, "geometry": { "type": "LineString", "coordinates": [ [ 104.1214735, 51.5124311 ], [ 104.1221331, 51.512752 ], [ 104.1222971, 51.5128783 ], [ 104.1223839, 51.5129758 ] ] } },
{ "type": "Feature", "properties": { }, "geometry": { "type": "LineString", "coordinates": [ [ 104.120972, 51.5154788 ], [ 104.1216565, 51.5152459 ], [ 104.1237126, 51.5145678 ] ] } },
{ "type": "Feature", "properties": { }, "geometry": { "type": "LineString", "coordinates": [ [ 104.1207984, 51.5174268 ], [ 104.1215805, 51.5172927 ], [ 104.1217278, 51.5172459 ], [ 104.1217925, 51.5171991 ], [ 104.1218251, 51.5171573 ], [ 104.1219622, 51.5170935 ], [ 104.1221199, 51.5170489 ], [ 104.1228007, 51.5169381 ], [ 104.1251674, 51.516595 ] ] } },
{ "type": "Feature", "properties": { }, "geometry": { "type": "LineString", "coordinates": [ [ 104.1230531, 51.5175985 ], [ 104.1254057, 51.5172227 ] ] } },
{ "type": "Feature", "properties": { }, "geometry": { "type": "LineString", "coordinates": [ [ 104.1204084, 51.5163493 ], [ 104.1213161, 51.5159857 ], [ 104.1240776, 51.5150004 ] ] } },
{ "type": "Feature", "properties": { }, "geometry": { "type": "LineString", "coordinates": [ [ 104.1221094, 51.5102963 ], [ 104.1216691, 51.510352 ], [ 104.1210734, 51.5104904 ], [ 104.1200898, 51.5107354 ], [ 104.1200178, 51.5108447 ], [ 104.1191678, 51.511038 ] ] } },
{ "type": "Feature", "properties": { }, "geometry": { "type": "LineString", "coordinates": [ [ 104.1238596, 51.5119819 ], [ 104.1231302, 51.5113472 ], [ 104.1225845, 51.5109434 ], [ 104.1223822, 51.5109899 ], [ 104.1223435, 51.5111925 ] ] } },
{ "type": "Feature", "properties": { }, "geometry": { "type": "LineString", "coordinates": [ [ 104.1231302, 51.5113472 ], [ 104.1230663, 51.5113712 ], [ 104.1220047, 51.5113556 ] ] } },
{ "type": "Feature", "properties": { }, "geometry": { "type": "LineString", "coordinates": [ [ 104.1248216, 51.5187892 ], [ 104.1248405, 51.518844 ], [ 104.1254766, 51.5187604 ], [ 104.1258349, 51.5189031 ], [ 104.1261106, 51.5189148 ], [ 104.1263627, 51.5190856 ], [ 104.1268836, 51.5193875 ], [ 104.1273882, 51.5196815 ], [ 104.1280132, 51.5199174 ], [ 104.1282286, 51.5199404 ] ] } },
{ "type": "Feature", "properties": { }, "geometry": { "type": "LineString", "coordinates": [ [ 104.1282286, 51.5199404 ], [ 104.1282998, 51.5201406 ] ] } },
{ "type": "Feature", "properties": { }, "geometry": { "type": "LineString", "coordinates": [ [ 104.1282998, 51.5201406 ], [ 104.1284564, 51.5202025 ], [ 104.1287085, 51.5202765 ], [ 104.1292574, 51.5202715 ], [ 104.1297437, 51.520263 ], [ 104.1300786, 51.5202707 ], [ 104.1305529, 51.520362 ], [ 104.1309185, 51.5205172 ] ] } },
{ "type": "Feature", "properties": { }, "geometry": { "type": "LineString", "coordinates": [ [ 104.1336114, 51.5258416 ], [ 104.1335743, 51.5259855 ], [ 104.1336238, 51.5260149 ], [ 104.1336921, 51.5260555 ], [ 104.1341308, 51.5261158 ], [ 104.1349887, 51.5262609 ], [ 104.1355273, 51.5263827 ], [ 104.1362579, 51.5265551 ], [ 104.1369865, 51.526686 ], [ 104.1371525, 51.5267476 ] ] } },
{ "type": "Feature", "properties": { }, "geometry": { "type": "LineString", "coordinates": [ [ 104.1336238, 51.5260149 ], [ 104.1335316, 51.5261028 ], [ 104.1334366, 51.5263216 ], [ 104.1333302, 51.5265138 ], [ 104.1331542, 51.5266859 ] ] } },
{ "type": "Feature", "properties": { }, "geometry": { "type": "LineString", "coordinates": [ [ 104.1273322, 51.5253657 ], [ 104.122485, 51.5252579 ], [ 104.1205774, 51.5252268 ], [ 104.1194507, 51.5252243 ], [ 104.1190853, 51.5252755 ], [ 104.118788, 51.5252594 ], [ 104.1184849, 51.5251944 ], [ 104.1107226, 51.5250953 ], [ 104.1088555, 51.5258913 ], [ 104.1014996, 51.529018 ], [ 104.1011918, 51.5291756 ] ] } },
{ "type": "Feature", "properties": { }, "geometry": { "type": "LineString", "coordinates": [ [ 104.1377085, 51.525686 ], [ 104.1373888, 51.5262284 ], [ 104.1372482, 51.5264748 ], [ 104.1371251, 51.5266471 ], [ 104.1371525, 51.5267476 ], [ 104.1372374, 51.5267853 ], [ 104.1372724, 51.5268009 ], [ 104.1377874, 51.5267773 ], [ 104.1387142, 51.5266185 ], [ 104.1394331, 51.5265284 ], [ 104.1394967, 51.5264853 ], [ 104.1396792, 51.5263644 ], [ 104.1398783, 51.5262267 ], [ 104.1400574, 51.526136 ], [ 104.1402486, 51.5260391 ], [ 104.1409732, 51.5253022 ], [ 104.1417353, 51.5245255 ], [ 104.1420871, 51.5242088 ], [ 104.1421148, 51.5238228 ], [ 104.1421226, 51.5234993 ], [ 104.1419517, 51.5234158 ], [ 104.141522, 51.5233761 ], [ 104.1412927, 51.5232978 ] ] } },
{ "type": "Feature", "properties": { }, "geometry": { "type": "LineString", "coordinates": [ [ 104.1483411, 51.5242985 ], [ 104.148354, 51.5246273 ], [ 104.1481613, 51.5247733 ], [ 104.1481544, 51.5258259 ], [ 104.148154, 51.525887 ], [ 104.1481829, 51.52609 ], [ 104.148571, 51.5262198 ], [ 104.1486851, 51.5263365 ], [ 104.1486769, 51.5264781 ], [ 104.1486747, 51.526516 ], [ 104.1485551, 51.5265932 ], [ 104.1486055, 51.5268 ], [ 104.1485834, 51.5271555 ], [ 104.1484296, 51.5273429 ], [ 104.1480558, 51.5275605 ], [ 104.1476063, 51.5278586 ], [ 104.1476059, 51.5278839 ], [ 104.1476048, 51.5279521 ], [ 104.1474025, 51.5281171 ] ] } },
{ "type": "Feature", "properties": { }, "geometry": { "type": "LineString", "coordinates": [ [ 104.1510314, 51.520544 ], [ 104.1510259, 51.520714 ], [ 104.1510138, 51.5210847 ] ] } },
{ "type": "Feature", "properties": { }, "geometry": { "type": "LineString", "coordinates": [ [ 104.1654158, 51.5156068 ], [ 104.1666682, 51.5156152 ], [ 104.1666425, 51.5164945 ] ] } },
{ "type": "Feature", "properties": { }, "geometry": { "type": "LineString", "coordinates": [ [ 104.1656636, 51.5119809 ], [ 104.1655885, 51.5135433 ], [ 104.1674532, 51.5135309 ], [ 104.1687265, 51.5135224 ], [ 104.1688677, 51.5135214 ] ] } },
{ "type": "Feature", "properties": { }, "geometry": { "type": "LineString", "coordinates": [ [ 104.1655885, 51.5135433 ], [ 104.1654158, 51.5156068 ], [ 104.1654061, 51.5157232 ], [ 104.1655095, 51.5165098 ], [ 104.1659654, 51.5168019 ], [ 104.1659815, 51.5170072 ], [ 104.165767, 51.5171675 ], [ 104.1652627, 51.5171758 ], [ 104.165005, 51.5171675 ] ] } },
{ "type": "Feature", "properties": { }, "geometry": { "type": "LineString", "coordinates": [ [ 104.1511097, 51.5149536 ], [ 104.1496962, 51.5150122 ] ] } },
{ "type": "Feature", "properties": { }, "geometry": { "type": "LineString", "coordinates": [ [ 104.1534518, 51.516886 ], [ 104.1523253, 51.516881 ] ] } },
{ "type": "Feature", "properties": { }, "geometry": { "type": "LineString", "coordinates": [ [ 104.1447813, 51.5216091 ], [ 104.1447704, 51.5211104 ] ] } },
{ "type": "Feature", "properties": { }, "geometry": { "type": "LineString", "coordinates": [ [ 104.1494806, 51.5221906 ], [ 104.1500218, 51.5219949 ] ] } },
{ "type": "Feature", "properties": { }, "geometry": { "type": "LineString", "coordinates": [ [ 104.1547393, 51.5190357 ], [ 104.1547192, 51.5194338 ] ] } },
{ "type": "Feature", "properties": { }, "geometry": { "type": "LineString", "coordinates": [ [ 104.1493746, 51.52295 ], [ 104.1493438, 51.5229892 ] ] } },
{ "type": "Feature", "properties": { }, "geometry": { "type": "LineString", "coordinates": [ [ 104.1487037, 51.514493 ], [ 104.1485405, 51.5140972 ] ] } },
{ "type": "Feature", "properties": { }, "geometry": { "type": "LineString", "coordinates": [ [ 104.1489122, 51.5170081 ], [ 104.1489007, 51.5176644 ], [ 104.1488988, 51.5177714 ], [ 104.1488968, 51.5178807 ] ] } },
{ "type": "Feature", "properties": { }, "geometry": { "type": "LineString", "coordinates": [ [ 104.1484849, 51.5170103 ], [ 104.1489122, 51.5170081 ], [ 104.1494406, 51.5170053 ] ] } },
{ "type": "Feature", "properties": { }, "geometry": { "type": "LineString", "coordinates": [ [ 104.1497019, 51.5229183 ], [ 104.1495965, 51.5229516 ], [ 104.1493746, 51.52295 ] ] } },
{ "type": "Feature", "properties": { }, "geometry": { "type": "LineString", "coordinates": [ [ 104.149773, 51.5229617 ], [ 104.1497972, 51.523053 ], [ 104.149789, 51.5231452 ] ] } },
{ "type": "Feature", "properties": { }, "geometry": { "type": "LineString", "coordinates": [ [ 104.1546062, 51.5170731 ], [ 104.1546047, 51.5172392 ], [ 104.1546001, 51.5177556 ], [ 104.1545998, 51.5177856 ] ] } },
{ "type": "Feature", "properties": { }, "geometry": { "type": "LineString", "coordinates": [ [ 104.150889, 51.5165872 ], [ 104.150889, 51.5171422 ], [ 104.150889, 51.517506 ] ] } },
{ "type": "Feature", "properties": { }, "geometry": { "type": "LineString", "coordinates": [ [ 104.1560905, 51.5169867 ], [ 104.156112, 51.5168031 ], [ 104.1560902, 51.5167462 ] ] } },
{ "type": "Feature", "properties": { }, "geometry": { "type": "LineString", "coordinates": [ [ 104.1493438, 51.5229892 ], [ 104.1493465, 51.523055 ], [ 104.1493309, 51.5231655 ] ] } },
{ "type": "Feature", "properties": { }, "geometry": { "type": "LineString", "coordinates": [ [ 104.1483629, 51.5146593 ], [ 104.1484945, 51.5146967 ], [ 104.1491329, 51.5145848 ] ] } },
{ "type": "Feature", "properties": { }, "geometry": { "type": "LineString", "coordinates": [ [ 104.1502023, 51.5162375 ], [ 104.1501996, 51.5165864 ], [ 104.1502747, 51.5165897 ] ] } },
{ "type": "Feature", "properties": { }, "geometry": { "type": "LineString", "coordinates": [ [ 104.1543812, 51.5153508 ], [ 104.1544383, 51.5156865 ], [ 104.154736, 51.5153293 ] ] } },
{ "type": "Feature", "properties": { }, "geometry": { "type": "LineString", "coordinates": [ [ 104.148483, 51.5161432 ], [ 104.1484841, 51.5166669 ], [ 104.1484849, 51.5170103 ], [ 104.1484857, 51.5173458 ] ] } },
{ "type": "Feature", "properties": { }, "geometry": { "type": "LineString", "coordinates": [ [ 104.1485311, 51.5196608 ], [ 104.1489045, 51.5196571 ], [ 104.1489989, 51.5196576 ], [ 104.1503577, 51.5196655 ] ] } },
{ "type": "Feature", "properties": { }, "geometry": { "type": "LineString", "coordinates": [ [ 104.14897, 51.5161423 ], [ 104.148483, 51.5161432 ], [ 104.1479358, 51.5161441 ] ] } },
{ "type": "Feature", "properties": { }, "geometry": { "type": "LineString", "coordinates": [ [ 104.1489605, 51.5155798 ], [ 104.14897, 51.5161423 ], [ 104.1489362, 51.516748 ] ] } },
{ "type": "Feature", "properties": { }, "geometry": { "type": "LineString", "coordinates": [ [ 104.1544383, 51.5156865 ], [ 104.1549211, 51.5168265 ], [ 104.154905, 51.5170285 ], [ 104.1547776, 51.5171546 ] ] } },
{ "type": "Feature", "properties": { }, "geometry": { "type": "LineString", "coordinates": [ [ 104.1535942, 51.5166546 ], [ 104.1534518, 51.516886 ], [ 104.1534518, 51.5171411 ], [ 104.1534518, 51.5174485 ], [ 104.1534518, 51.5177539 ], [ 104.1546001, 51.5177556 ] ] } },
{ "type": "Feature", "properties": { }, "geometry": { "type": "LineString", "coordinates": [ [ 104.1493095, 51.5211674 ], [ 104.1491587, 51.5213022 ], [ 104.1493586, 51.5218334 ], [ 104.1494806, 51.5221906 ] ] } },
{ "type": "Feature", "properties": { }, "geometry": { "type": "LineString", "coordinates": [ [ 104.1512898, 51.5171387 ], [ 104.1512792, 51.5179458 ], [ 104.1517325, 51.5179425 ], [ 104.1517351, 51.5171348 ] ] } },
{ "type": "Feature", "properties": { }, "geometry": { "type": "LineString", "coordinates": [ [ 104.1522656, 51.5161182 ], [ 104.1521147, 51.5163033 ], [ 104.1518867, 51.516583 ], [ 104.150889, 51.5165872 ], [ 104.1502747, 51.5165897 ] ] } },
{ "type": "Feature", "properties": { }, "geometry": { "type": "LineString", "coordinates": [ [ 104.150889, 51.5171422 ], [ 104.1512898, 51.5171387 ], [ 104.1517351, 51.5171348 ], [ 104.1518385, 51.5171338 ] ] } },
{ "type": "Feature", "properties": { }, "geometry": { "type": "LineString", "coordinates": [ [ 104.1445871, 51.5202108 ], [ 104.1445147, 51.5203026 ], [ 104.1445201, 51.5207783 ], [ 104.146356, 51.5207841 ] ] } },
{ "type": "Feature", "properties": { }, "geometry": { "type": "LineString", "coordinates": [ [ 104.1494137, 51.5155911 ], [ 104.1493869, 51.5162375 ], [ 104.1494528, 51.5162375 ], [ 104.1502023, 51.5162375 ], [ 104.1503311, 51.5162375 ] ] } },
{ "type": "Feature", "properties": { }, "geometry": { "type": "LineString", "coordinates": [ [ 104.1483415, 51.5145525 ], [ 104.1487037, 51.514493 ], [ 104.1491007, 51.5143812 ], [ 104.1489162, 51.5140318 ] ] } },
{ "type": "Feature", "properties": { }, "geometry": { "type": "LineString", "coordinates": [ [ 104.1559161, 51.5205544 ], [ 104.1545944, 51.5205311 ], [ 104.1545891, 51.5197534 ], [ 104.1542503, 51.5197527 ], [ 104.1530227, 51.5197501 ] ] } },
{ "type": "Feature", "properties": { }, "geometry": { "type": "LineString", "coordinates": [ [ 104.1492398, 51.5218497 ], [ 104.1493586, 51.5218334 ], [ 104.1496495, 51.5217934 ], [ 104.1503201, 51.5216566 ], [ 104.1509853, 51.5216499 ] ] } },
{ "type": "Feature", "properties": { }, "geometry": { "type": "LineString", "coordinates": [ [ 104.1565203, 51.5187771 ], [ 104.1565149, 51.5193896 ], [ 104.1559221, 51.5193729 ], [ 104.1559202, 51.5197424 ], [ 104.1559161, 51.5205544 ], [ 104.1559157, 51.5206336 ] ] } },
{ "type": "Feature", "properties": { }, "geometry": { "type": "LineString", "coordinates": [ [ 104.1494806, 51.5221906 ], [ 104.1496137, 51.5225546 ], [ 104.1497019, 51.5229183 ], [ 104.149773, 51.5229617 ], [ 104.1499446, 51.5229549 ], [ 104.1508466, 51.5229549 ], [ 104.1516093, 51.5229666 ], [ 104.1526651, 51.5229735 ] ] } },
{ "type": "Feature", "properties": { }, "geometry": { "type": "LineString", "coordinates": [ [ 104.1568903, 51.5187771 ], [ 104.1565203, 51.5187771 ], [ 104.1555998, 51.518777 ], [ 104.15475, 51.518777 ], [ 104.1536449, 51.518777 ], [ 104.1536449, 51.5190257 ], [ 104.1547393, 51.5190357 ], [ 104.15475, 51.518777 ] ] } },
{ "type": "Feature", "properties": { }, "geometry": { "type": "LineString", "coordinates": [ [ 104.1479619, 51.5179027 ], [ 104.1482783, 51.5178953 ], [ 104.1488968, 51.5178807 ], [ 104.1491428, 51.5178749 ], [ 104.1495023, 51.5177915 ], [ 104.1498424, 51.5177899 ], [ 104.150897, 51.5177848 ], [ 104.150889, 51.517506 ] ] } },
{ "type": "Feature", "properties": { }, "geometry": { "type": "LineString", "coordinates": [ [ 104.1542061, 51.5218518 ], [ 104.1542159, 51.5210892 ], [ 104.1542168, 51.5210228 ], [ 104.1548953, 51.5210595 ], [ 104.1549061, 51.5208459 ], [ 104.1556329, 51.5208526 ], [ 104.155641, 51.5209978 ], [ 104.1564778, 51.5210011 ] ] } },
{ "type": "Feature", "properties": { }, "geometry": { "type": "LineString", "coordinates": [ [ 104.1464635, 51.521096 ], [ 104.1463737, 51.5208355 ], [ 104.146356, 51.5207841 ], [ 104.1463651, 51.520656 ], [ 104.1463923, 51.5202726 ], [ 104.146348, 51.5202434 ], [ 104.1462581, 51.5202209 ], [ 104.1445871, 51.5202108 ], [ 104.1445174, 51.5201257 ], [ 104.1446086, 51.5181229 ] ] } },
{ "type": "Feature", "properties": { }, "geometry": { "type": "LineString", "coordinates": [ [ 104.147431, 51.5149145 ], [ 104.1474632, 51.5149885 ], [ 104.1476682, 51.5156577 ], [ 104.1482783, 51.5178953 ], [ 104.1489045, 51.5196571 ], [ 104.1493003, 51.521072 ], [ 104.1493095, 51.5211674 ], [ 104.1496495, 51.5217934 ] ] } },
{ "type": "Feature", "properties": { }, "geometry": { "type": "LineString", "coordinates": [ [ 104.1550121, 51.5172662 ], [ 104.1553422, 51.5171737 ], [ 104.1560932, 51.517182 ], [ 104.1560905, 51.5169867 ], [ 104.1554146, 51.5169617 ], [ 104.1555326, 51.5159035 ], [ 104.1558894, 51.5159202 ], [ 104.155817, 51.5167047 ], [ 104.1560902, 51.5167462 ] ] } },
{ "type": "Feature", "properties": { }, "geometry": { "type": "LineString", "coordinates": [ [ 104.1468051, 51.5049956 ], [ 104.1465151, 51.5052277 ] ] } },
{ "type": "Feature", "properties": { }, "geometry": { "type": "LineString", "coordinates": [ [ 104.1451708, 51.5062963 ], [ 104.1449124, 51.5059533 ] ] } },
{ "type": "Feature", "properties": { }, "geometry": { "type": "LineString", "coordinates": [ [ 104.1427515, 51.504849 ], [ 104.1432399, 51.5054954 ], [ 104.1436287, 51.5060001 ] ] } },
{ "type": "Feature", "properties": { }, "geometry": { "type": "LineString", "coordinates": [ [ 104.1469665, 51.5088284 ], [ 104.14773, 51.5086252 ] ] } },
{ "type": "Feature", "properties": { }, "geometry": { "type": "LineString", "coordinates": [ [ 104.1474349, 51.5066841 ], [ 104.1475364, 51.5068139 ], [ 104.1467942, 51.5070119 ] ] } },
{ "type": "Feature", "properties": { }, "geometry": { "type": "LineString", "coordinates": [ [ 104.1475364, 51.5068139 ], [ 104.1482717, 51.506617 ], [ 104.1485904, 51.5066248 ], [ 104.1486718, 51.5066268 ], [ 104.1498125, 51.5067776 ] ] } },
{ "type": "Feature", "properties": { }, "geometry": { "type": "LineString", "coordinates": [ [ 104.1464816, 51.5065536 ], [ 104.1472127, 51.506363 ], [ 104.1474349, 51.5066841 ], [ 104.1467097, 51.506888 ] ] } },
{ "type": "Feature", "properties": { }, "geometry": { "type": "LineString", "coordinates": [ [ 104.1447884, 51.5059863 ], [ 104.1449124, 51.5059533 ], [ 104.1460414, 51.5056531 ], [ 104.1467792, 51.5054569 ], [ 104.1468106, 51.5053962 ], [ 104.1467918, 51.5053453 ], [ 104.1465151, 51.5052277 ], [ 104.1454615, 51.5047796 ], [ 104.1452281, 51.5047917 ] ] } },
{ "type": "Feature", "properties": { }, "geometry": { "type": "LineString", "coordinates": [ [ 104.1440789, 51.5051304 ], [ 104.1441958, 51.5051051 ], [ 104.1452281, 51.5047917 ], [ 104.1452583, 51.5047337 ], [ 104.1451156, 51.504527 ], [ 104.1450224, 51.504515 ], [ 104.144191, 51.5047268 ], [ 104.1440554, 51.5049123 ], [ 104.1441958, 51.5051051 ] ] } },
{ "type": "Feature", "properties": { }, "geometry": { "type": "LineString", "coordinates": [ [ 104.1220052, 51.5102134 ], [ 104.1210462, 51.5099345 ], [ 104.1206763, 51.5098269 ] ] } },
{ "type": "Feature", "properties": { }, "geometry": { "type": "LineString", "coordinates": [ [ 104.1221331, 51.512752 ], [ 104.1223097, 51.5124531 ], [ 104.1222896, 51.5123688 ], [ 104.1222145, 51.5123354 ], [ 104.121607, 51.5123313 ], [ 104.1214863, 51.5123646 ], [ 104.1214821, 51.5123866 ], [ 104.1214735, 51.5124311 ] ] } },
{ "type": "Feature", "properties": { }, "geometry": { "type": "LineString", "coordinates": [ [ 104.1489989, 51.5196576 ], [ 104.1489797, 51.5195751 ], [ 104.1489893, 51.5192266 ], [ 104.14911, 51.5191154 ], [ 104.1491293, 51.5182893 ], [ 104.1492742, 51.5182111 ], [ 104.1492838, 51.5179588 ], [ 104.1491428, 51.5178749 ] ] } },
{ "type": "Feature", "properties": { }, "geometry": { "type": "LineString", "coordinates": [ [ 104.1489007, 51.5176644 ], [ 104.1494406, 51.5170053 ] ] } },
{ "type": "Feature", "properties": { }, "geometry": { "type": "LineString", "coordinates": [ [ 104.1494406, 51.5170053 ], [ 104.14953, 51.5169974 ], [ 104.14953, 51.516739 ], [ 104.1489362, 51.516748 ], [ 104.1486803, 51.516712 ], [ 104.148661, 51.5166699 ], [ 104.1484841, 51.5166669 ] ] } },
{ "type": "Feature", "properties": { }, "geometry": { "type": "LineString", "coordinates": [ [ 104.14953, 51.516739 ], [ 104.1495445, 51.5165888 ], [ 104.1494528, 51.5162375 ] ] } },
{ "type": "Feature", "properties": { }, "geometry": { "type": "LineString", "coordinates": [ [ 104.1495445, 51.5165888 ], [ 104.1501996, 51.5165864 ] ] } },
{ "type": "Feature", "properties": { }, "geometry": { "type": "LineString", "coordinates": [ [ 104.1503311, 51.5162375 ], [ 104.1510825, 51.5162649 ], [ 104.1515816, 51.5162126 ], [ 104.1514555, 51.5161407 ], [ 104.151135, 51.5160033 ], [ 104.1508671, 51.515902 ], [ 104.1506884, 51.5158464 ], [ 104.1508563, 51.5156833 ] ] } },
{ "type": "Feature", "properties": { }, "geometry": { "type": "LineString", "coordinates": [ [ 104.1506884, 51.5158464 ], [ 104.1505413, 51.5160262 ], [ 104.1503311, 51.5162375 ] ] } },
{ "type": "Feature", "properties": { }, "geometry": { "type": "LineString", "coordinates": [ [ 104.1515816, 51.5162126 ], [ 104.1521147, 51.5163033 ] ] } },
{ "type": "Feature", "properties": { }, "geometry": { "type": "LineString", "coordinates": [ [ 104.1518385, 51.5171338 ], [ 104.1534518, 51.5171411 ] ] } },
{ "type": "Feature", "properties": { }, "geometry": { "type": "LineString", "coordinates": [ [ 104.1517325, 51.5179425 ], [ 104.1518308, 51.517951 ], [ 104.1520379, 51.517951 ], [ 104.1522752, 51.5180239 ], [ 104.1525168, 51.5180239 ] ] } },
{ "type": "Feature", "properties": { }, "geometry": { "type": "LineString", "coordinates": [ [ 104.1534518, 51.5174485 ], [ 104.1540458, 51.5174387 ], [ 104.154319, 51.517249 ], [ 104.1546047, 51.5172392 ] ] } },
{ "type": "Feature", "properties": { }, "geometry": { "type": "LineString", "coordinates": [ [ 104.1539307, 51.5145915 ], [ 104.1539822, 51.5144755 ], [ 104.1538545, 51.5141669 ], [ 104.1538184, 51.5140522 ], [ 104.1537794, 51.5139284 ], [ 104.1537418, 51.5136245 ], [ 104.1533887, 51.5134796 ], [ 104.152968, 51.5135076 ], [ 104.1525698, 51.5135544 ], [ 104.1515855, 51.5137367 ], [ 104.1515274, 51.5137639 ] ] } },
{ "type": "Feature", "properties": { }, "geometry": { "type": "LineString", "coordinates": [ [ 104.1556855, 51.5139789 ], [ 104.1560634, 51.5133487 ], [ 104.1562437, 51.5128297 ], [ 104.1563564, 51.5127128 ], [ 104.1565893, 51.5124743 ], [ 104.156702, 51.5123247 ], [ 104.156702, 51.5121891 ], [ 104.1568271, 51.5118956 ], [ 104.1569575, 51.5116701 ], [ 104.1570476, 51.511469 ], [ 104.1570927, 51.5111978 ], [ 104.1570927, 51.5108985 ], [ 104.1569499, 51.5105485 ] ] } },
{ "type": "Feature", "properties": { }, "geometry": { "type": "LineString", "coordinates": [ [ 104.1569499, 51.5105485 ], [ 104.1570635, 51.5105082 ], [ 104.1571583, 51.5104847 ], [ 104.1573104, 51.5105139 ], [ 104.1575527, 51.5105969 ], [ 104.1578399, 51.5107242 ] ] } },
{ "type": "Feature", "properties": { }, "geometry": { "type": "LineString", "coordinates": [ [ 104.1569499, 51.5105485 ], [ 104.1568754, 51.5105135 ], [ 104.1566015, 51.5104566 ], [ 104.156425, 51.5104529 ], [ 104.1562364, 51.5104529 ], [ 104.1560538, 51.5104604 ], [ 104.155853, 51.5104301 ], [ 104.1557191, 51.510415 ], [ 104.1555548, 51.510415 ], [ 104.1553722, 51.5104188 ], [ 104.1552261, 51.5104566 ], [ 104.1551775, 51.5105286 ], [ 104.1550253, 51.510824 ], [ 104.1549645, 51.5109036 ], [ 104.1549645, 51.5109983 ], [ 104.1549827, 51.5111308 ], [ 104.1551044, 51.5113846 ], [ 104.1551592, 51.5115247 ], [ 104.1551896, 51.5116535 ], [ 104.1551957, 51.5117936 ], [ 104.1552079, 51.5119489 ], [ 104.1551835, 51.5121042 ], [ 104.1551166, 51.5122595 ], [ 104.1550618, 51.5123201 ], [ 104.1548914, 51.5123807 ], [ 104.1548002, 51.5124375 ], [ 104.1546967, 51.5126496 ], [ 104.1545993, 51.5127973 ], [ 104.154508, 51.512892 ], [ 104.154426, 51.5129374 ], [ 104.1543985, 51.5129526 ], [ 104.1541667, 51.5130094 ] ] } },
{ "type": "Feature", "properties": { }, "geometry": { "type": "LineString", "coordinates": [ [ 104.1560634, 51.5133487 ], [ 104.15619, 51.5133515 ], [ 104.1568162, 51.5134567 ], [ 104.1568898, 51.513495 ] ] } },
{ "type": "Feature", "properties": { }, "geometry": { "type": "LineString", "coordinates": [ [ 104.1538184, 51.5140522 ], [ 104.1539696, 51.5138954 ], [ 104.1542142, 51.5137246 ], [ 104.154324, 51.513619 ], [ 104.1542941, 51.5133208 ], [ 104.1542379, 51.5131875 ] ] } },
{ "type": "Feature", "properties": { }, "geometry": { "type": "LineString", "coordinates": [ [ 104.1554108, 51.5144271 ], [ 104.154041, 51.5144452 ], [ 104.1539822, 51.5144755 ] ] } },
{ "type": "Feature", "properties": { }, "geometry": { "type": "LineString", "coordinates": [ [ 104.154324, 51.513619 ], [ 104.1546064, 51.5137327 ], [ 104.1547809, 51.5137892 ], [ 104.1550811, 51.5138239 ], [ 104.1553045, 51.5138587 ], [ 104.1555628, 51.5139412 ], [ 104.1556855, 51.5139789 ], [ 104.155849, 51.5140281 ], [ 104.1562259, 51.514115 ], [ 104.1566797, 51.5142367 ], [ 104.156931, 51.5142844 ], [ 104.1572102, 51.5143235 ] ] } },
{ "type": "Feature", "properties": { }, "geometry": { "type": "LineString", "coordinates": [ [ 104.156702, 51.5123247 ], [ 104.1573498, 51.5123903 ], [ 104.1575523, 51.5124381 ], [ 104.1576011, 51.5124772 ], [ 104.1576081, 51.5125511 ] ] } },
{ "type": "Feature", "properties": { }, "geometry": { "type": "LineString", "coordinates": [ [ 104.1528263, 51.5105873 ], [ 104.1528506, 51.5106241 ], [ 104.1532061, 51.5111627 ], [ 104.1533569, 51.5113911 ] ] } },
{ "type": "Feature", "properties": { }, "geometry": { "type": "LineString", "coordinates": [ [ 104.1532061, 51.5111627 ], [ 104.1523028, 51.5116213 ], [ 104.1521771, 51.5114432 ], [ 104.1521003, 51.5114172 ], [ 104.1503761, 51.5119646 ], [ 104.1502993, 51.512021 ], [ 104.1505785, 51.5123251 ], [ 104.1506623, 51.5124642 ] ] } },
{ "type": "Feature", "properties": { }, "geometry": { "type": "LineString", "coordinates": [ [ 104.1498601, 51.511489 ], [ 104.1502993, 51.512021 ] ] } },
{ "type": "Feature", "properties": { }, "geometry": { "type": "LineString", "coordinates": [ [ 104.1516684, 51.5122133 ], [ 104.1517862, 51.5123512 ], [ 104.1519677, 51.5127335 ], [ 104.1520515, 51.5129203 ], [ 104.1520864, 51.5130333 ], [ 104.1520334, 51.5131007 ], [ 104.1508301, 51.5132963 ] ] } },
{ "type": "Feature", "properties": { }, "geometry": { "type": "LineString", "coordinates": [ [ 104.1502993, 51.512021 ], [ 104.1501806, 51.5120167 ], [ 104.1496082, 51.5123425 ], [ 104.147891, 51.5132853 ] ] } },
{ "type": "Feature", "properties": { }, "geometry": { "type": "LineString", "coordinates": [ [ 104.1499329, 51.5128277 ], [ 104.1497129, 51.5125902 ], [ 104.1496361, 51.5124555 ], [ 104.1496082, 51.5123425 ] ] } },
{ "type": "Feature", "properties": { }, "geometry": { "type": "LineString", "coordinates": [ [ 104.1362413, 51.5242444 ], [ 104.1361719, 51.5235689 ] ] } },
{ "type": "Feature", "properties": { }, "geometry": { "type": "LineString", "coordinates": [ [ 104.1297111, 51.5219156 ], [ 104.1295987, 51.5218908 ], [ 104.1295966, 51.5218865 ], [ 104.1295268, 51.5217431 ], [ 104.1294839, 51.521655 ], [ 104.1294656, 51.5216241 ], [ 104.1293579, 51.5214416 ], [ 104.129049, 51.5209184 ] ] } },
{ "type": "Feature", "properties": { }, "geometry": { "type": "LineString", "coordinates": [ [ 104.1293579, 51.5214416 ], [ 104.1283838, 51.5216692 ], [ 104.1281693, 51.5217193 ], [ 104.1280775, 51.5217408 ], [ 104.1277632, 51.5211944 ] ] } },
{ "type": "Feature", "properties": { }, "geometry": { "type": "LineString", "coordinates": [ [ 104.1280775, 51.5217408 ], [ 104.1280717, 51.5218193 ], [ 104.1269753, 51.5220551 ], [ 104.1268834, 51.5219265 ], [ 104.1265434, 51.5214591 ] ] } },
{ "type": "Feature", "properties": { }, "geometry": { "type": "LineString", "coordinates": [ [ 104.1281437, 51.5226479 ], [ 104.1281406, 51.5227587 ], [ 104.1281704, 51.5230929 ], [ 104.1281808, 51.5232088 ], [ 104.1282151, 51.5236316 ] ] } },
{ "type": "Feature", "properties": { }, "geometry": { "type": "LineString", "coordinates": [ [ 104.1248268, 51.5235151 ], [ 104.12458, 51.5218529 ] ] } },
{ "type": "Feature", "properties": { }, "geometry": { "type": "LineString", "coordinates": [ [ 104.1264299, 51.5231802 ], [ 104.1265734, 51.5231766 ], [ 104.1281808, 51.5232088 ] ] } },
{ "type": "Feature", "properties": { }, "geometry": { "type": "LineString", "coordinates": [ [ 104.1272336, 51.5236252 ], [ 104.1271877, 51.5239338 ], [ 104.1271992, 51.5240231 ], [ 104.1272049, 51.5240303 ], [ 104.1272853, 51.5241231 ], [ 104.1272795, 51.5241267 ], [ 104.1273082, 51.5241481 ], [ 104.1273714, 51.524166 ], [ 104.127601, 51.5241517 ], [ 104.1276297, 51.5241088 ], [ 104.1276699, 51.524041 ], [ 104.1276814, 51.5239446 ], [ 104.127733, 51.5236284 ] ] } },
{ "type": "Feature", "properties": { }, "geometry": { "type": "LineString", "coordinates": [ [ 104.1298858, 51.5236425 ], [ 104.129903, 51.523073 ], [ 104.1304541, 51.523073 ], [ 104.1305631, 51.5230588 ], [ 104.1305689, 51.5230516 ], [ 104.1306982, 51.5230321 ], [ 104.1307813, 51.5230195 ], [ 104.1309076, 51.5230623 ], [ 104.1308901, 51.523649 ] ] } },
{ "type": "Feature", "properties": { }, "geometry": { "type": "LineString", "coordinates": [ [ 104.1307642, 51.5236482 ], [ 104.1307181, 51.5242946 ], [ 104.1306492, 51.5243267 ], [ 104.1304253, 51.5243339 ], [ 104.1302187, 51.5242696 ], [ 104.1299948, 51.5242624 ], [ 104.1294667, 51.5242589 ], [ 104.129524, 51.5236401 ] ] } },
{ "type": "Feature", "properties": { }, "geometry": { "type": "LineString", "coordinates": [ [ 104.1317916, 51.5236549 ], [ 104.1317916, 51.5243517 ], [ 104.1321016, 51.5243624 ], [ 104.1321419, 51.5236572 ] ] } },
{ "type": "Feature", "properties": { }, "geometry": { "type": "LineString", "coordinates": [ [ 104.1294667, 51.5242589 ], [ 104.1292198, 51.5243124 ], [ 104.1291108, 51.524366 ], [ 104.1289213, 51.5243946 ], [ 104.1288639, 51.5244446 ], [ 104.1288697, 51.5245196 ], [ 104.1289271, 51.524691 ], [ 104.1289271, 51.5247232 ], [ 104.1288467, 51.5248589 ], [ 104.1287491, 51.5250339 ], [ 104.1286974, 51.5250768 ], [ 104.1285597, 51.5250411 ], [ 104.1283645, 51.5249589 ], [ 104.1282267, 51.5248732 ], [ 104.1282669, 51.5247267 ], [ 104.1283507, 51.5246871 ], [ 104.1284315, 51.5246604 ], [ 104.1284472, 51.5245109 ] ] } },
{ "type": "Feature", "properties": { }, "geometry": { "type": "LineString", "coordinates": [ [ 104.1331179, 51.523682 ], [ 104.1331004, 51.5243589 ], [ 104.1333301, 51.5243589 ], [ 104.1333704, 51.5236836 ] ] } },
{ "type": "Feature", "properties": { }, "geometry": { "type": "LineString", "coordinates": [ [ 104.129105, 51.5223051 ], [ 104.1298238, 51.5223051 ], [ 104.1304098, 51.5223051 ], [ 104.1312635, 51.5223051 ], [ 104.1312576, 51.5236514 ] ] } },
{ "type": "Feature", "properties": { }, "geometry": { "type": "LineString", "coordinates": [ [ 104.1288868, 51.523636 ], [ 104.1288926, 51.5230302 ], [ 104.1287893, 51.5229445 ], [ 104.1287838, 51.5222995 ], [ 104.1287032, 51.5222301 ], [ 104.1285456, 51.5219533 ], [ 104.128493, 51.5218609 ], [ 104.1283838, 51.5216692 ] ] } },
{ "type": "Feature", "properties": { }, "geometry": { "type": "LineString", "coordinates": [ [ 104.1285456, 51.5219533 ], [ 104.1295268, 51.5217431 ] ] } },
{ "type": "Feature", "properties": { }, "geometry": { "type": "LineString", "coordinates": [ [ 104.1294656, 51.5216241 ], [ 104.128493, 51.5218609 ] ] } },
{ "type": "Feature", "properties": { }, "geometry": { "type": "LineString", "coordinates": [ [ 104.1294454, 51.5208334 ], [ 104.1297135, 51.5213121 ] ] } },
{ "type": "Feature", "properties": { }, "geometry": { "type": "LineString", "coordinates": [ [ 104.1305438, 51.5205976 ], [ 104.1307985, 51.5210942 ] ] } },
{ "type": "Feature", "properties": { }, "geometry": { "type": "LineString", "coordinates": [ [ 104.1233178, 51.5236409 ], [ 104.1232702, 51.5235867 ], [ 104.1232006, 51.5230972 ], [ 104.1230672, 51.5219931 ] ] } },
{ "type": "Feature", "properties": { }, "geometry": { "type": "LineString", "coordinates": [ [ 104.1216001, 51.5238823 ], [ 104.1215741, 51.5231588 ], [ 104.1215555, 51.5221121 ] ] } },
{ "type": "Feature", "properties": { }, "geometry": { "type": "LineString", "coordinates": [ [ 104.1201275, 51.5240892 ], [ 104.1200544, 51.52355 ], [ 104.1199086, 51.5225725 ], [ 104.1199032, 51.5224274 ] ] } },
{ "type": "Feature", "properties": { }, "geometry": { "type": "LineString", "coordinates": [ [ 104.1185933, 51.5241627 ], [ 104.1182581, 51.5227872 ] ] } },
{ "type": "Feature", "properties": { }, "geometry": { "type": "LineString", "coordinates": [ [ 104.1185933, 51.5241627 ], [ 104.1185848, 51.5242644 ], [ 104.1186716, 51.5245375 ], [ 104.1188095, 51.5246932 ], [ 104.119029, 51.5248234 ] ] } },
{ "type": "Feature", "properties": { }, "geometry": { "type": "LineString", "coordinates": [ [ 104.1201275, 51.5240892 ], [ 104.1201114, 51.5242771 ], [ 104.1201676, 51.524779 ] ] } },
{ "type": "Feature", "properties": { }, "geometry": { "type": "LineString", "coordinates": [ [ 104.1349009, 51.5224511 ], [ 104.134841, 51.5224573 ], [ 104.1348085, 51.5224269 ], [ 104.1341635, 51.5224719 ] ] } },
{ "type": "Feature", "properties": { }, "geometry": { "type": "LineString", "coordinates": [ [ 104.1366509, 51.5256113 ], [ 104.1367386, 51.5249923 ] ] } },
{ "type": "Feature", "properties": { }, "geometry": { "type": "LineString", "coordinates": [ [ 104.1384549, 51.5241187 ], [ 104.1383566, 51.5234511 ] ] } },
{ "type": "Feature", "properties": { }, "geometry": { "type": "LineString", "coordinates": [ [ 104.140336, 51.5221831 ], [ 104.1393477, 51.5222618 ], [ 104.1394319, 51.5227296 ], [ 104.1395208, 51.5233794 ] ] } },
{ "type": "Feature", "properties": { }, "geometry": { "type": "LineString", "coordinates": [ [ 104.1445201, 51.5207783 ], [ 104.1441969, 51.5207739 ], [ 104.1440603, 51.5207721 ], [ 104.1440982, 51.5214023 ], [ 104.1443206, 51.5214022 ] ] } },
{ "type": "Feature", "properties": { }, "geometry": { "type": "LineString", "coordinates": [ [ 104.1440603, 51.5207721 ], [ 104.1436269, 51.5208091 ], [ 104.1436377, 51.5213956 ], [ 104.1440982, 51.5214023 ] ] } },
{ "type": "Feature", "properties": { }, "geometry": { "type": "LineString", "coordinates": [ [ 104.1465736, 51.5216138 ], [ 104.1465734, 51.5210951 ] ] } },
{ "type": "Feature", "properties": { }, "geometry": { "type": "LineString", "coordinates": [ [ 104.1463737, 51.5208355 ], [ 104.1477221, 51.5208413 ], [ 104.1480957, 51.5208428 ], [ 104.1481174, 51.5202395 ], [ 104.1482203, 51.5201721 ], [ 104.1486971, 51.5201734 ] ] } },
{ "type": "Feature", "properties": { }, "geometry": { "type": "LineString", "coordinates": [ [ 104.1477221, 51.5208413 ], [ 104.1477101, 51.5210905 ], [ 104.1476842, 51.5216265 ] ] } },
{ "type": "Feature", "properties": { }, "geometry": { "type": "LineString", "coordinates": [ [ 104.1492851, 51.5219897 ], [ 104.1488595, 51.5220056 ], [ 104.148892, 51.5227606 ], [ 104.1487566, 51.5228078 ], [ 104.1487511, 51.523055 ] ] } },
{ "type": "Feature", "properties": { }, "geometry": { "type": "LineString", "coordinates": [ [ 104.148892, 51.5227606 ], [ 104.1495318, 51.5227517 ] ] } },
{ "type": "Feature", "properties": { }, "geometry": { "type": "LineString", "coordinates": [ [ 104.1515918, 51.5153193 ], [ 104.1520246, 51.5154161 ], [ 104.1529413, 51.5153845 ], [ 104.1533554, 51.5153703 ], [ 104.1539105, 51.515362 ], [ 104.1541023, 51.5153193 ] ] } },
{ "type": "Feature", "properties": { }, "geometry": { "type": "LineString", "coordinates": [ [ 104.1522656, 51.5161182 ], [ 104.1527803, 51.5157074 ], [ 104.1529341, 51.5154993 ], [ 104.1529413, 51.5153845 ] ] } },
{ "type": "Feature", "properties": { }, "geometry": { "type": "LineString", "coordinates": [ [ 104.1397152, 51.5136972 ], [ 104.1388893, 51.5125011 ], [ 104.1386032, 51.5120867 ], [ 104.1391718, 51.5119198 ] ] } },
{ "type": "Feature", "properties": { }, "geometry": { "type": "LineString", "coordinates": [ [ 104.1391422, 51.5081761 ], [ 104.1390446, 51.5082452 ], [ 104.1390847, 51.5083534 ], [ 104.1393656, 51.5091234 ], [ 104.1395997, 51.5097102 ], [ 104.1396722, 51.5098378 ] ] } },
{ "type": "Feature", "properties": { }, "geometry": { "type": "LineString", "coordinates": [ [ 104.1436287, 51.5060001 ], [ 104.1431841, 51.5061083 ], [ 104.143057, 51.5062456 ], [ 104.141325, 51.506716 ], [ 104.1411708, 51.5068335 ], [ 104.1406515, 51.5069841 ], [ 104.1406178, 51.5069894 ], [ 104.1406127, 51.5070136 ], [ 104.1408171, 51.5072554 ], [ 104.1408239, 51.5072765 ], [ 104.1408171, 51.5072986 ], [ 104.1404343, 51.5074232 ] ] } },
{ "type": "Feature", "properties": { }, "geometry": { "type": "LineString", "coordinates": [ [ 104.1428328, 51.5032526 ], [ 104.14186, 51.5033835 ], [ 104.1415457, 51.5033918 ], [ 104.1410642, 51.5034168 ], [ 104.1408502, 51.503396 ], [ 104.1406228, 51.5033169 ], [ 104.1404623, 51.5032211 ], [ 104.140255, 51.5029839 ], [ 104.1399675, 51.5025093 ], [ 104.1399942, 51.5024386 ], [ 104.1401881, 51.5023803 ], [ 104.1413584, 51.502118 ], [ 104.141646, 51.5020681 ], [ 104.1419268, 51.5019862 ] ] } },
{ "type": "Feature", "properties": { }, "geometry": { "type": "LineString", "coordinates": [ [ 104.1470546, 51.5050933 ], [ 104.1477211, 51.5046757 ], [ 104.1475579, 51.504585 ], [ 104.1473655, 51.5044362 ], [ 104.1471731, 51.5042403 ], [ 104.1470041, 51.5040407 ], [ 104.14687, 51.503852 ], [ 104.1468058, 51.5037431 ], [ 104.1467534, 51.5037105 ], [ 104.146561, 51.5037141 ], [ 104.1459256, 51.5038012 ], [ 104.1453659, 51.5038592 ], [ 104.145226, 51.5038665 ], [ 104.1449455, 51.5040387 ], [ 104.1448256, 51.5041128 ], [ 104.144591, 51.5042743 ], [ 104.1445455, 51.5043687 ] ] } },
{ "type": "Feature", "properties": { }, "geometry": { "type": "LineString", "coordinates": [ [ 104.1477211, 51.5046757 ], [ 104.1483857, 51.5042439 ], [ 104.1485489, 51.5041749 ], [ 104.1487238, 51.5041568 ], [ 104.1488346, 51.5041568 ], [ 104.148922, 51.5041931 ], [ 104.1493243, 51.5043201 ], [ 104.1498256, 51.5043963 ], [ 104.1501987, 51.5044471 ], [ 104.1506958, 51.5044389 ], [ 104.1509153, 51.5044505 ], [ 104.1510557, 51.504458 ], [ 104.1513472, 51.5044761 ], [ 104.1515862, 51.5044906 ], [ 104.1517494, 51.5045306 ], [ 104.1521575, 51.5046285 ], [ 104.1524547, 51.5047171 ], [ 104.1525714, 51.5047628 ] ] } },
{ "type": "Feature", "properties": { }, "geometry": { "type": "LineString", "coordinates": [ [ 104.1509153, 51.5044505 ], [ 104.1508691, 51.5046576 ], [ 104.1508808, 51.5047229 ], [ 104.1509624, 51.5048281 ], [ 104.1513413, 51.5052418 ], [ 104.1514813, 51.5053543 ], [ 104.151627, 51.5054087 ], [ 104.151697, 51.5053906 ], [ 104.1517961, 51.5053252 ], [ 104.1521983, 51.5050168 ], [ 104.1523207, 51.5049878 ], [ 104.1524432, 51.5050168 ] ] } },
{ "type": "Feature", "properties": { }, "geometry": { "type": "LineString", "coordinates": [ [ 104.1494525, 51.5046866 ], [ 104.1493884, 51.5048027 ], [ 104.1493126, 51.5048753 ], [ 104.1491727, 51.5049587 ], [ 104.1490911, 51.5050349 ], [ 104.1489281, 51.505204 ] ] } },
{ "type": "Feature", "properties": { }, "geometry": { "type": "LineString", "coordinates": [ [ 104.1488346, 51.5041568 ], [ 104.1485664, 51.5039754 ], [ 104.1482399, 51.5037467 ], [ 104.1480825, 51.5036851 ], [ 104.1479426, 51.5036379 ], [ 104.1476803, 51.5035798 ], [ 104.1475987, 51.5036016 ], [ 104.1474354, 51.5037685 ], [ 104.1474471, 51.5038738 ] ] } },
{ "type": "Feature", "properties": { }, "geometry": { "type": "LineString", "coordinates": [ [ 104.1476803, 51.5035798 ], [ 104.147383, 51.5035326 ], [ 104.1471906, 51.5035218 ], [ 104.1469866, 51.5035036 ], [ 104.1468292, 51.503471 ], [ 104.1466718, 51.5034202 ], [ 104.1465144, 51.5033258 ], [ 104.1455408, 51.5027996 ], [ 104.1454359, 51.5027779 ], [ 104.1452668, 51.5027779 ], [ 104.1450161, 51.5027633 ], [ 104.1448412, 51.5027742 ], [ 104.1447305, 51.502767 ], [ 104.1443749, 51.5028287 ], [ 104.1437977, 51.5029303 ], [ 104.1433896, 51.5030137 ], [ 104.1431623, 51.5030718 ], [ 104.1429116, 51.5031516 ], [ 104.1427773, 51.5031751 ] ] } },
{ "type": "Feature", "properties": { }, "geometry": { "type": "LineString", "coordinates": [ [ 104.1425471, 51.5028533 ], [ 104.1429233, 51.5026 ], [ 104.1431623, 51.5024875 ], [ 104.1433255, 51.5024585 ], [ 104.1434304, 51.502473 ], [ 104.1435237, 51.5025093 ], [ 104.1436578, 51.5026073 ], [ 104.1437219, 51.5027089 ], [ 104.1438094, 51.5028504 ], [ 104.1437977, 51.5029303 ] ] } },
{ "type": "Feature", "properties": { }, "geometry": { "type": "LineString", "coordinates": [ [ 104.1447305, 51.502767 ], [ 104.1447421, 51.5023097 ], [ 104.1447188, 51.5021464 ], [ 104.1446489, 51.5020267 ], [ 104.1445148, 51.5018815 ], [ 104.1426662, 51.50021 ] ] } },
{ "type": "Feature", "properties": { }, "geometry": { "type": "LineString", "coordinates": [ [ 104.1457507, 51.502121 ], [ 104.145739, 51.5022626 ], [ 104.1456749, 51.5023787 ], [ 104.1454534, 51.5026654 ], [ 104.1454534, 51.5027198 ], [ 104.1454359, 51.5027779 ] ] } },
{ "type": "Feature", "properties": { }, "geometry": { "type": "LineString", "coordinates": [ [ 104.1431074, 51.5036365 ], [ 104.1440601, 51.5033585 ], [ 104.1443457, 51.5036705 ], [ 104.144678, 51.5035653 ], [ 104.1443749, 51.5032387 ], [ 104.1442466, 51.5032133 ], [ 104.1441067, 51.5032315 ], [ 104.1440192, 51.5033077 ], [ 104.1440601, 51.5033585 ] ] } },
{ "type": "Feature", "properties": { }, "geometry": { "type": "LineString", "coordinates": [ [ 104.1471213, 51.5074913 ], [ 104.1474381, 51.507507 ], [ 104.1476842, 51.5075175 ], [ 104.1478631, 51.507507 ], [ 104.1480756, 51.5075105 ], [ 104.148277, 51.5074687 ], [ 104.1483552, 51.5073713 ], [ 104.1484, 51.5072495 ], [ 104.1484219, 51.5071584 ], [ 104.1486405, 51.5071659 ], [ 104.1494737, 51.5072355 ], [ 104.1488977, 51.5077402 ], [ 104.1487803, 51.5076567 ], [ 104.1486405, 51.5071659 ] ] } },
{ "type": "Feature", "properties": { }, "geometry": { "type": "LineString", "coordinates": [ [ 104.1438591, 51.5095049 ], [ 104.144729, 51.5092718 ], [ 104.1459114, 51.508955 ] ] } },
{ "type": "Feature", "properties": { }, "geometry": { "type": "LineString", "coordinates": [ [ 104.1460414, 51.5056531 ], [ 104.1454615, 51.5047796 ] ] } },
{ "type": "Feature", "properties": { }, "geometry": { "type": "LineString", "coordinates": [ [ 104.1420111, 51.5085624 ], [ 104.141804, 51.5084581 ], [ 104.1416998, 51.5084137 ], [ 104.1415462, 51.508424 ], [ 104.1413159, 51.5084786 ], [ 104.141113, 51.5085571 ], [ 104.1409813, 51.5086664 ], [ 104.1409265, 51.5087858 ], [ 104.1409484, 51.5088814 ], [ 104.1413062, 51.5093929 ] ] } },
{ "type": "Feature", "properties": { }, "geometry": { "type": "LineString", "coordinates": [ [ 104.1409265, 51.5087858 ], [ 104.1408168, 51.5087278 ], [ 104.1407488, 51.5087066 ], [ 104.1406851, 51.5086868 ], [ 104.1405371, 51.5085059 ], [ 104.1403122, 51.5081372 ] ] } },
{ "type": "Feature", "properties": { }, "geometry": { "type": "LineString", "coordinates": [ [ 104.1407488, 51.5087066 ], [ 104.1403177, 51.5088336 ], [ 104.1406148, 51.5092364 ], [ 104.1408266, 51.5095235 ] ] } },
{ "type": "Feature", "properties": { }, "geometry": { "type": "LineString", "coordinates": [ [ 104.1406148, 51.5092364 ], [ 104.1398021, 51.5094822 ], [ 104.1396722, 51.5098378 ] ] } },
{ "type": "Feature", "properties": { }, "geometry": { "type": "LineString", "coordinates": [ [ 104.1441747, 51.5052368 ], [ 104.1432399, 51.5054954 ] ] } },
{ "type": "Feature", "properties": { }, "geometry": { "type": "LineString", "coordinates": [ [ 104.1388893, 51.5125011 ], [ 104.1397082, 51.5122856 ], [ 104.1403365, 51.513224 ], [ 104.1404913, 51.5132943 ] ] } },
{ "type": "Feature", "properties": { }, "geometry": { "type": "LineString", "coordinates": [ [ 104.1402381, 51.5143397 ], [ 104.1402741, 51.5143967 ], [ 104.140755, 51.5151573 ], [ 104.1411548, 51.5156962 ], [ 104.141184, 51.5158204 ], [ 104.1411498, 51.5159248 ], [ 104.1411216, 51.5160102 ], [ 104.1409065, 51.5162149 ] ] } },
{ "type": "Feature", "properties": { }, "geometry": { "type": "LineString", "coordinates": [ [ 104.1372653, 51.515879 ], [ 104.1372866, 51.51608 ], [ 104.1372864, 51.5163103 ], [ 104.1372654, 51.516409 ], [ 104.1372147, 51.5165183 ], [ 104.1372496, 51.5166166 ], [ 104.13731, 51.5167379 ], [ 104.1374544, 51.516924 ], [ 104.1375603, 51.517026 ], [ 104.1376692, 51.5171188 ], [ 104.1379126, 51.5173158 ], [ 104.1379755, 51.5173314 ], [ 104.1380479, 51.5173264 ], [ 104.1382123, 51.5172354 ], [ 104.139145, 51.516784 ], [ 104.1393741, 51.5167432 ], [ 104.1398236, 51.5167212 ], [ 104.1400344, 51.5166987 ], [ 104.1402776, 51.5165529 ] ] } },
{ "type": "Feature", "properties": { }, "geometry": { "type": "LineString", "coordinates": [ [ 104.1373944, 51.5194425 ], [ 104.1374299, 51.5200817 ], [ 104.1374316, 51.5201129 ], [ 104.1374619, 51.5206582 ], [ 104.1369871, 51.5206611 ], [ 104.1369111, 51.5207498 ], [ 104.1367378, 51.5207578 ], [ 104.1359447, 51.5207943 ] ] } },
{ "type": "Feature", "properties": { }, "geometry": { "type": "LineString", "coordinates": [ [ 104.1359447, 51.5207943 ], [ 104.1356577, 51.5207989 ], [ 104.1351781, 51.5207753 ] ] } },
{ "type": "Feature", "properties": { }, "geometry": { "type": "LineString", "coordinates": [ [ 104.1356004, 51.5205169 ], [ 104.1357607, 51.5204853 ], [ 104.1359079, 51.5204166 ], [ 104.1360256, 51.520238 ], [ 104.136147, 51.520167 ], [ 104.1362721, 51.5201579 ], [ 104.1365076, 51.520135 ], [ 104.1374299, 51.5200817 ], [ 104.1382111, 51.5200365 ] ] } },
{ "type": "Feature", "properties": { }, "geometry": { "type": "LineString", "coordinates": [ [ 104.1381925, 51.5194254 ], [ 104.1381927, 51.5199175 ], [ 104.1381986, 51.5199556 ], [ 104.1382111, 51.5200365 ], [ 104.1382, 51.5201854 ], [ 104.1381559, 51.5208104 ], [ 104.1382148, 51.5208882 ], [ 104.1382295, 51.5214926 ] ] } },
{ "type": "Feature", "properties": { }, "geometry": { "type": "LineString", "coordinates": [ [ 104.1379272, 51.5227733 ], [ 104.1379296, 51.5227885 ], [ 104.1380109, 51.5234725 ], [ 104.1381217, 51.5241376 ] ] } },
{ "type": "Feature", "properties": { }, "geometry": { "type": "LineString", "coordinates": [ [ 104.1321016, 51.5243624 ], [ 104.1322093, 51.5244421 ], [ 104.1323037, 51.5245118 ], [ 104.132398, 51.5246328 ], [ 104.1324628, 51.5247245 ], [ 104.1325394, 51.5248602 ], [ 104.1326397, 51.5249886 ], [ 104.1326986, 51.5250656 ], [ 104.1327811, 51.5251536 ], [ 104.1328283, 51.5252306 ], [ 104.132846, 51.525304 ], [ 104.1328578, 51.5254433 ], [ 104.1328507, 51.5257087 ] ] } },
{ "type": "Feature", "properties": { }, "geometry": { "type": "LineString", "coordinates": [ [ 104.1291108, 51.524366 ], [ 104.1292318, 51.5244956 ], [ 104.1293322, 51.5245187 ], [ 104.1293849, 51.5245515 ], [ 104.1293849, 51.5245866 ], [ 104.1293849, 51.5246568 ], [ 104.1292607, 51.5248932 ] ] } },
{ "type": "Feature", "properties": { }, "geometry": { "type": "LineString", "coordinates": [ [ 104.1293849, 51.5245515 ], [ 104.1295917, 51.5245281 ], [ 104.1297309, 51.5245281 ], [ 104.1299642, 51.5245445 ], [ 104.1301222, 51.5245843 ] ] } },
{ "type": "Feature", "properties": { }, "geometry": { "type": "LineString", "coordinates": [ [ 104.1329992, 51.5206379 ], [ 104.1341732, 51.5203569 ], [ 104.1343529, 51.5203118 ], [ 104.1353452, 51.5200627 ], [ 104.1354887, 51.5200873 ], [ 104.1356074, 51.5201427 ], [ 104.1356371, 51.5202381 ], [ 104.135647, 51.5203643 ], [ 104.1356321, 51.5204628 ], [ 104.1356004, 51.5205169 ] ] } },
{ "type": "Feature", "properties": { }, "geometry": { "type": "LineString", "coordinates": [ [ 104.1338705, 51.5198768 ], [ 104.1341732, 51.5203569 ] ] } },
{ "type": "Feature", "properties": { }, "geometry": { "type": "LineString", "coordinates": [ [ 104.1343529, 51.5203118 ], [ 104.1345142, 51.5203643 ], [ 104.1346379, 51.5204197 ], [ 104.134722, 51.5205028 ], [ 104.1348011, 51.5206167 ], [ 104.1348803, 51.5207275 ], [ 104.1349474, 51.520852 ] ] } },
{ "type": "Feature", "properties": { }, "geometry": { "type": "LineString", "coordinates": [ [ 104.1324812, 51.5207614 ], [ 104.1327584, 51.521322 ] ] } },
{ "type": "Feature", "properties": { }, "geometry": { "type": "LineString", "coordinates": [ [ 104.1320805, 51.5208322 ], [ 104.1316897, 51.5209245 ], [ 104.1316551, 51.5209707 ], [ 104.1317194, 51.5211061 ], [ 104.1319268, 51.521484 ] ] } },
{ "type": "Feature", "properties": { }, "geometry": { "type": "LineString", "coordinates": [ [ 104.1381986, 51.5199556 ], [ 104.1383221, 51.5199366 ], [ 104.1384453, 51.5199019 ], [ 104.1385565, 51.5198179 ], [ 104.138636, 51.519761 ], [ 104.1386877, 51.5196497 ], [ 104.1386877, 51.5195731 ], [ 104.1386678, 51.5195014 ] ] } },
{ "type": "Feature", "properties": { }, "geometry": { "type": "LineString", "coordinates": [ [ 104.1390223, 51.5194061 ], [ 104.1390713, 51.519608 ], [ 104.1391103, 51.5197165 ], [ 104.1392122, 51.5197561 ], [ 104.139236, 51.5198055 ], [ 104.1392758, 51.5199044 ], [ 104.1392758, 51.5200849 ], [ 104.1392797, 51.5201863 ], [ 104.1392797, 51.5202951 ], [ 104.1393473, 51.5203495 ], [ 104.1394029, 51.5203791 ], [ 104.1394803, 51.5204933 ] ] } },
{ "type": "Feature", "properties": { }, "geometry": { "type": "LineString", "coordinates": [ [ 104.1397777, 51.5199058 ], [ 104.1392758, 51.5199044 ] ] } },
{ "type": "Feature", "properties": { }, "geometry": { "type": "LineString", "coordinates": [ [ 104.1392758, 51.5199044 ], [ 104.1391417, 51.5199354 ], [ 104.139049, 51.5199386 ], [ 104.1387118, 51.5199402 ] ] } },
{ "type": "Feature", "properties": { }, "geometry": { "type": "LineString", "coordinates": [ [ 104.1478789, 51.5202343 ], [ 104.1478472, 51.5200474 ], [ 104.1478316, 51.5197877 ], [ 104.1477613, 51.5196647 ], [ 104.1477341, 51.5193782 ], [ 104.1476253, 51.5192387 ], [ 104.1475797, 51.5189079 ], [ 104.1475314, 51.5188579 ], [ 104.1474895, 51.5183526 ] ] } },
{ "type": "Feature", "properties": { }, "geometry": { "type": "LineString", "coordinates": [ [ 104.1495609, 51.5210748 ], [ 104.1499051, 51.5208527 ], [ 104.1501687, 51.5206568 ], [ 104.1503883, 51.5205475 ], [ 104.1506226, 51.5204062 ], [ 104.1508422, 51.5202741 ], [ 104.150835, 51.5196904 ], [ 104.1508275, 51.5190897 ] ] } },
{ "type": "Feature", "properties": { }, "geometry": { "type": "LineString", "coordinates": [ [ 104.1530227, 51.5197501 ], [ 104.1530335, 51.5201538 ], [ 104.153042, 51.5210027 ], [ 104.1542168, 51.5210228 ] ] } },
{ "type": "Feature", "properties": { }, "geometry": { "type": "LineString", "coordinates": [ [ 104.1530335, 51.5201538 ], [ 104.151832, 51.5201328 ], [ 104.1518185, 51.5205839 ], [ 104.1516356, 51.5206429 ], [ 104.1510259, 51.520714 ] ] } },
{ "type": "Feature", "properties": { }, "geometry": { "type": "LineString", "coordinates": [ [ 104.151832, 51.5201328 ], [ 104.150835, 51.5196904 ], [ 104.1503577, 51.5196655 ] ] } },
{ "type": "Feature", "properties": { }, "geometry": { "type": "LineString", "coordinates": [ [ 104.1287954, 51.5206392 ], [ 104.1265033, 51.5212612 ], [ 104.1264819, 51.5213145 ], [ 104.1265434, 51.5214591 ] ] } },
{ "type": "Feature", "properties": { }, "geometry": { "type": "LineString", "coordinates": [ [ 104.1255014, 51.5217373 ], [ 104.1243372, 51.5209195 ] ] } },
{ "type": "Feature", "properties": { }, "geometry": { "type": "LineString", "coordinates": [ [ 104.1753278, 51.5187919 ], [ 104.1748896, 51.5184568 ], [ 104.1747138, 51.5182599 ], [ 104.1747138, 51.5179973 ], [ 104.1747489, 51.5176035 ], [ 104.1748193, 51.5165203 ], [ 104.1749775, 51.5162796 ], [ 104.1752764, 51.5160936 ], [ 104.1769496, 51.515067 ], [ 104.18158, 51.512226 ], [ 104.1827663, 51.5114981 ], [ 104.1815339, 51.5106682 ], [ 104.1804103, 51.5099115 ], [ 104.1810638, 51.5094621 ] ] } },
{ "type": "Feature", "properties": { }, "geometry": { "type": "LineString", "coordinates": [ [ 104.187443, 51.5088172 ], [ 104.186868, 51.5091813 ], [ 104.1833816, 51.5113887 ], [ 104.1830476, 51.5114872 ], [ 104.1827663, 51.5114981 ] ] } },
{ "type": "Feature", "properties": { }, "geometry": { "type": "LineString", "coordinates": [ [ 104.18158, 51.512226 ], [ 104.1836805, 51.513599 ] ] } },
{ "type": "Feature", "properties": { }, "geometry": { "type": "LineString", "coordinates": [ [ 104.1769496, 51.515067 ], [ 104.1734563, 51.5129728 ] ] } },
{ "type": "Feature", "properties": { }, "geometry": { "type": "LineString", "coordinates": [ [ 104.1778984, 51.520474 ], [ 104.1794033, 51.5196126 ], [ 104.1797322, 51.5194243 ] ] } },
{ "type": "Feature", "properties": { }, "geometry": { "type": "LineString", "coordinates": [ [ 104.1799138, 51.5218256 ], [ 104.1805258, 51.5222234 ], [ 104.1814093, 51.5227978 ], [ 104.1823668, 51.5234126 ] ] } },
{ "type": "Feature", "properties": { }, "geometry": { "type": "LineString", "coordinates": [ [ 104.1814093, 51.5227978 ], [ 104.1832704, 51.5218927 ], [ 104.1840651, 51.5215061 ], [ 104.1842689, 51.5213846 ], [ 104.1843369, 51.5212789 ], [ 104.1843539, 51.5211574 ], [ 104.1843539, 51.5210095 ], [ 104.1842859, 51.5208668 ], [ 104.1840991, 51.5206819 ], [ 104.1836575, 51.5203437 ], [ 104.1835764, 51.5202907 ], [ 104.1826471, 51.5196833 ], [ 104.1825876, 51.519604 ], [ 104.1825791, 51.5194983 ], [ 104.1826216, 51.5194191 ], [ 104.1827659, 51.5192606 ], [ 104.184167, 51.518431 ] ] } },
{ "type": "Feature", "properties": { }, "geometry": { "type": "LineString", "coordinates": [ [ 104.1835764, 51.5202907 ], [ 104.1817611, 51.521455 ] ] } },
{ "type": "Feature", "properties": { }, "geometry": { "type": "LineString", "coordinates": [ [ 104.1832704, 51.5218927 ], [ 104.1822976, 51.5219736 ], [ 104.1815216, 51.5220332 ], [ 104.1811384, 51.5221107 ], [ 104.1805258, 51.5222234 ] ] } },
{ "type": "Feature", "properties": { }, "geometry": { "type": "LineString", "coordinates": [ [ 104.1840651, 51.5215061 ], [ 104.1844148, 51.5214789 ], [ 104.1845968, 51.5214789 ], [ 104.1847213, 51.5215027 ], [ 104.1849896, 51.5215385 ], [ 104.1852291, 51.5215742 ], [ 104.1855069, 51.5215742 ], [ 104.1857272, 51.5215444 ], [ 104.1859571, 51.521461 ], [ 104.1862924, 51.5212285 ], [ 104.18977, 51.519172 ], [ 104.1910537, 51.5183136 ], [ 104.1914752, 51.5180572 ], [ 104.1917626, 51.5178188 ], [ 104.1926248, 51.5171571 ], [ 104.1937169, 51.5164178 ], [ 104.1947898, 51.5157084 ], [ 104.1950293, 51.5155355 ], [ 104.1952114, 51.5153805 ], [ 104.1954125, 51.5151719 ], [ 104.1956233, 51.514999 ], [ 104.1958724, 51.514832 ], [ 104.1961214, 51.514677 ], [ 104.1963993, 51.514534 ], [ 104.1966675, 51.5144147 ], [ 104.1968495, 51.5142716 ], [ 104.1970603, 51.5140451 ], [ 104.1972136, 51.5138364 ], [ 104.1973573, 51.5135801 ], [ 104.1975105, 51.5133416 ], [ 104.1977309, 51.5131389 ], [ 104.1979321, 51.5129958 ], [ 104.1980757, 51.5129302 ], [ 104.1982865, 51.5128646 ], [ 104.1984781, 51.5127633 ], [ 104.1987751, 51.5125248 ], [ 104.1993211, 51.5119167 ], [ 104.1995702, 51.5115888 ], [ 104.1998864, 51.5111833 ], [ 104.2002408, 51.5107481 ], [ 104.2005282, 51.5104738 ], [ 104.2009401, 51.5100386 ], [ 104.2010934, 51.5099074 ], [ 104.2016491, 51.5093947 ], [ 104.2021472, 51.5089713 ], [ 104.2025687, 51.5086792 ], [ 104.2027891, 51.5085301 ], [ 104.2028616, 51.5084363 ], [ 104.2029136, 51.5083691 ], [ 104.2030765, 51.5081843 ], [ 104.2032585, 51.5079756 ], [ 104.2034692, 51.5078205 ], [ 104.2055481, 51.5067055 ], [ 104.2068031, 51.5060317 ], [ 104.2092172, 51.5046841 ], [ 104.2094854, 51.5045529 ], [ 104.2099357, 51.5043919 ], [ 104.2122828, 51.5034497 ] ] } },
{ "type": "Feature", "properties": { }, "geometry": { "type": "LineString", "coordinates": [ [ 104.1964759, 51.505674 ], [ 104.1962843, 51.5060854 ], [ 104.1961885, 51.5062166 ], [ 104.1949814, 51.5076894 ] ] } },
{ "type": "Feature", "properties": { }, "geometry": { "type": "LineString", "coordinates": [ [ 104.187443, 51.5088172 ], [ 104.1877486, 51.5087984 ], [ 104.1879785, 51.5087924 ], [ 104.1881605, 51.5087149 ], [ 104.1882217, 51.5086286 ], [ 104.1883042, 51.5085122 ], [ 104.1882276, 51.5084049 ], [ 104.1878918, 51.508188 ], [ 104.1877198, 51.5080769 ], [ 104.1874899, 51.5078265 ], [ 104.1874229, 51.5076894 ], [ 104.1872983, 51.5074926 ], [ 104.1873941, 51.5072779 ], [ 104.187557, 51.5070573 ], [ 104.1877773, 51.506783 ], [ 104.1879498, 51.5066459 ], [ 104.1881222, 51.5066757 ], [ 104.1883809, 51.506789 ], [ 104.1926727, 51.5082677 ], [ 104.1935349, 51.5073256 ], [ 104.1946845, 51.5077251 ], [ 104.1948856, 51.5077371 ], [ 104.1949814, 51.5076894 ] ] } },
{ "type": "Feature", "properties": { }, "geometry": { "type": "LineString", "coordinates": [ [ 104.1914012, 51.5126521 ], [ 104.1902814, 51.5132418 ], [ 104.190067, 51.513264 ], [ 104.1900278, 51.5132716 ], [ 104.1895311, 51.5133678 ], [ 104.1892095, 51.5133382 ], [ 104.1890071, 51.5133678 ], [ 104.1887689, 51.5134938 ], [ 104.1861131, 51.5150057 ], [ 104.1833978, 51.5165917 ], [ 104.1812979, 51.5178563 ], [ 104.1793367, 51.5190373 ], [ 104.1794558, 51.5192892 ], [ 104.1794082, 51.5194745 ], [ 104.1794033, 51.5196126 ] ] } },
{ "type": "Feature", "properties": { }, "geometry": { "type": "LineString", "coordinates": [ [ 104.1812979, 51.5178563 ], [ 104.1806229, 51.5174736 ], [ 104.1805634, 51.5173476 ], [ 104.1804681, 51.5171105 ], [ 104.180349, 51.5169474 ], [ 104.1802061, 51.516903 ], [ 104.1780148, 51.518311 ] ] } },
{ "type": "Feature", "properties": { }, "geometry": { "type": "LineString", "coordinates": [ [ 104.1769496, 51.515067 ], [ 104.1769549, 51.5153392 ], [ 104.1768358, 51.5155171 ], [ 104.1766214, 51.5157913 ], [ 104.1765023, 51.516236 ], [ 104.1763594, 51.5164212 ], [ 104.1761093, 51.5165621 ], [ 104.1757639, 51.5167844 ], [ 104.175752, 51.51694 ], [ 104.1758949, 51.5171105 ], [ 104.1761808, 51.5173106 ], [ 104.1762285, 51.5173496 ], [ 104.176407, 51.5174958 ] ] } },
{ "type": "Feature", "properties": { }, "geometry": { "type": "LineString", "coordinates": [ [ 104.1796702, 51.5152651 ], [ 104.1762285, 51.5173496 ] ] } },
{ "type": "Feature", "properties": { }, "geometry": { "type": "LineString", "coordinates": [ [ 104.1288926, 51.5230302 ], [ 104.1285172, 51.523028 ], [ 104.1283387, 51.5230399 ], [ 104.1281704, 51.5230929 ] ] } },
{ "type": "Feature", "properties": { }, "geometry": { "type": "LineString", "coordinates": [ [ 104.129903, 51.523073 ], [ 104.1293584, 51.5230518 ], [ 104.1291354, 51.523028 ], [ 104.1288926, 51.5230302 ] ] } },
{ "type": "Feature", "properties": { }, "geometry": { "type": "LineString", "coordinates": [ [ 104.1306982, 51.5230321 ], [ 104.1304971, 51.5228953 ], [ 104.1304104, 51.5228933 ], [ 104.1298176, 51.5228798 ], [ 104.1298238, 51.5223051 ] ] } },
{ "type": "Feature", "properties": { }, "geometry": { "type": "LineString", "coordinates": [ [ 104.1304104, 51.5228933 ], [ 104.1304098, 51.5223051 ] ] } },
{ "type": "Feature", "properties": { }, "geometry": { "type": "LineString", "coordinates": [ [ 104.1341635, 51.5224719 ], [ 104.1343521, 51.5233178 ] ] } },
{ "type": "Feature", "properties": { }, "geometry": { "type": "LineString", "coordinates": [ [ 104.1335843, 51.5225124 ], [ 104.1329222, 51.5225435 ], [ 104.1326797, 51.5225548 ] ] } },
{ "type": "Feature", "properties": { }, "geometry": { "type": "LineString", "coordinates": [ [ 104.1330038, 51.5229758 ], [ 104.1329222, 51.5225435 ], [ 104.1328723, 51.522245 ], [ 104.1330555, 51.5221602 ], [ 104.1330179, 51.5220579 ], [ 104.1329286, 51.5217568 ], [ 104.1329897, 51.5216779 ], [ 104.1329568, 51.5215288 ], [ 104.1329654, 51.5212817 ] ] } },
{ "type": "Feature", "properties": { }, "geometry": { "type": "LineString", "coordinates": [ [ 104.1431369, 51.5038536 ], [ 104.1425482, 51.5035976 ] ] } },
{ "type": "Feature", "properties": { }, "geometry": { "type": "LineString", "coordinates": [ [ 104.1415806, 51.5035271 ], [ 104.139098, 51.5041377 ], [ 104.1391724, 51.5043314 ], [ 104.1392874, 51.504563 ], [ 104.1394295, 51.5046893 ], [ 104.1396054, 51.5047188 ], [ 104.1396822, 51.5047648 ] ] } },
{ "type": "Feature", "properties": { }, "geometry": { "type": "LineString", "coordinates": [ [ 104.1410642, 51.5034168 ], [ 104.1408298, 51.5034513 ], [ 104.1404983, 51.5035187 ], [ 104.1402954, 51.5035692 ], [ 104.1400383, 51.5035945 ], [ 104.1397474, 51.5036156 ], [ 104.1394295, 51.5036871 ], [ 104.1392265, 51.503725 ], [ 104.1390236, 51.503784 ], [ 104.138983, 51.5038766 ], [ 104.138983, 51.5039735 ] ] } },
{ "type": "Feature", "properties": { }, "geometry": { "type": "LineString", "coordinates": [ [ 104.138983, 51.5039735 ], [ 104.139098, 51.5041377 ] ] } },
{ "type": "Feature", "properties": { }, "geometry": { "type": "LineString", "coordinates": [ [ 104.1425471, 51.5028533 ], [ 104.1423055, 51.5028044 ], [ 104.1421295, 51.5027966 ], [ 104.141897, 51.5028123 ], [ 104.141721, 51.5028553 ], [ 104.1415953, 51.5029179 ], [ 104.1414256, 51.5029649 ], [ 104.1407593, 51.5030901 ] ] } },
{ "type": "Feature", "properties": { }, "geometry": { "type": "LineString", "coordinates": [ [ 104.144729, 51.5092718 ], [ 104.1455841, 51.5105925 ] ] } },
{ "type": "Feature", "properties": { }, "geometry": { "type": "LineString", "coordinates": [ [ 104.147158, 51.5097623 ], [ 104.1469291, 51.5096671 ], [ 104.1468704, 51.5096023 ], [ 104.1466098, 51.5091805 ] ] } },
{ "type": "Feature", "properties": { }, "geometry": { "type": "LineString", "coordinates": [ [ 104.1508842, 51.5156007 ], [ 104.1508563, 51.5156833 ] ] } },
{ "type": "Feature", "properties": { }, "geometry": { "type": "LineString", "coordinates": [ [ 104.1568903, 51.5187771 ], [ 104.157138, 51.5186086 ], [ 104.1572353, 51.5185177 ], [ 104.1573106, 51.5184475 ], [ 104.1574352, 51.5181551 ] ] } },
{ "type": "Feature", "properties": { }, "geometry": { "type": "LineString", "coordinates": [ [ 104.1572353, 51.5185177 ], [ 104.1573969, 51.5185966 ], [ 104.1575599, 51.5187518 ], [ 104.1577804, 51.5189069 ], [ 104.1579147, 51.5190501 ], [ 104.1580106, 51.5193962 ], [ 104.1580298, 51.5197542 ], [ 104.1580489, 51.5206134 ], [ 104.1579339, 51.5207745 ], [ 104.1579435, 51.5224452 ], [ 104.1578092, 51.5225705 ], [ 104.1576558, 51.5225586 ], [ 104.1574885, 51.5224927 ] ] } },
{ "type": "Feature", "properties": { }, "geometry": { "type": "LineString", "coordinates": [ [ 104.1516381, 51.5220773 ], [ 104.1516235, 51.5225531 ], [ 104.1516093, 51.5229666 ], [ 104.1516057, 51.5230723 ] ] } },
{ "type": "Feature", "properties": { }, "geometry": { "type": "LineString", "coordinates": [ [ 104.1516235, 51.5225531 ], [ 104.1524076, 51.5225517 ], [ 104.1526678, 51.5225513 ], [ 104.153062, 51.5225405 ] ] } },
{ "type": "Feature", "properties": { }, "geometry": { "type": "LineString", "coordinates": [ [ 104.1509853, 51.5216499 ], [ 104.1509936, 51.5222153 ] ] } },
{ "type": "Feature", "properties": { }, "geometry": { "type": "LineString", "coordinates": [ [ 104.1544383, 51.5156865 ], [ 104.1552555, 51.5155996 ], [ 104.1553241, 51.5154573 ], [ 104.1560467, 51.5156366 ], [ 104.1561702, 51.5156423 ], [ 104.1563258, 51.5156252 ], [ 104.156527, 51.5154402 ], [ 104.1567877, 51.5150986 ] ] } },
{ "type": "Feature", "properties": { }, "geometry": { "type": "LineString", "coordinates": [ [ 104.1552555, 51.5155996 ], [ 104.1552829, 51.5157448 ], [ 104.1551686, 51.5165161 ], [ 104.155164, 51.5168406 ], [ 104.155132, 51.5169715 ], [ 104.1550862, 51.5171024 ], [ 104.1550085, 51.5171622 ], [ 104.1548981, 51.517212 ] ] } },
{ "type": "Feature", "properties": { }, "geometry": { "type": "LineString", "coordinates": [ [ 104.1555998, 51.518777 ], [ 104.1556258, 51.5178448 ] ] } },
{ "type": "Feature", "properties": { }, "geometry": { "type": "LineString", "coordinates": [ [ 104.1498424, 51.5177899 ], [ 104.1498426, 51.518207 ], [ 104.1513183, 51.5182102 ] ] } },
{ "type": "Feature", "properties": { }, "geometry": { "type": "LineString", "coordinates": [ [ 104.1394319, 51.5227296 ], [ 104.1384713, 51.522796 ], [ 104.1381219, 51.522796 ], [ 104.1379296, 51.5227885 ] ] } },
{ "type": "Feature", "properties": { }, "geometry": { "type": "LineString", "coordinates": [ [ 104.1389435, 51.5278199 ], [ 104.1394063, 51.5269444 ], [ 104.1395196, 51.52668 ], [ 104.1394967, 51.5264853 ] ] } },
{ "type": "Feature", "properties": { }, "geometry": { "type": "LineString", "coordinates": [ [ 104.112554, 51.5182136 ], [ 104.1132992, 51.5180742 ], [ 104.1133954, 51.5180562 ], [ 104.113953, 51.5179688 ], [ 104.1140933, 51.5179242 ], [ 104.1147956, 51.517701 ], [ 104.1155177, 51.5174715 ], [ 104.1156335, 51.5174347 ], [ 104.1162394, 51.5172557 ], [ 104.1169966, 51.5170321 ], [ 104.117298, 51.516943 ], [ 104.1175547, 51.5168582 ], [ 104.117663, 51.5167783 ] ] } },
{ "type": "Feature", "properties": { }, "geometry": { "type": "LineString", "coordinates": [ [ 104.1220047, 51.5113556 ], [ 104.1220172, 51.5117493 ], [ 104.1215563, 51.5117591 ], [ 104.1211896, 51.5117722 ], [ 104.1208282, 51.5118471 ], [ 104.1201525, 51.5120232 ] ] } },
{ "type": "Feature", "properties": { }, "geometry": { "type": "LineString", "coordinates": [ [ 104.1220263, 51.5176454 ], [ 104.1209455, 51.5178037 ], [ 104.1203263, 51.5178944 ] ] } },
{ "type": "Feature", "properties": { }, "geometry": { "type": "LineString", "coordinates": [ [ 104.1306317, 51.5217363 ], [ 104.1305351, 51.5215685 ], [ 104.1305203, 51.521421 ], [ 104.1305894, 51.5212275 ], [ 104.1307128, 51.52112 ], [ 104.1307985, 51.5210942 ], [ 104.1314286, 51.5209665 ], [ 104.1316551, 51.5209707 ] ] } },
{ "type": "Feature", "properties": { }, "geometry": { "type": "LineString", "coordinates": [ [ 104.1376058, 51.5148422 ], [ 104.1376242, 51.5150649 ], [ 104.1376256, 51.5151442 ], [ 104.1376817, 51.5152406 ], [ 104.137775, 51.5153855 ] ] } },
{ "type": "Feature", "properties": { }, "geometry": { "type": "LineString", "coordinates": [ [ 104.1374889, 51.515765 ], [ 104.1374807, 51.5155659 ], [ 104.1375155, 51.5155017 ], [ 104.137775, 51.5153855 ], [ 104.137915, 51.5153625 ], [ 104.1380771, 51.5153648 ], [ 104.1382238, 51.5153972 ] ] } },
{ "type": "Feature", "properties": { }, "geometry": { "type": "LineString", "coordinates": [ [ 104.1348086, 51.5167433 ], [ 104.1349508, 51.5164531 ], [ 104.1350401, 51.5163687 ], [ 104.1352034, 51.5162862 ], [ 104.1356872, 51.5161482 ], [ 104.135909, 51.5160868 ], [ 104.136174, 51.5160945 ], [ 104.1365004, 51.5162008 ] ] } },
{ "type": "Feature", "properties": { }, "geometry": { "type": "LineString", "coordinates": [ [ 104.1397054, 51.514206 ], [ 104.139887, 51.5140926 ], [ 104.1400979, 51.5139609 ], [ 104.140292, 51.5138286 ], [ 104.1404583, 51.5137634 ], [ 104.140862, 51.5136752 ], [ 104.1409945, 51.5136292 ], [ 104.1410684, 51.5135372 ], [ 104.1411269, 51.5134087 ], [ 104.1412594, 51.5133358 ], [ 104.1417031, 51.5132265 ], [ 104.141851, 51.5131728 ], [ 104.1420204, 51.5130099 ], [ 104.1421141, 51.5129335 ], [ 104.1424025, 51.5128085 ], [ 104.1426243, 51.5127568 ], [ 104.1427414, 51.5126896 ], [ 104.1428431, 51.5125362 ], [ 104.1429448, 51.5124423 ], [ 104.143219, 51.512379 ], [ 104.1437517, 51.5121879 ] ] } },
{ "type": "Feature", "properties": { }, "geometry": { "type": "LineString", "coordinates": [ [ 104.1400639, 51.5155554 ], [ 104.1405192, 51.5153796 ], [ 104.1406196, 51.5153171 ], [ 104.14072, 51.5152357 ], [ 104.140755, 51.5151573 ] ] } },
{ "type": "Feature", "properties": { }, "geometry": { "type": "LineString", "coordinates": [ [ 104.1313998, 51.5175082 ], [ 104.131539, 51.5173296 ], [ 104.1316275, 51.5172228 ], [ 104.1317513, 51.5171644 ], [ 104.1319106, 51.5171611 ], [ 104.1321371, 51.517192 ], [ 104.1324518, 51.5172847 ] ] } },
{ "type": "Feature", "properties": { }, "geometry": { "type": "LineString", "coordinates": [ [ 104.1317344, 51.5174371 ], [ 104.1315295, 51.5175873 ], [ 104.1303566, 51.517825 ], [ 104.1301543, 51.5177801 ] ] } },
{ "type": "Feature", "properties": { }, "geometry": { "type": "LineString", "coordinates": [ [ 104.1293597, 51.5179358 ], [ 104.1290456, 51.5174506 ], [ 104.1289591, 51.517317 ] ] } },
{ "type": "Feature", "properties": { }, "geometry": { "type": "LineString", "coordinates": [ [ 104.1195126, 51.5190461 ], [ 104.1189547, 51.5190325 ] ] } },
{ "type": "Feature", "properties": { }, "geometry": { "type": "LineString", "coordinates": [ [ 104.1189547, 51.5190325 ], [ 104.1178413, 51.5190058 ], [ 104.1163849, 51.5189645 ], [ 104.1155372, 51.5189561 ], [ 104.1146816, 51.5189798 ], [ 104.1138501, 51.5190229 ], [ 104.1132707, 51.5190696 ], [ 104.1129199, 51.5191102 ], [ 104.1126367, 51.5191373 ], [ 104.112166, 51.5192077 ], [ 104.1112739, 51.5193851 ], [ 104.1107253, 51.5195033 ], [ 104.1101036, 51.5196527 ], [ 104.1094872, 51.5197875 ], [ 104.106924, 51.5206438 ], [ 104.1010747, 51.5225635 ], [ 104.1007855, 51.5226584 ], [ 104.0982627, 51.5234827 ], [ 104.0955556, 51.5243527 ], [ 104.0954451, 51.5243897 ], [ 104.094845, 51.524594 ], [ 104.0943797, 51.5247463 ], [ 104.0919679, 51.5255521 ] ] } },
{ "type": "Feature", "properties": { }, "geometry": { "type": "LineString", "coordinates": [ [ 104.1349009, 51.5224511 ], [ 104.1353407, 51.5224211 ], [ 104.1359308, 51.5223986 ], [ 104.1376763, 51.5222689 ] ] } },
{ "type": "Feature", "properties": { }, "geometry": { "type": "LineString", "coordinates": [ [ 104.1359308, 51.5223986 ], [ 104.1360275, 51.5235756 ] ] } },
{ "type": "Feature", "properties": { }, "geometry": { "type": "LineString", "coordinates": [ [ 104.1223097, 51.5124531 ], [ 104.1224032, 51.5122763 ], [ 104.1225911, 51.5121709 ], [ 104.122739, 51.5120654 ], [ 104.1227853, 51.5119925 ], [ 104.122776, 51.5119101 ], [ 104.1227421, 51.5118487 ], [ 104.1226528, 51.5117835 ], [ 104.1225696, 51.5117548 ], [ 104.1220172, 51.5117493 ] ] } },
{ "type": "Feature", "properties": { }, "geometry": { "type": "LineString", "coordinates": [ [ 104.1203112, 51.512238 ], [ 104.1205299, 51.5122706 ], [ 104.1211677, 51.512307 ], [ 104.1214821, 51.5123866 ] ] } },
{ "type": "Feature", "properties": { }, "geometry": { "type": "LineString", "coordinates": [ [ 104.1195717, 51.5115132 ], [ 104.1198583, 51.5114921 ], [ 104.1199692, 51.5115726 ], [ 104.1204036, 51.5115017 ], [ 104.120607, 51.5114997 ], [ 104.1213741, 51.5114115 ], [ 104.1220047, 51.5113556 ] ] } },
{ "type": "Feature", "properties": { }, "geometry": { "type": "LineString", "coordinates": [ [ 104.1197211, 51.5084592 ], [ 104.1200927, 51.5085099 ], [ 104.1203334, 51.5086443 ], [ 104.1203862, 51.50871 ], [ 104.1205988, 51.5089747 ], [ 104.12082, 51.5091817 ], [ 104.1212978, 51.5092985 ], [ 104.1217483, 51.5099161 ], [ 104.1217733, 51.5099504 ] ] } },
{ "type": "Feature", "properties": { }, "geometry": { "type": "LineString", "coordinates": [ [ 104.2093368, 51.4989007 ], [ 104.2020052, 51.5000194 ], [ 104.1990583, 51.5005363 ], [ 104.1963327, 51.5011902 ], [ 104.1734763, 51.5067346 ], [ 104.1726183, 51.5069402 ], [ 104.1696982, 51.5076539 ], [ 104.1691838, 51.5077796 ] ] } },
{ "type": "Feature", "properties": { }, "geometry": { "type": "LineString", "coordinates": [ [ 104.138402, 51.5187929 ], [ 104.1380198, 51.5190528 ], [ 104.1379561, 51.5191849 ], [ 104.1380126, 51.5194289 ] ] } },
{ "type": "Feature", "properties": { }, "geometry": { "type": "LineString", "coordinates": [ [ 104.1419651, 51.5204352 ], [ 104.1423481, 51.5204759 ] ] } },
{ "type": "Feature", "properties": { }, "geometry": { "type": "LineString", "coordinates": [ [ 104.1441969, 51.5207739 ], [ 104.1441014, 51.5207255 ], [ 104.1435223, 51.5205721 ] ] } },
{ "type": "Feature", "properties": { }, "geometry": { "type": "LineString", "coordinates": [ [ 104.1419651, 51.5204352 ], [ 104.1410947, 51.5201739 ], [ 104.1409004, 51.5201155 ], [ 104.140125, 51.5200052 ] ] } },
{ "type": "Feature", "properties": { }, "geometry": { "type": "LineString", "coordinates": [ [ 104.1401596, 51.5207836 ], [ 104.1407603, 51.52072 ], [ 104.1414421, 51.520627 ], [ 104.1416849, 51.5205572 ], [ 104.1419651, 51.5204352 ] ] } },
{ "type": "Feature", "properties": { }, "geometry": { "type": "LineString", "coordinates": [ [ 104.1401035, 51.5195668 ], [ 104.1406446, 51.5198565 ], [ 104.1409995, 51.5200774 ], [ 104.1410947, 51.5201739 ] ] } },
{ "type": "Feature", "properties": { }, "geometry": { "type": "LineString", "coordinates": [ [ 104.149887, 51.5226267 ], [ 104.149946, 51.5225672 ], [ 104.1500269, 51.5225263 ], [ 104.1501244, 51.5225035 ], [ 104.1502286, 51.522501 ], [ 104.1503286, 51.5225193 ], [ 104.1504142, 51.5225563 ], [ 104.1504764, 51.5226083 ], [ 104.150509, 51.5226699 ], [ 104.1505085, 51.5227348 ], [ 104.1504749, 51.5227962 ] ] } },
{ "type": "Feature", "properties": { }, "geometry": { "type": "LineString", "coordinates": [ [ 104.1504749, 51.5227962 ], [ 104.1504119, 51.5228478 ], [ 104.1503257, 51.5228843 ], [ 104.1502254, 51.5229019 ], [ 104.1501213, 51.5228988 ], [ 104.1500171, 51.5228727 ], [ 104.1499334, 51.522826 ], [ 104.1498803, 51.5227644 ], [ 104.1498642, 51.5226952 ], [ 104.149887, 51.5226267 ] ] } },
{ "type": "Feature", "properties": { }, "geometry": { "type": "LineString", "coordinates": [ [ 104.1496137, 51.5225546 ], [ 104.149946, 51.5225672 ] ] } },
{ "type": "Feature", "properties": { }, "geometry": { "type": "LineString", "coordinates": [ [ 104.1504749, 51.5227962 ], [ 104.1506863, 51.5227934 ], [ 104.150819, 51.5228632 ], [ 104.1508466, 51.5229549 ] ] } },
{ "type": "Feature", "properties": { }, "geometry": { "type": "LineString", "coordinates": [ [ 104.1534965, 51.5229478 ], [ 104.1535047, 51.5225937 ], [ 104.1536592, 51.5225987 ], [ 104.1536673, 51.5218529 ] ] } },
{ "type": "Feature", "properties": { }, "geometry": { "type": "LineString", "coordinates": [ [ 104.1259233, 51.518625 ], [ 104.1255359, 51.5176504 ], [ 104.1254057, 51.5172227 ], [ 104.1251674, 51.516595 ], [ 104.1249222, 51.5160333 ], [ 104.1248552, 51.5159256 ], [ 104.1243999, 51.5153832 ], [ 104.1241366, 51.5150695 ], [ 104.1240776, 51.5150004 ], [ 104.1237126, 51.5145678 ], [ 104.1232104, 51.513972 ], [ 104.122577, 51.5132172 ] ] } },
{ "type": "Feature", "properties": { }, "geometry": { "type": "LineString", "coordinates": [ [ 104.1220052, 51.5102134 ], [ 104.1217733, 51.5099504 ] ] } },
{ "type": "Feature", "properties": { }, "geometry": { "type": "LineString", "coordinates": [ [ 104.1404983, 51.5141081 ], [ 104.1405694, 51.5141681 ], [ 104.1406434, 51.5142196 ] ] } },
{ "type": "Feature", "properties": { }, "geometry": { "type": "LineString", "coordinates": [ [ 104.1375313, 51.5156391 ], [ 104.137636, 51.5156918 ], [ 104.1377516, 51.5157709 ] ] } },
{ "type": "Feature", "properties": { }, "geometry": { "type": "LineString", "coordinates": [ [ 104.1442871, 51.5124104 ], [ 104.1442046, 51.5122736 ] ] } },
{ "type": "Feature", "properties": { }, "geometry": { "type": "LineString", "coordinates": [ [ 104.1420433, 51.5095528 ], [ 104.1421174, 51.5096567 ], [ 104.1423366, 51.5099585 ], [ 104.1427191, 51.5105472 ], [ 104.1429295, 51.5108792 ], [ 104.143451, 51.5117175 ], [ 104.1436827, 51.5120939 ], [ 104.1437517, 51.5121879 ], [ 104.1439745, 51.5123972 ] ] } },
{ "type": "Feature", "properties": { }, "geometry": { "type": "LineString", "coordinates": [ [ 104.1411708, 51.5068335 ], [ 104.1408473, 51.5064103 ], [ 104.1409063, 51.5062199 ], [ 104.1406583, 51.5058848 ], [ 104.1404021, 51.5054637 ] ] } },
{ "type": "Feature", "properties": { }, "geometry": { "type": "LineString", "coordinates": [ [ 104.1649121, 51.5237546 ], [ 104.1648806, 51.5270592 ], [ 104.164815, 51.5272631 ], [ 104.1645529, 51.527397 ], [ 104.162334, 51.5279562 ], [ 104.1621654, 51.5280552 ], [ 104.1621561, 51.5281717 ], [ 104.1626829, 51.5289101 ], [ 104.1629706, 51.5293134 ] ] } },
{ "type": "Feature", "properties": { }, "geometry": { "type": "LineString", "coordinates": [ [ 104.1458205, 51.5230525 ], [ 104.1457668, 51.523167 ], [ 104.1454449, 51.5238679 ] ] } },
{ "type": "Feature", "properties": { }, "geometry": { "type": "LineString", "coordinates": [ [ 104.1526678, 51.5225513 ], [ 104.1526651, 51.5229735 ], [ 104.1526652, 51.5230788 ] ] } },
{ "type": "Feature", "properties": { }, "geometry": { "type": "LineString", "coordinates": [ [ 104.1424486, 51.5232341 ], [ 104.1435473, 51.5231546 ], [ 104.1439391, 51.5231263 ], [ 104.1452319, 51.5230504 ], [ 104.1453192, 51.5230507 ] ] } },
{ "type": "Feature", "properties": { }, "geometry": { "type": "LineString", "coordinates": [ [ 104.141916, 51.5232574 ], [ 104.1424486, 51.5232341 ] ] } },
{ "type": "Feature", "properties": { }, "geometry": { "type": "LineString", "coordinates": [ [ 104.1503546, 51.5264864 ], [ 104.1486769, 51.5264781 ], [ 104.1486132, 51.5264777 ], [ 104.1484881, 51.5265844 ], [ 104.1484928, 51.5267199 ], [ 104.1484974, 51.5268554 ], [ 104.1468617, 51.5268669 ] ] } },
{ "type": "Feature", "properties": { }, "geometry": { "type": "LineString", "coordinates": [ [ 104.1475686, 51.5166878 ], [ 104.1467775, 51.5166897 ], [ 104.1464297, 51.5166906 ], [ 104.1464289, 51.5167167 ], [ 104.146419, 51.517058 ], [ 104.1461728, 51.5170759 ], [ 104.1457903, 51.5171037 ], [ 104.1456462, 51.5171114 ], [ 104.1449655, 51.5171568 ], [ 104.1445943, 51.5171815 ] ] } },
{ "type": "Feature", "properties": { }, "geometry": { "type": "LineString", "coordinates": [ [ 104.1449655, 51.5171568 ], [ 104.1450022, 51.5177292 ] ] } },
{ "type": "Feature", "properties": { }, "geometry": { "type": "LineString", "coordinates": [ [ 104.1457903, 51.5171037 ], [ 104.1458018, 51.5177827 ] ] } },
{ "type": "Feature", "properties": { }, "geometry": { "type": "LineString", "coordinates": [ [ 104.1473821, 51.5161117 ], [ 104.1467893, 51.5161362 ], [ 104.1467786, 51.5166272 ] ] } },
{ "type": "Feature", "properties": { }, "geometry": { "type": "LineString", "coordinates": [ [ 104.1477667, 51.5172997 ], [ 104.147004, 51.5173051 ], [ 104.1469396, 51.5172383 ], [ 104.1469335, 51.5170511 ], [ 104.1469342, 51.5167274 ] ] } },
{ "type": "Feature", "properties": { }, "geometry": { "type": "LineString", "coordinates": [ [ 104.146419, 51.517058 ], [ 104.1469335, 51.5170511 ] ] } },
{ "type": "Feature", "properties": { }, "geometry": { "type": "LineString", "coordinates": [ [ 104.1450022, 51.5177292 ], [ 104.145249, 51.5177927 ], [ 104.1458018, 51.5177827 ] ] } },
{ "type": "Feature", "properties": { }, "geometry": { "type": "LineString", "coordinates": [ [ 104.117663, 51.5167783 ], [ 104.117663, 51.5166934 ], [ 104.117643, 51.5165911 ], [ 104.1175383, 51.5163227 ], [ 104.1161246, 51.5126634 ], [ 104.1160832, 51.5126054 ], [ 104.1160003, 51.5125904 ], [ 104.1158726, 51.5126248 ], [ 104.1155344, 51.5127236 ], [ 104.1153887, 51.5127777 ], [ 104.1152773, 51.5128191 ], [ 104.1147037, 51.513032 ], [ 104.1146317, 51.5130598 ], [ 104.1140188, 51.5132961 ], [ 104.1139234, 51.5133328 ], [ 104.1134917, 51.5134992 ], [ 104.1132193, 51.5136102 ], [ 104.1125336, 51.5138844 ], [ 104.1122572, 51.5139889 ], [ 104.1117877, 51.5141451 ], [ 104.1112035, 51.5143604 ], [ 104.1110926, 51.5143998 ], [ 104.1103578, 51.5146165 ], [ 104.1100143, 51.514669 ], [ 104.1095884, 51.5147605 ] ] } },
{ "type": "Feature", "properties": { }, "geometry": { "type": "LineString", "coordinates": [ [ 104.128226, 51.513793 ], [ 104.1272396, 51.5140466 ], [ 104.1259256, 51.5144232 ], [ 104.1254115, 51.5144898 ], [ 104.1250948, 51.5145514 ], [ 104.1247782, 51.514733 ], [ 104.1244167, 51.5149592 ], [ 104.1241366, 51.5150695 ] ] } },
{ "type": "Feature", "properties": { }, "geometry": { "type": "LineString", "coordinates": [ [ 104.1185933, 51.5241627 ], [ 104.1201275, 51.5240892 ], [ 104.1216001, 51.5238823 ], [ 104.1233178, 51.5236409 ], [ 104.1248268, 51.5235151 ] ] } },
{ "type": "Feature", "properties": { }, "geometry": { "type": "LineString", "coordinates": [ [ 104.1462879, 51.5193227 ], [ 104.1462694, 51.5183641 ], [ 104.1474895, 51.5183526 ] ] } },
{ "type": "Feature", "properties": { }, "geometry": { "type": "LineString", "coordinates": [ [ 104.11987, 51.5224337 ], [ 104.1199032, 51.5224274 ], [ 104.1215223, 51.52212 ], [ 104.1215555, 51.5221121 ], [ 104.1220272, 51.5220549 ], [ 104.1223162, 51.5220198 ], [ 104.1230672, 51.5219931 ], [ 104.12458, 51.5218529 ], [ 104.1255014, 51.5217373 ], [ 104.1258567, 51.5216927 ] ] } },
{ "type": "Feature", "properties": { }, "geometry": { "type": "LineString", "coordinates": [ [ 104.1352622, 51.5177436 ], [ 104.1359218, 51.5175336 ], [ 104.1374544, 51.516924 ] ] } },
{ "type": "Feature", "properties": { }, "geometry": { "type": "LineString", "coordinates": [ [ 104.1295966, 51.5218865 ], [ 104.1294093, 51.5220086 ], [ 104.1292485, 51.5221587 ], [ 104.129105, 51.5223051 ], [ 104.1287838, 51.5222995 ], [ 104.1286974, 51.522298 ], [ 104.1285826, 51.5223408 ], [ 104.1282726, 51.5225551 ], [ 104.1281437, 51.5226479 ] ] } },
{ "type": "Feature", "properties": { }, "geometry": { "type": "LineString", "coordinates": [ [ 104.1281693, 51.5217193 ], [ 104.1281437, 51.5226479 ] ] } },
{ "type": "Feature", "properties": { }, "geometry": { "type": "LineString", "coordinates": [ [ 104.1281437, 51.5226479 ], [ 104.1279684, 51.5227694 ], [ 104.1277503, 51.5228516 ], [ 104.1275666, 51.5228623 ], [ 104.1270269, 51.5228516 ], [ 104.1267916, 51.5228302 ], [ 104.1266768, 51.5228873 ], [ 104.1265562, 51.5229766 ], [ 104.1265562, 51.5229802 ], [ 104.1264299, 51.5231802 ], [ 104.1263151, 51.5232123 ], [ 104.1261831, 51.5232516 ], [ 104.1261257, 51.5233088 ], [ 104.1260625, 51.5234016 ], [ 104.1259643, 51.523592 ] ] } },
{ "type": "Feature", "properties": { }, "geometry": { "type": "LineString", "coordinates": [ [ 104.1336114, 51.5258416 ], [ 104.1328507, 51.5257087 ], [ 104.1313999, 51.5254727 ], [ 104.1284548, 51.5253907 ], [ 104.1273322, 51.5253657 ] ] } },
{ "type": "Feature", "properties": { }, "geometry": { "type": "LineString", "coordinates": [ [ 104.1337405, 51.5254014 ], [ 104.1336588, 51.5257072 ], [ 104.1336114, 51.5258416 ] ] } },
{ "type": "Feature", "properties": { }, "geometry": { "type": "LineString", "coordinates": [ [ 104.1463923, 51.5202726 ], [ 104.146842, 51.5202568 ], [ 104.1470659, 51.5202522 ], [ 104.1478789, 51.5202343 ], [ 104.1481174, 51.5202395 ] ] } },
{ "type": "Feature", "properties": { }, "geometry": { "type": "LineString", "coordinates": [ [ 104.1480628, 51.5182143 ], [ 104.1477084, 51.518237 ], [ 104.147585, 51.5182704 ], [ 104.1474895, 51.5183526 ] ] } },
{ "type": "Feature", "properties": { }, "geometry": { "type": "LineString", "coordinates": [ [ 104.1223282, 51.5184063 ], [ 104.1221606, 51.5179839 ], [ 104.1220263, 51.5176454 ], [ 104.1218251, 51.5171573 ], [ 104.1213161, 51.5159857 ], [ 104.120972, 51.5154788 ] ] } },
{ "type": "Feature", "properties": { }, "geometry": { "type": "LineString", "coordinates": [ [ 104.1402967, 51.5218827 ], [ 104.1399354, 51.5219822 ], [ 104.1394606, 51.5220239 ], [ 104.1390234, 51.5220089 ], [ 104.1386908, 51.5219288 ], [ 104.1381758, 51.5219922 ], [ 104.1380443, 51.5219628 ] ] } },
{ "type": "Feature", "properties": { }, "geometry": { "type": "LineString", "coordinates": [ [ 104.1341635, 51.5224719 ], [ 104.1335843, 51.5225124 ] ] } },
{ "type": "Feature", "properties": { }, "geometry": { "type": "LineString", "coordinates": [ [ 104.1487625, 51.5231604 ], [ 104.1493309, 51.5231655 ], [ 104.1495028, 51.5231671 ] ] } },
{ "type": "Feature", "properties": { }, "geometry": { "type": "LineString", "coordinates": [ [ 104.1495189, 51.523055 ], [ 104.1495028, 51.5231671 ], [ 104.1493902, 51.5238213 ], [ 104.1487464, 51.5238313 ], [ 104.1487625, 51.5231604 ], [ 104.1487511, 51.523055 ] ] } },
{ "type": "Feature", "properties": { }, "geometry": { "type": "LineString", "coordinates": [ [ 104.1524076, 51.5225517 ], [ 104.152405, 51.5220372 ] ] } },
{ "type": "Feature", "properties": { }, "geometry": { "type": "LineString", "coordinates": [ [ 104.1542159, 51.5210892 ], [ 104.1544729, 51.5210926 ], [ 104.1544649, 51.5218513 ] ] } },
{ "type": "Feature", "properties": { }, "geometry": { "type": "LineString", "coordinates": [ [ 104.153042, 51.5210027 ], [ 104.1530058, 51.5215699 ] ] } },
{ "type": "Feature", "properties": { }, "geometry": { "type": "LineString", "coordinates": [ [ 104.1536449, 51.5190257 ], [ 104.1536388, 51.5192985 ], [ 104.1542155, 51.5195789 ], [ 104.1542503, 51.5197527 ] ] } },
{ "type": "Feature", "properties": { }, "geometry": { "type": "LineString", "coordinates": [ [ 104.156844, 51.5197541 ], [ 104.1572732, 51.5197541 ] ] } },
{ "type": "Feature", "properties": { }, "geometry": { "type": "LineString", "coordinates": [ [ 104.1568468, 51.5206557 ], [ 104.156844, 51.5197541 ], [ 104.1559202, 51.5197424 ] ] } },
{ "type": "Feature", "properties": { }, "geometry": { "type": "LineString", "coordinates": [ [ 104.1510138, 51.5210847 ], [ 104.1510207, 51.5213919 ] ] } },
{ "type": "Feature", "properties": { }, "geometry": { "type": "LineString", "coordinates": [ [ 104.1453192, 51.5230507 ], [ 104.1458205, 51.5230525 ], [ 104.1465811, 51.5230551 ], [ 104.1472393, 51.5230551 ], [ 104.1483873, 51.523055 ], [ 104.1487511, 51.523055 ], [ 104.1493465, 51.523055 ], [ 104.1495189, 51.523055 ], [ 104.14963, 51.523055 ] ] } },
{ "type": "Feature", "properties": { }, "geometry": { "type": "LineString", "coordinates": [ [ 104.1473821, 51.5159425 ], [ 104.1476682, 51.5156577 ], [ 104.1481546, 51.5155597 ], [ 104.1489605, 51.5155798 ], [ 104.1494137, 51.5155911 ], [ 104.150658, 51.5156221 ], [ 104.1508563, 51.5156833 ], [ 104.1522656, 51.5161182 ], [ 104.1523889, 51.5161562 ], [ 104.1535942, 51.5166546 ], [ 104.1546062, 51.5170731 ], [ 104.1547776, 51.5171546 ], [ 104.1548981, 51.517212 ], [ 104.1550121, 51.5172662 ], [ 104.1553358, 51.5174202 ], [ 104.1562513, 51.5181057 ], [ 104.1568903, 51.5187771 ], [ 104.1571239, 51.5190225 ], [ 104.1574529, 51.5195566 ], [ 104.1575101, 51.5203577 ], [ 104.1575069, 51.5206714 ], [ 104.1574885, 51.5224927 ], [ 104.157481, 51.5232357 ] ] } },
{ "type": "Feature", "properties": { }, "geometry": { "type": "LineString", "coordinates": [ [ 104.1599655, 51.5234174 ], [ 104.1611113, 51.5234948 ] ] } },
{ "type": "Feature", "properties": { }, "geometry": { "type": "LineString", "coordinates": [ [ 104.1372568, 51.5044659 ], [ 104.1372683, 51.5044996 ], [ 104.1374007, 51.5048861 ], [ 104.1375397, 51.5049726 ], [ 104.1377134, 51.5050097 ], [ 104.1379467, 51.5049942 ], [ 104.1380857, 51.5049015 ], [ 104.1380708, 51.5047656 ], [ 104.137361, 51.5036904 ], [ 104.1374187, 51.5035088 ], [ 104.1375099, 51.503332 ], [ 104.1383687, 51.5030176 ], [ 104.1395302, 51.502446 ], [ 104.1404286, 51.5021648 ], [ 104.1410888, 51.5020319 ], [ 104.1413768, 51.5018743 ], [ 104.1413123, 51.5016673 ], [ 104.1411237, 51.501485 ], [ 104.1411783, 51.5014232 ], [ 104.1412974, 51.5013707 ], [ 104.1412825, 51.5013089 ], [ 104.141074, 51.501346 ], [ 104.1406571, 51.5014788 ], [ 104.1399175, 51.5015344 ], [ 104.1390042, 51.5017229 ], [ 104.1388106, 51.5018465 ], [ 104.138751, 51.5019917 ], [ 104.1387609, 51.5022667 ], [ 104.1388056, 51.5024552 ], [ 104.1386666, 51.5027395 ], [ 104.1383837, 51.5029125 ], [ 104.1379171, 51.5030825 ], [ 104.1375597, 51.5031443 ], [ 104.1372321, 51.5030701 ], [ 104.1371577, 51.5029403 ], [ 104.1374803, 51.5026035 ], [ 104.13752, 51.5023285 ], [ 104.1377682, 51.5020937 ], [ 104.1384036, 51.5018743 ], [ 104.1387858, 51.501658 ], [ 104.1391481, 51.5013676 ], [ 104.1395154, 51.50121 ], [ 104.1397984, 51.5011698 ], [ 104.1403543, 51.5013243 ], [ 104.1406422, 51.5012193 ], [ 104.1408606, 51.5008783 ], [ 104.1409698, 51.5005755 ], [ 104.1408656, 51.5004056 ], [ 104.1406273, 51.5004427 ], [ 104.1402947, 51.5005848 ], [ 104.1399175, 51.5005817 ], [ 104.1395154, 51.5004581 ], [ 104.1394013, 51.5000039 ], [ 104.139297, 51.4990274 ], [ 104.13957, 51.4989017 ], [ 104.1399671, 51.4989697 ], [ 104.1403344, 51.4992014 ], [ 104.1407365, 51.4996834 ], [ 104.1411882, 51.4998658 ], [ 104.1416349, 51.4998905 ], [ 104.1421115, 51.4997576 ], [ 104.1424667, 51.499804 ], [ 104.1428589, 51.4998194 ], [ 104.143251, 51.4996587 ], [ 104.1433404, 51.4994424 ], [ 104.1433701, 51.4989078 ], [ 104.1432212, 51.4988059 ], [ 104.1429482, 51.4988337 ], [ 104.1427397, 51.4990531 ], [ 104.1425958, 51.4992601 ], [ 104.1421143, 51.499495 ], [ 104.1414194, 51.4996093 ], [ 104.1410471, 51.4995753 ], [ 104.14065, 51.4993837 ], [ 104.140382, 51.4990654 ], [ 104.1403274, 51.4986977 ], [ 104.1401884, 51.498537 ], [ 104.1398806, 51.4984629 ], [ 104.1394984, 51.4984845 ], [ 104.1391857, 51.4987503 ], [ 104.139151, 51.4990345 ], [ 104.1393644, 51.5005598 ], [ 104.1397764, 51.5007174 ], [ 104.1402628, 51.5007236 ], [ 104.1405507, 51.5005753 ], [ 104.140789, 51.5005227 ], [ 104.1408436, 51.5005814 ], [ 104.1407543, 51.500773 ], [ 104.1403274, 51.5009646 ], [ 104.1398642, 51.5009524 ], [ 104.1393694, 51.5008595 ], [ 104.1391212, 51.5004517 ], [ 104.1389574, 51.4991344 ], [ 104.138734, 51.4985195 ], [ 104.1385355, 51.4984175 ], [ 104.138332, 51.4984051 ], [ 104.138193, 51.4984793 ], [ 104.1382029, 51.4985874 ], [ 104.1384015, 51.4987512 ], [ 104.1385504, 51.4991715 ], [ 104.1382327, 51.4994712 ], [ 104.1378578, 51.4994619 ], [ 104.1374756, 51.4991838 ], [ 104.1372771, 51.4987821 ], [ 104.1371976, 51.4986338 ], [ 104.1370934, 51.4986709 ], [ 104.1371927, 51.4989984 ], [ 104.1377883, 51.4996257 ], [ 104.1382301, 51.5000274 ], [ 104.1389002, 51.500311 ], [ 104.139069, 51.5005273 ], [ 104.1389399, 51.5010866 ], [ 104.1386967, 51.5015656 ], [ 104.1384386, 51.5017509 ], [ 104.1381904, 51.501717 ], [ 104.1380613, 51.5015872 ], [ 104.1379472, 51.5010588 ], [ 104.1371679, 51.4999063 ], [ 104.1370785, 51.4999372 ], [ 104.1376394, 51.5009229 ], [ 104.1375203, 51.5018251 ], [ 104.1374607, 51.5021737 ], [ 104.137287, 51.5025723 ], [ 104.1368849, 51.5030604 ], [ 104.1368303, 51.5032396 ], [ 104.1368899, 51.5035328 ], [ 104.1372568, 51.5044659 ] ] } },
{ "type": "Feature", "properties": { }, "geometry": { "type": "LineString", "coordinates": [ [ 104.1361866, 51.5046901 ], [ 104.1351612, 51.5054149 ], [ 104.1346613, 51.5058315 ], [ 104.1333765, 51.5066661 ], [ 104.1320121, 51.5070068 ], [ 104.1276397, 51.5081881 ], [ 104.124188, 51.5090991 ], [ 104.1236034, 51.5092963 ] ] } },
{ "type": "Feature", "properties": { }, "geometry": { "type": "LineString", "coordinates": [ [ 104.1380857, 51.5049015 ], [ 104.1388436, 51.5050363 ] ] } },
{ "type": "Feature", "properties": { }, "geometry": { "type": "LineString", "coordinates": [ [ 104.0384196, 51.4789633 ], [ 104.0394967, 51.4771544 ], [ 104.040846, 51.4755564 ], [ 104.0424043, 51.4744911 ], [ 104.0439247, 51.4731298 ], [ 104.0445328, 51.4726326 ], [ 104.0447419, 51.4719934 ], [ 104.0449509, 51.4714844 ], [ 104.045217, 51.4711766 ], [ 104.046392, 51.4709492 ], [ 104.0466233, 51.4709043 ], [ 104.0468513, 51.4706084 ], [ 104.0466043, 51.4701112 ], [ 104.0462622, 51.4679565 ], [ 104.0458251, 51.467412 ], [ 104.0456351, 51.4665122 ], [ 104.045426, 51.4653875 ], [ 104.045559, 51.4643456 ], [ 104.0449476, 51.4637936 ], [ 104.0430695, 51.4622144 ], [ 104.0418152, 51.4612079 ], [ 104.0401998, 51.4605922 ], [ 104.0392686, 51.4595384 ], [ 104.0359429, 51.4578806 ], [ 104.0328452, 51.4559268 ], [ 104.031952, 51.4550978 ], [ 104.0317239, 51.4539254 ], [ 104.0301655, 51.4526346 ], [ 104.0294624, 51.4519122 ], [ 104.0290475, 51.4516669 ], [ 104.0284359, 51.4501358 ], [ 104.0276635, 51.4483706 ], [ 104.0265584, 51.4470467 ], [ 104.0269983, 51.4455221 ], [ 104.0260219, 51.4446327 ], [ 104.0249973, 51.4424501 ], [ 104.0264833, 51.441784 ], [ 104.026891, 51.4418241 ], [ 104.0278351, 51.4414563 ], [ 104.0283501, 51.4414563 ], [ 104.0317082, 51.4396908 ], [ 104.0348196, 51.4381526 ], [ 104.034369, 51.4375841 ], [ 104.0349698, 51.4372163 ], [ 104.0364718, 51.437029 ], [ 104.036032, 51.4360191 ], [ 104.0360856, 51.4356379 ], [ 104.0361822, 51.4354372 ], [ 104.0357774, 51.4347265 ], [ 104.0373838, 51.4340059 ], [ 104.0380812, 51.433531 ], [ 104.039669, 51.4342801 ], [ 104.0408921, 51.4347483 ], [ 104.0417504, 51.4348018 ], [ 104.0436602, 51.4348487 ], [ 104.0442824, 51.4349891 ], [ 104.0453875, 51.4347751 ], [ 104.0471256, 51.4354439 ], [ 104.0482736, 51.4355777 ], [ 104.0497112, 51.4368685 ], [ 104.0506661, 51.4372297 ], [ 104.0523612, 51.4377313 ], [ 104.0537453, 51.4388548 ], [ 104.054507, 51.4395972 ], [ 104.0545499, 51.4402124 ], [ 104.0562343, 51.4406672 ], [ 104.057275, 51.4411286 ], [ 104.0581548, 51.4425464 ], [ 104.0585518, 51.442961 ], [ 104.0595817, 51.4434759 ], [ 104.0620386, 51.4444923 ], [ 104.0631008, 51.4453951 ], [ 104.0644205, 51.4464181 ], [ 104.0650105, 51.4467792 ], [ 104.0672958, 51.4476685 ], [ 104.0686476, 51.4478357 ], [ 104.0690875, 51.4478558 ], [ 104.0709007, 51.4483907 ], [ 104.0735721, 51.4499553 ], [ 104.074924, 51.450109 ], [ 104.0768015, 51.4502628 ], [ 104.0788078, 51.450089 ], [ 104.0805888, 51.4506038 ], [ 104.0808785, 51.4508646 ], [ 104.0817797, 51.4508512 ], [ 104.0833676, 51.4512724 ], [ 104.0853953, 51.450898 ], [ 104.0864896, 51.4507442 ], [ 104.0900516, 51.4520012 ], [ 104.0927982, 51.4535256 ], [ 104.094429, 51.4557452 ], [ 104.0964031, 51.4564939 ], [ 104.0953302, 51.4592214 ], [ 104.0945148, 51.4604781 ], [ 104.0948152, 51.4634995 ], [ 104.0943861, 51.4665741 ], [ 104.0942037, 51.4684205 ], [ 104.0933561, 51.4699543 ], [ 104.0933239, 51.4707078 ], [ 104.0933347, 51.471042 ], [ 104.0934581, 51.4716267 ], [ 104.0933669, 51.4721346 ], [ 104.0933615, 51.4726425 ], [ 104.0933508, 51.4729266 ], [ 104.0934466, 51.4731833 ], [ 104.0934581, 51.4732139 ], [ 104.0938765, 51.4734311 ], [ 104.0943432, 51.4739089 ], [ 104.0947455, 51.4747443 ], [ 104.0950298, 51.4751085 ], [ 104.095636, 51.4754827 ], [ 104.0968001, 51.4759504 ], [ 104.0974814, 51.4763447 ], [ 104.0984416, 51.4765452 ], [ 104.0992194, 51.476612 ], [ 104.1004157, 51.4768359 ], [ 104.1014028, 51.4772334 ], [ 104.1017675, 51.4772936 ], [ 104.102127, 51.4773938 ], [ 104.1025078, 51.4777112 ], [ 104.1028351, 51.4780821 ], [ 104.1030979, 51.4782024 ], [ 104.1039884, 51.4784863 ], [ 104.1045409, 51.4788706 ], [ 104.1049057, 51.4790643 ], [ 104.1053992, 51.4792949 ], [ 104.1063219, 51.48009 ], [ 104.1073358, 51.4806179 ], [ 104.1084784, 51.4811023 ], [ 104.108752, 51.4812459 ], [ 104.1087788, 51.4814597 ], [ 104.109149, 51.4816903 ], [ 104.1094011, 51.4820577 ], [ 104.1095835, 51.4824954 ], [ 104.1099483, 51.4827626 ], [ 104.1107207, 51.4833706 ], [ 104.1108817, 51.4835343 ], [ 104.111343, 51.4836813 ], [ 104.1120565, 51.4838183 ], [ 104.1125286, 51.4838751 ], [ 104.1126949, 51.4838584 ], [ 104.1130489, 51.4838216 ], [ 104.1145617, 51.4836112 ], [ 104.1157579, 51.4835143 ], [ 104.1168737, 51.483815 ], [ 104.117496, 51.4841958 ], [ 104.1180351, 51.4845448 ], [ 104.1190275, 51.4848706 ], [ 104.1191643, 51.4849741 ], [ 104.1191214, 51.4851679 ], [ 104.1191, 51.4854451 ], [ 104.119336, 51.4856756 ], [ 104.1195828, 51.4858159 ], [ 104.1199261, 51.4860731 ], [ 104.1203231, 51.4865241 ], [ 104.1206878, 51.4867613 ], [ 104.1212082, 51.4870051 ], [ 104.1216266, 51.4871287 ], [ 104.1221899, 51.4872356 ], [ 104.1224259, 51.4873291 ], [ 104.1226995, 51.4875964 ], [ 104.1230643, 51.4878001 ], [ 104.1238099, 51.4883913 ], [ 104.1245154, 51.4888657 ], [ 104.1258538, 51.489654 ], [ 104.1265243, 51.4898644 ], [ 104.1272485, 51.4904489 ], [ 104.1278011, 51.4907562 ], [ 104.1282195, 51.4910802 ], [ 104.1288096, 51.4914008 ], [ 104.1293514, 51.4915278 ], [ 104.1299468, 51.4918384 ], [ 104.1302633, 51.4921791 ], [ 104.1306174, 51.4925398 ], [ 104.1309822, 51.4931243 ], [ 104.1310734, 51.4935651 ], [ 104.1312128, 51.4940194 ], [ 104.1311216, 51.4946339 ], [ 104.1314059, 51.4949846 ], [ 104.1314542, 51.4953419 ], [ 104.1315507, 51.4956258 ], [ 104.1318136, 51.4958696 ], [ 104.1324037, 51.4961201 ], [ 104.1329402, 51.4962871 ], [ 104.1331547, 51.4965476 ], [ 104.1332915, 51.4967814 ], [ 104.1334283, 51.4968849 ], [ 104.1337314, 51.497142 ], [ 104.133946, 51.4972673 ], [ 104.1341338, 51.4974125 ], [ 104.134756, 51.4981422 ], [ 104.1351047, 51.4985764 ], [ 104.1354319, 51.4992677 ], [ 104.1357592, 51.4998671 ], [ 104.1360649, 51.5004431 ], [ 104.136419, 51.5010342 ], [ 104.1365907, 51.5013748 ], [ 104.1367033, 51.5018791 ], [ 104.1367274, 51.5021779 ], [ 104.1366228, 51.5024701 ], [ 104.1364646, 51.502799 ], [ 104.1363841, 51.5031897 ], [ 104.1361481, 51.5034802 ], [ 104.1360301, 51.5041147 ], [ 104.1360623, 51.5044285 ], [ 104.1361866, 51.5046901 ] ] } },
{ "type": "Feature", "properties": { }, "geometry": { "type": "LineString", "coordinates": [ [ 104.1402381, 51.5143397 ], [ 104.139895, 51.5145225 ], [ 104.1389931, 51.5150031 ] ] } },
{ "type": "Feature", "properties": { }, "geometry": { "type": "LineString", "coordinates": [ [ 104.1488793, 51.5134213 ], [ 104.1486658, 51.5135416 ], [ 104.1484285, 51.5136849 ], [ 104.1482306, 51.5137489 ], [ 104.1479259, 51.5138008 ], [ 104.1476815, 51.5137675 ], [ 104.1472088, 51.5137561 ], [ 104.1470056, 51.5137609 ] ] } },
{ "type": "Feature", "properties": { }, "geometry": { "type": "LineString", "coordinates": [ [ 104.1506623, 51.5124642 ], [ 104.1499922, 51.5127943 ], [ 104.1499329, 51.5128277 ], [ 104.1488793, 51.5134213 ] ] } },
{ "type": "Feature", "properties": { }, "geometry": { "type": "LineString", "coordinates": [ [ 104.1508301, 51.5132963 ], [ 104.1508717, 51.5134069 ], [ 104.1509481, 51.5135569 ] ] } },
{ "type": "Feature", "properties": { }, "geometry": { "type": "LineString", "coordinates": [ [ 104.1210462, 51.5099345 ], [ 104.1199131, 51.5102217 ], [ 104.1191806, 51.5104005 ], [ 104.1186491, 51.5104541 ], [ 104.1184959, 51.510481 ], [ 104.1181847, 51.510627 ], [ 104.1174505, 51.5108769 ], [ 104.1170643, 51.5110084 ], [ 104.1164176, 51.5111847 ] ] } },
{ "type": "Feature", "properties": { }, "geometry": { "type": "LineString", "coordinates": [ [ 104.1174505, 51.5108769 ], [ 104.1179886, 51.5110348 ], [ 104.1183253, 51.5112935 ], [ 104.1186994, 51.5116763 ], [ 104.1191067, 51.512261 ], [ 104.11914, 51.5128042 ], [ 104.1192688, 51.5129672 ], [ 104.1194102, 51.5130163 ], [ 104.1207985, 51.5130241 ], [ 104.1212807, 51.5129103 ], [ 104.1216672, 51.5128948 ], [ 104.1217919, 51.512931 ], [ 104.12223, 51.5129642 ] ] } },
{ "type": "Feature", "properties": { }, "geometry": { "type": "LineString", "coordinates": [ [ 104.1489523, 51.5058498 ], [ 104.148727, 51.5061477 ], [ 104.1487151, 51.5061634 ], [ 104.1485904, 51.5066248 ] ] } },
{ "type": "Feature", "properties": { }, "geometry": { "type": "LineString", "coordinates": [ [ 104.1477211, 51.5046757 ], [ 104.1482345, 51.5048795 ], [ 104.1489281, 51.505204 ], [ 104.149352, 51.5054023 ] ] } },
{ "type": "Feature", "properties": { }, "geometry": { "type": "LineString", "coordinates": [ [ 104.1502629, 51.5063798 ], [ 104.1507148, 51.5059742 ] ] } },
{ "type": "Feature", "properties": { }, "geometry": { "type": "LineString", "coordinates": [ [ 104.1501702, 51.5063413 ], [ 104.1502329, 51.506433 ], [ 104.1501873, 51.5065515 ], [ 104.1501203, 51.5066116 ], [ 104.1500151, 51.5066684 ], [ 104.1498125, 51.5067776 ] ] } },
{ "type": "Feature", "properties": { }, "geometry": { "type": "LineString", "coordinates": [ [ 104.148727, 51.5061477 ], [ 104.1500151, 51.5066684 ] ] } },
{ "type": "Feature", "properties": { }, "geometry": { "type": "LineString", "coordinates": [ [ 104.1673434, 51.5127422 ], [ 104.1675995, 51.5127377 ], [ 104.1677459, 51.5128333 ], [ 104.1677751, 51.51302 ], [ 104.1674532, 51.5135309 ] ] } },
{ "type": "Feature", "properties": { }, "geometry": { "type": "LineString", "coordinates": [ [ 104.1687265, 51.5135224 ], [ 104.1687411, 51.5132022 ], [ 104.1706511, 51.5131885 ] ] } },
{ "type": "Feature", "properties": { }, "geometry": { "type": "LineString", "coordinates": [ [ 104.1804807, 51.5084861 ], [ 104.1795211, 51.5087092 ], [ 104.1791074, 51.5087229 ], [ 104.1789971, 51.508668 ], [ 104.1788978, 51.5085753 ], [ 104.17876, 51.5085204 ], [ 104.1709827, 51.5103227 ], [ 104.170851, 51.510391 ], [ 104.1706681, 51.5105413 ], [ 104.1706827, 51.5109512 ], [ 104.1707486, 51.5112381 ], [ 104.1708752, 51.5112807 ], [ 104.171173, 51.5114145 ], [ 104.1717931, 51.5116325 ], [ 104.1720224, 51.5117132 ], [ 104.17213, 51.5118181 ], [ 104.1721878, 51.5118745 ], [ 104.1723754, 51.5119672 ], [ 104.1725077, 51.5121422 ], [ 104.1726842, 51.5124752 ], [ 104.1731695, 51.5126639 ], [ 104.1732854, 51.512863 ], [ 104.1734563, 51.5129728 ] ] } },
{ "type": "Feature", "properties": { }, "geometry": { "type": "LineString", "coordinates": [ [ 104.1734563, 51.5129728 ], [ 104.1739748, 51.5126056 ] ] } },
{ "type": "Feature", "properties": { }, "geometry": { "type": "LineString", "coordinates": [ [ 104.1649726, 51.5193831 ], [ 104.1642193, 51.5193318 ], [ 104.1639474, 51.5193137 ], [ 104.1614132, 51.5183319 ], [ 104.1602772, 51.5177428 ], [ 104.1598014, 51.5173772 ], [ 104.1592479, 51.5171929 ], [ 104.1587916, 51.5170177 ], [ 104.1586605, 51.5169724 ] ] } },
{ "type": "Feature", "properties": { }, "geometry": { "type": "LineString", "coordinates": [ [ 104.1436827, 51.5120939 ], [ 104.1439413, 51.5120105 ], [ 104.1439992, 51.5121066 ], [ 104.1443191, 51.512019 ] ] } },
{ "type": "Feature", "properties": { }, "geometry": { "type": "LineString", "coordinates": [ [ 104.1435024, 51.5096509 ], [ 104.1437696, 51.5095675 ], [ 104.1438591, 51.5095049 ] ] } },
{ "type": "Feature", "properties": { }, "geometry": { "type": "LineString", "coordinates": [ [ 104.1569068, 51.5086388 ], [ 104.1569109, 51.508876 ], [ 104.1570499, 51.5090229 ], [ 104.1571005, 51.5091094 ], [ 104.1571427, 51.5092406 ], [ 104.1569572, 51.5094452 ], [ 104.1569193, 51.5095475 ], [ 104.1570373, 51.5099751 ] ] } },
{ "type": "Feature", "properties": { }, "geometry": { "type": "LineString", "coordinates": [ [ 104.1578399, 51.5107242 ], [ 104.1580699, 51.5107882 ], [ 104.1582048, 51.5107882 ], [ 104.158243, 51.5107792 ], [ 104.158504, 51.5107174 ] ] } },
{ "type": "Feature", "properties": { }, "geometry": { "type": "LineString", "coordinates": [ [ 104.158243, 51.5107792 ], [ 104.1582638, 51.5108905 ], [ 104.158053, 51.511221 ] ] } },
{ "type": "Feature", "properties": { }, "geometry": { "type": "LineString", "coordinates": [ [ 104.14839, 51.5121534 ], [ 104.1497639, 51.5115279 ], [ 104.1498601, 51.511489 ], [ 104.1507494, 51.5111291 ], [ 104.1510553, 51.5110475 ], [ 104.1518225, 51.5108732 ], [ 104.1520263, 51.5108269 ], [ 104.1525214, 51.5106638 ], [ 104.1528506, 51.5106241 ] ] } },
{ "type": "Feature", "properties": { }, "geometry": { "type": "LineString", "coordinates": [ [ 104.1518225, 51.5108732 ], [ 104.1521003, 51.5114172 ] ] } },
{ "type": "Feature", "properties": { }, "geometry": { "type": "LineString", "coordinates": [ [ 104.1506623, 51.5124642 ], [ 104.1516684, 51.5122133 ], [ 104.1525611, 51.5119906 ] ] } },
{ "type": "Feature", "properties": { }, "geometry": { "type": "LineString", "coordinates": [ [ 104.1525611, 51.5119906 ], [ 104.1523028, 51.5116213 ] ] } },
{ "type": "Feature", "properties": { }, "geometry": { "type": "LineString", "coordinates": [ [ 104.1521058, 51.5123201 ], [ 104.1523822, 51.5130674 ], [ 104.1535956, 51.5128816 ], [ 104.1541515, 51.5127965 ], [ 104.154426, 51.5129374 ] ] } },
{ "type": "Feature", "properties": { }, "geometry": { "type": "LineString", "coordinates": [ [ 104.1523822, 51.5130674 ], [ 104.1520334, 51.5131007 ] ] } },
{ "type": "Feature", "properties": { }, "geometry": { "type": "LineString", "coordinates": [ [ 104.1535956, 51.5128816 ], [ 104.1533923, 51.5123577 ] ] } },
{ "type": "Feature", "properties": { }, "geometry": { "type": "LineString", "coordinates": [ [ 104.154426, 51.5129374 ], [ 104.1544789, 51.5130857 ], [ 104.1542379, 51.5131875 ] ] } },
{ "type": "Feature", "properties": { }, "geometry": { "type": "LineString", "coordinates": [ [ 104.1442046, 51.5122736 ], [ 104.1439992, 51.5121066 ] ] } },
{ "type": "Feature", "properties": { }, "geometry": { "type": "LineString", "coordinates": [ [ 104.1439745, 51.5123972 ], [ 104.144588, 51.5132473 ], [ 104.1445838, 51.5133418 ], [ 104.1445417, 51.5133968 ], [ 104.1442804, 51.5135437 ] ] } },
{ "type": "Feature", "properties": { }, "geometry": { "type": "LineString", "coordinates": [ [ 104.1487013, 51.5080103 ], [ 104.1481056, 51.5081888 ], [ 104.1482987, 51.5084342 ], [ 104.14773, 51.5086252 ], [ 104.1479043, 51.5088187 ], [ 104.1475183, 51.5089354 ] ] } },
{ "type": "Feature", "properties": { }, "geometry": { "type": "LineString", "coordinates": [ [ 104.1448213, 51.5109948 ], [ 104.1451952, 51.5112708 ] ] } },
{ "type": "Feature", "properties": { }, "geometry": { "type": "LineString", "coordinates": [ [ 104.1284209, 51.5175388 ], [ 104.1290456, 51.5174506 ], [ 104.1299471, 51.5173234 ], [ 104.1301356, 51.5175119 ], [ 104.1302731, 51.5177534 ] ] } },
{ "type": "Feature", "properties": { }, "geometry": { "type": "LineString", "coordinates": [ [ 104.154159, 51.523088 ], [ 104.1558226, 51.5231449 ], [ 104.156584, 51.523171 ], [ 104.157481, 51.5232357 ] ] } },
{ "type": "Feature", "properties": { }, "geometry": { "type": "LineString", "coordinates": [ [ 104.140125, 51.5200052 ], [ 104.1399916, 51.520011 ], [ 104.1398241, 51.5199563 ], [ 104.1397777, 51.5199058 ], [ 104.1397128, 51.5198352 ], [ 104.1397168, 51.5197585 ], [ 104.1396874, 51.5193892 ] ] } },
{ "type": "Feature", "properties": { }, "geometry": { "type": "LineString", "coordinates": [ [ 104.1386678, 51.5195014 ], [ 104.1386556, 51.5194163 ] ] } },
{ "type": "Feature", "properties": { }, "geometry": { "type": "LineString", "coordinates": [ [ 104.1386504, 51.5151859 ], [ 104.1383793, 51.5153182 ] ] } },
{ "type": "Feature", "properties": { }, "geometry": { "type": "LineString", "coordinates": [ [ 104.1383793, 51.5153182 ], [ 104.1382238, 51.5153972 ], [ 104.1381421, 51.5154428 ] ] } },
{ "type": "Feature", "properties": { }, "geometry": { "type": "LineString", "coordinates": [ [ 104.1413889, 51.5093704 ], [ 104.1420313, 51.5091836 ] ] } },
{ "type": "Feature", "properties": { }, "geometry": { "type": "LineString", "coordinates": [ [ 104.1413889, 51.5093704 ], [ 104.1420433, 51.5095528 ] ] } },
{ "type": "Feature", "properties": { }, "geometry": { "type": "LineString", "coordinates": [ [ 104.1420313, 51.5091836 ], [ 104.1420433, 51.5095528 ] ] } },
{ "type": "Feature", "properties": { }, "geometry": { "type": "LineString", "coordinates": [ [ 104.1383793, 51.5153182 ], [ 104.1385896, 51.5154268 ] ] } },
{ "type": "Feature", "properties": { }, "geometry": { "type": "LineString", "coordinates": [ [ 104.1439745, 51.5123972 ], [ 104.1405694, 51.5141681 ], [ 104.1402381, 51.5143397 ] ] } },
{ "type": "Feature", "properties": { }, "geometry": { "type": "LineString", "coordinates": [ [ 104.1259233, 51.518625 ], [ 104.1248216, 51.5187892 ], [ 104.1239635, 51.5188853 ], [ 104.1226129, 51.5190072 ], [ 104.1219548, 51.519044 ], [ 104.1211665, 51.519059 ], [ 104.1201133, 51.5190542 ], [ 104.1195126, 51.5190461 ] ] } },
{ "type": "Feature", "properties": { }, "geometry": { "type": "LineString", "coordinates": [ [ 104.122441, 51.5130329 ], [ 104.1224693, 51.5129823 ], [ 104.122504, 51.5129366 ], [ 104.12373, 51.512059 ], [ 104.1238596, 51.5119819 ], [ 104.1239392, 51.5118534 ], [ 104.1239311, 51.5117716 ], [ 104.1238767, 51.5117022 ], [ 104.1221094, 51.5102963 ], [ 104.1220052, 51.5102134 ] ] } },
{ "type": "Feature", "properties": { }, "geometry": { "type": "LineString", "coordinates": [ [ 104.1223839, 51.5129758 ], [ 104.122441, 51.5130329 ] ] } },
{ "type": "Feature", "properties": { }, "geometry": { "type": "LineString", "coordinates": [ [ 104.122577, 51.5132172 ], [ 104.1224405, 51.5132339 ], [ 104.1222782, 51.5132427 ], [ 104.1221728, 51.5132351 ], [ 104.1221039, 51.5131846 ], [ 104.1220714, 51.5131039 ] ] } },
{ "type": "Feature", "properties": { }, "geometry": { "type": "LineString", "coordinates": [ [ 104.12223, 51.5129642 ], [ 104.1223839, 51.5129758 ] ] } },
{ "type": "Feature", "properties": { }, "geometry": { "type": "LineString", "coordinates": [ [ 104.1220714, 51.5131039 ], [ 104.1220917, 51.5130269 ], [ 104.1221789, 51.5129827 ], [ 104.12223, 51.5129642 ] ] } },
{ "type": "Feature", "properties": { }, "geometry": { "type": "LineString", "coordinates": [ [ 104.1381421, 51.5154428 ], [ 104.1377831, 51.5156185 ] ] } },
{ "type": "Feature", "properties": { }, "geometry": { "type": "LineString", "coordinates": [ [ 104.122577, 51.5132172 ], [ 104.122441, 51.5130329 ] ] } },
{ "type": "Feature", "properties": { }, "geometry": { "type": "LineString", "coordinates": [ [ 104.138258, 51.5156113 ], [ 104.1381421, 51.5154428 ] ] } },
{ "type": "Feature", "properties": { }, "geometry": { "type": "LineString", "coordinates": [ [ 104.1823668, 51.5234126 ], [ 104.1815354, 51.5239378 ], [ 104.1807629, 51.5242515 ], [ 104.1779735, 51.5249925 ], [ 104.1778531, 51.525421 ], [ 104.1769933, 51.5258303 ] ] } },
{ "type": "Feature", "properties": { }, "geometry": { "type": "LineString", "coordinates": [ [ 104.1823668, 51.5234126 ], [ 104.1828945, 51.5233218 ], [ 104.1833635, 51.5228071 ], [ 104.1838846, 51.5225923 ], [ 104.1845424, 51.5224586 ] ] } },
{ "type": "Feature", "properties": { }, "geometry": { "type": "LineString", "coordinates": [ [ 104.1401533, 51.512119 ], [ 104.1401884, 51.5117684 ], [ 104.1403075, 51.5113204 ], [ 104.140427, 51.5111358 ] ] } },
{ "type": "Feature", "properties": { }, "geometry": { "type": "LineString", "coordinates": [ [ 104.1236034, 51.5092963 ], [ 104.1225919, 51.5095697 ], [ 104.1224335, 51.5096348 ], [ 104.1217483, 51.5099161 ] ] } },
{ "type": "Feature", "properties": { }, "geometry": { "type": "LineString", "coordinates": [ [ 104.1224335, 51.5096348 ], [ 104.1222033, 51.509293 ], [ 104.1231206, 51.5090492 ] ] } },
{ "type": "Feature", "properties": { }, "geometry": { "type": "LineString", "coordinates": [ [ 104.1435473, 51.5231546 ], [ 104.1434999, 51.5228462 ], [ 104.1432076, 51.5228606 ], [ 104.1431422, 51.5223078 ] ] } },
{ "type": "Feature", "properties": { }, "geometry": { "type": "LineString", "coordinates": [ [ 104.1434999, 51.5228462 ], [ 104.1435307, 51.5227002 ], [ 104.1438922, 51.5226021 ], [ 104.144923, 51.5225734 ] ] } },
{ "type": "Feature", "properties": { }, "geometry": { "type": "LineString", "coordinates": [ [ 104.1458205, 51.5230525 ], [ 104.1458422, 51.5221139 ] ] } },
{ "type": "Feature", "properties": { }, "geometry": { "type": "LineString", "coordinates": [ [ 104.1435223, 51.5205721 ], [ 104.1423481, 51.5204759 ] ] } },
{ "type": "Feature", "properties": { }, "geometry": { "type": "LineString", "coordinates": [ [ 104.1435223, 51.5205721 ], [ 104.1431563, 51.5198484 ], [ 104.1430114, 51.5190039 ] ] } },
{ "type": "Feature", "properties": { }, "geometry": { "type": "LineString", "coordinates": [ [ 104.1665809, 51.5063996 ], [ 104.1663551, 51.5059262 ], [ 104.1655076, 51.5054921 ], [ 104.1656363, 51.5049379 ], [ 104.1656256, 51.5039895 ], [ 104.1681361, 51.5038159 ] ] } },
{ "type": "Feature", "properties": { }, "geometry": { "type": "LineString", "coordinates": [ [ 104.1656363, 51.5049379 ], [ 104.1675119, 51.5048966 ], [ 104.171108, 51.5048176 ], [ 104.1701746, 51.5054587 ], [ 104.1688764, 51.5055055 ] ] } },
{ "type": "Feature", "properties": { }, "geometry": { "type": "LineString", "coordinates": [ [ 104.1679177, 51.5068332 ], [ 104.1682863, 51.5067409 ], [ 104.1675119, 51.5048966 ] ] } }
]
}
