{
"type": "FeatureCollection",
"name": "baikalsk_buildings",
"crs": { "type": "name", "properties": { "name": "urn:ogc:def:crs:OGC:1.3:CRS84" } },
"features": [
{ "type": "Feature", "properties": { }, "geometry": { "type": "Polygon", "coordinates": [ [ [ 104.1502378, 51.5224257 ], [ 104.1502378, 51.5224511 ], [ 104.1510067, 51.5224511 ], [ 104.1510067, 51.5222973 ], [ 104.1502378, 51.5222973 ], [ 104.1502378, 51.5223312 ], [ 104.1501004, 51.5223312 ], [ 104.1500598, 51.5222938 ], [ 104.149999, 51.5222686 ], [ 104.1499272, 51.5222597 ], [ 104.1498555, 51.5222686 ], [ 104.1497947, 51.5222938 ], [ 104.1497541, 51.5223317 ], [ 104.1497398, 51.5223763 ], [ 104.1497541, 51.5224209 ], [ 104.1497947, 51.5224587 ], [ 104.1498555, 51.522484 ], [ 104.1499272, 51.5224929 ], [ 104.149999, 51.522484 ], [ 104.1500598, 51.5224587 ], [ 104.1501004, 51.5224257 ], [ 104.1502378, 51.5224257 ] ] ] } },
{ "type": "Feature", "properties": { }, "geometry": { "type": "Polygon", "coordinates": [ [ [ 104.1533822, 51.5168211 ], [ 104.1533822, 51.5167007 ], [ 104.1524362, 51.5167007 ], [ 104.1524362, 51.5168211 ], [ 104.1533822, 51.5168211 ] ] ] } },
{ "type": "Feature", "properties": { }, "geometry": { "type": "Polygon", "coordinates": [ [ [ 104.1563835, 51.5189859 ], [ 104.1563835, 51.5188459 ], [ 104.1551981, 51.5188459 ], [ 104.1551981, 51.5189859 ], [ 104.1563835, 51.5189859 ] ] ] } },
{ "type": "Feature", "properties": { }, "geometry": { "type": "Polygon", "coordinates": [ [ [ 104.1573276, 51.5197086 ], [ 104.1573276, 51.5195687 ], [ 104.1561423, 51.5195687 ], [ 104.1561423, 51.5197086 ], [ 104.1573276, 51.5197086 ] ] ] } },
{ "type": "Feature", "properties": { }, "geometry": { "type": "Polygon", "coordinates": [ [ [ 104.1538548, 51.5225807 ], [ 104.1540483, 51.5225807 ], [ 104.1540483, 51.5220836 ], [ 104.1538548, 51.5220836 ], [ 104.1538548, 51.5225807 ] ] ] } },
{ "type": "Feature", "properties": { }, "geometry": { "type": "Polygon", "coordinates": [ [ [ 104.1548496, 51.5194311 ], [ 104.1550403, 51.5194311 ], [ 104.1550403, 51.5188607 ], [ 104.1548496, 51.5188607 ], [ 104.1548496, 51.5194311 ] ] ] } },
{ "type": "Feature", "properties": { }, "geometry": { "type": "Polygon", "coordinates": [ [ [ 104.1554245, 51.5229373 ], [ 104.1556229, 51.5229373 ], [ 104.1556229, 51.5226266 ], [ 104.1554245, 51.5226266 ], [ 104.1554245, 51.5229373 ] ] ] } },
{ "type": "Feature", "properties": { }, "geometry": { "type": "Polygon", "coordinates": [ [ [ 104.1556086, 51.5208067 ], [ 104.1556086, 51.5206863 ], [ 104.1548096, 51.5206863 ], [ 104.1548096, 51.5208067 ], [ 104.1556086, 51.5208067 ] ] ] } },
{ "type": "Feature", "properties": { }, "geometry": { "type": "Polygon", "coordinates": [ [ [ 104.1518308, 51.517951 ], [ 104.1520379, 51.517951 ], [ 104.1520379, 51.5172018 ], [ 104.1518308, 51.5172018 ], [ 104.1518308, 51.517951 ] ] ] } },
{ "type": "Feature", "properties": { }, "geometry": { "type": "Polygon", "coordinates": [ [ [ 104.1539433, 51.5216225 ], [ 104.1541367, 51.5216225 ], [ 104.1541367, 51.5211253 ], [ 104.1539433, 51.5211253 ], [ 104.1539433, 51.5216225 ] ] ] } },
{ "type": "Feature", "properties": { }, "geometry": { "type": "Polygon", "coordinates": [ [ [ 104.1517806, 51.5196301 ], [ 104.1517806, 51.5195097 ], [ 104.1508346, 51.5195097 ], [ 104.1508346, 51.5196301 ], [ 104.1517806, 51.5196301 ] ] ] } },
{ "type": "Feature", "properties": { }, "geometry": { "type": "Polygon", "coordinates": [ [ [ 104.1507096, 51.520868 ], [ 104.1509031, 51.520868 ], [ 104.1509031, 51.5203709 ], [ 104.1507096, 51.5203709 ], [ 104.1507096, 51.520868 ] ] ] } },
{ "type": "Feature", "properties": { }, "geometry": { "type": "Polygon", "coordinates": [ [ [ 104.1531882, 51.521602 ], [ 104.1533816, 51.521602 ], [ 104.1533816, 51.5211049 ], [ 104.1531882, 51.5211049 ], [ 104.1531882, 51.521602 ] ] ] } },
{ "type": "Feature", "properties": { }, "geometry": { "type": "Polygon", "coordinates": [ [ [ 104.1518409, 51.5225181 ], [ 104.1520344, 51.5225181 ], [ 104.1520344, 51.522021 ], [ 104.1518409, 51.522021 ], [ 104.1518409, 51.5225181 ] ] ] } },
{ "type": "Feature", "properties": { }, "geometry": { "type": "Polygon", "coordinates": [ [ [ 104.1476822, 51.5224659 ], [ 104.1484955, 51.5224659 ], [ 104.1484955, 51.5220279 ], [ 104.1476822, 51.5220279 ], [ 104.1476822, 51.5224659 ] ] ] } },
{ "type": "Feature", "properties": { }, "geometry": { "type": "Polygon", "coordinates": [ [ [ 104.15495, 51.5229484 ], [ 104.1551483, 51.5229484 ], [ 104.1551483, 51.5226377 ], [ 104.15495, 51.5226377 ], [ 104.15495, 51.5229484 ] ] ] } },
{ "type": "Feature", "properties": { }, "geometry": { "type": "Polygon", "coordinates": [ [ [ 104.1517149, 51.5165273 ], [ 104.1517149, 51.5163849 ], [ 104.1502994, 51.5163849 ], [ 104.1502994, 51.5165273 ], [ 104.1517149, 51.5165273 ] ] ] } },
{ "type": "Feature", "properties": { }, "geometry": { "type": "Polygon", "coordinates": [ [ [ 104.1524075, 51.5229224 ], [ 104.1526058, 51.5229224 ], [ 104.1526058, 51.5226117 ], [ 104.1524075, 51.5226117 ], [ 104.1524075, 51.5229224 ] ] ] } },
{ "type": "Feature", "properties": { }, "geometry": { "type": "Polygon", "coordinates": [ [ [ 104.1565201, 51.5209143 ], [ 104.1565201, 51.5207939 ], [ 104.1557211, 51.5207939 ], [ 104.1557211, 51.5209143 ], [ 104.1565201, 51.5209143 ] ] ] } },
{ "type": "Feature", "properties": { }, "geometry": { "type": "Polygon", "coordinates": [ [ [ 104.1502616, 51.5198983 ], [ 104.1502616, 51.5197779 ], [ 104.1493156, 51.5197779 ], [ 104.1493156, 51.5198983 ], [ 104.1502616, 51.5198983 ] ] ] } },
{ "type": "Feature", "properties": { }, "geometry": { "type": "Polygon", "coordinates": [ [ [ 104.1556782, 51.5187043 ], [ 104.1558854, 51.5187043 ], [ 104.1558854, 51.5179551 ], [ 104.1556782, 51.5179551 ], [ 104.1556782, 51.5187043 ] ] ] } },
{ "type": "Feature", "properties": { }, "geometry": { "type": "Polygon", "coordinates": [ [ [ 104.151071, 51.522934 ], [ 104.1512644, 51.522934 ], [ 104.1512644, 51.5224368 ], [ 104.151071, 51.5224368 ], [ 104.151071, 51.522934 ] ] ] } },
{ "type": "Feature", "properties": { }, "geometry": { "type": "Polygon", "coordinates": [ [ [ 104.1535778, 51.5174287 ], [ 104.1537686, 51.5174287 ], [ 104.1537686, 51.5168583 ], [ 104.1535778, 51.5168583 ], [ 104.1535778, 51.5174287 ] ] ] } },
{ "type": "Feature", "properties": { }, "geometry": { "type": "Polygon", "coordinates": [ [ [ 104.1554642, 51.5196601 ], [ 104.1554642, 51.5195397 ], [ 104.1545182, 51.5195397 ], [ 104.1545182, 51.5196601 ], [ 104.1554642, 51.5196601 ] ] ] } },
{ "type": "Feature", "properties": { }, "geometry": { "type": "Polygon", "coordinates": [ [ [ 104.1522781, 51.517054 ], [ 104.1522781, 51.5169141 ], [ 104.1510928, 51.5169141 ], [ 104.1510928, 51.517054 ], [ 104.1522781, 51.517054 ] ] ] } },
{ "type": "Feature", "properties": { }, "geometry": { "type": "Polygon", "coordinates": [ [ [ 104.1548102, 51.5209964 ], [ 104.1548102, 51.520876 ], [ 104.1540112, 51.520876 ], [ 104.1540112, 51.5209964 ], [ 104.1548102, 51.5209964 ] ] ] } },
{ "type": "Feature", "properties": { }, "geometry": { "type": "Polygon", "coordinates": [ [ [ 104.1496565, 51.5216847 ], [ 104.1498499, 51.5216847 ], [ 104.1498499, 51.5211875 ], [ 104.1496565, 51.5211875 ], [ 104.1496565, 51.5216847 ] ] ] } },
{ "type": "Feature", "properties": { }, "geometry": { "type": "Polygon", "coordinates": [ [ [ 104.1544765, 51.5176792 ], [ 104.1544765, 51.5175588 ], [ 104.1535305, 51.5175588 ], [ 104.1535305, 51.5176792 ], [ 104.1544765, 51.5176792 ] ] ] } },
{ "type": "Feature", "properties": { }, "geometry": { "type": "Polygon", "coordinates": [ [ [ 104.1509796, 51.5179462 ], [ 104.1511867, 51.5179462 ], [ 104.1511867, 51.517197 ], [ 104.1509796, 51.517197 ], [ 104.1509796, 51.5179462 ] ] ] } },
{ "type": "Feature", "properties": { }, "geometry": { "type": "Polygon", "coordinates": [ [ [ 104.1555926, 51.5203006 ], [ 104.1558107, 51.5203006 ], [ 104.1558107, 51.5194068 ], [ 104.1555926, 51.5194068 ], [ 104.1555926, 51.5203006 ] ] ] } },
{ "type": "Feature", "properties": { }, "geometry": { "type": "Polygon", "coordinates": [ [ [ 104.1531796, 51.5225807 ], [ 104.1533731, 51.5225807 ], [ 104.1533731, 51.5220836 ], [ 104.1531796, 51.5220836 ], [ 104.1531796, 51.5225807 ] ] ] } },
{ "type": "Feature", "properties": { }, "geometry": { "type": "Polygon", "coordinates": [ [ [ 104.1552455, 51.521619 ], [ 104.155439, 51.521619 ], [ 104.155439, 51.5211219 ], [ 104.1552455, 51.5211219 ], [ 104.1552455, 51.521619 ] ] ] } },
{ "type": "Feature", "properties": { }, "geometry": { "type": "Polygon", "coordinates": [ [ [ 104.1488141, 51.5161013 ], [ 104.1488141, 51.5159809 ], [ 104.1478681, 51.5159809 ], [ 104.1478681, 51.5161013 ], [ 104.1488141, 51.5161013 ] ] ] } },
{ "type": "Feature", "properties": { }, "geometry": { "type": "Polygon", "coordinates": [ [ [ 104.1543178, 51.5205278 ], [ 104.1545086, 51.5205278 ], [ 104.1545086, 51.5199574 ], [ 104.1543178, 51.5199574 ], [ 104.1543178, 51.5205278 ] ] ] } },
{ "type": "Feature", "properties": { }, "geometry": { "type": "Polygon", "coordinates": [ [ [ 104.153759, 51.5229462 ], [ 104.1539573, 51.5229462 ], [ 104.1539573, 51.5226355 ], [ 104.153759, 51.5226355 ], [ 104.153759, 51.5229462 ] ] ] } },
{ "type": "Feature", "properties": { }, "geometry": { "type": "Polygon", "coordinates": [ [ [ 104.1519061, 51.522927 ], [ 104.1521045, 51.522927 ], [ 104.1521045, 51.5226164 ], [ 104.1519061, 51.5226164 ], [ 104.1519061, 51.522927 ] ] ] } },
{ "type": "Feature", "properties": { }, "geometry": { "type": "Polygon", "coordinates": [ [ [ 104.1519184, 51.5208133 ], [ 104.1521119, 51.5208133 ], [ 104.1521119, 51.5203162 ], [ 104.1519184, 51.5203162 ], [ 104.1519184, 51.5208133 ] ] ] } },
{ "type": "Feature", "properties": { }, "geometry": { "type": "Polygon", "coordinates": [ [ [ 104.1546752, 51.5189645 ], [ 104.1546752, 51.5188441 ], [ 104.1537292, 51.5188441 ], [ 104.1537292, 51.5189645 ], [ 104.1546752, 51.5189645 ] ] ] } },
{ "type": "Feature", "properties": { }, "geometry": { "type": "Polygon", "coordinates": [ [ [ 104.1511487, 51.5213388 ], [ 104.1513422, 51.5213388 ], [ 104.1513422, 51.5208416 ], [ 104.1511487, 51.5208416 ], [ 104.1511487, 51.5213388 ] ] ] } },
{ "type": "Feature", "properties": { }, "geometry": { "type": "Polygon", "coordinates": [ [ [ 104.1508443, 51.5181387 ], [ 104.1508443, 51.5180183 ], [ 104.1498983, 51.5180183 ], [ 104.1498983, 51.5181387 ], [ 104.1508443, 51.5181387 ] ] ] } },
{ "type": "Feature", "properties": { }, "geometry": { "type": "Polygon", "coordinates": [ [ [ 104.1532665, 51.5229258 ], [ 104.1534649, 51.5229258 ], [ 104.1534649, 51.5226151 ], [ 104.1532665, 51.5226151 ], [ 104.1532665, 51.5229258 ] ] ] } },
{ "type": "Feature", "properties": { }, "geometry": { "type": "Polygon", "coordinates": [ [ [ 104.1546855, 51.5178757 ], [ 104.1548762, 51.5178757 ], [ 104.1548762, 51.5173053 ], [ 104.1546855, 51.5173053 ], [ 104.1546855, 51.5178757 ] ] ] } },
{ "type": "Feature", "properties": { }, "geometry": { "type": "Polygon", "coordinates": [ [ [ 104.1494901, 51.5169673 ], [ 104.1494901, 51.5168469 ], [ 104.1485441, 51.5168469 ], [ 104.1485441, 51.5169673 ], [ 104.1494901, 51.5169673 ] ] ] } },
{ "type": "Feature", "properties": { }, "geometry": { "type": "Polygon", "coordinates": [ [ [ 104.1524909, 51.5225157 ], [ 104.1526844, 51.5225157 ], [ 104.1526844, 51.5220186 ], [ 104.1524909, 51.5220186 ], [ 104.1524909, 51.5225157 ] ] ] } },
{ "type": "Feature", "properties": { }, "geometry": { "type": "Polygon", "coordinates": [ [ [ 104.1518717, 51.5181565 ], [ 104.1518717, 51.5180361 ], [ 104.1509257, 51.5180361 ], [ 104.1509257, 51.5181565 ], [ 104.1518717, 51.5181565 ] ] ] } },
{ "type": "Feature", "properties": { }, "geometry": { "type": "Polygon", "coordinates": [ [ [ 104.1545889, 51.5216156 ], [ 104.1547824, 51.5216156 ], [ 104.1547824, 51.5211185 ], [ 104.1545889, 51.5211185 ], [ 104.1545889, 51.5216156 ] ] ] } },
{ "type": "Feature", "properties": { }, "geometry": { "type": "Polygon", "coordinates": [ [ [ 104.1503735, 51.5162 ], [ 104.1503735, 51.5160797 ], [ 104.1494276, 51.5160797 ], [ 104.1494276, 51.5162 ], [ 104.1503735, 51.5162 ] ] ] } },
{ "type": "Feature", "properties": { }, "geometry": { "type": "Polygon", "coordinates": [ [ [ 104.1510199, 51.5223135 ], [ 104.1512134, 51.5223135 ], [ 104.1512134, 51.5218164 ], [ 104.1510199, 51.5218164 ], [ 104.1510199, 51.5223135 ] ] ] } },
{ "type": "Feature", "properties": { }, "geometry": { "type": "Polygon", "coordinates": [ [ [ 104.1558912, 51.5216531 ], [ 104.1560847, 51.5216531 ], [ 104.1560847, 51.521156 ], [ 104.1558912, 51.521156 ], [ 104.1558912, 51.5216531 ] ] ] } },
{ "type": "Feature", "properties": { }, "geometry": { "type": "Polygon", "coordinates": [ [ [ 104.156969, 51.5205897 ], [ 104.1571762, 51.5205897 ], [ 104.1571762, 51.5198406 ], [ 104.156969, 51.5198406 ], [ 104.156969, 51.5205897 ] ] ] } },
{ "type": "Feature", "properties": { }, "geometry": { "type": "Polygon", "coordinates": [ [ [ 104.1483801, 51.5173782 ], [ 104.1483994, 51.5161767 ], [ 104.1481816, 51.5161753 ], [ 104.1481624, 51.5173769 ], [ 104.1483801, 51.5173782 ] ] ] } },
{ "type": "Feature", "properties": { }, "geometry": { "type": "Polygon", "coordinates": [ [ [ 104.1507728, 51.5182484 ], [ 104.1505357, 51.5182437 ], [ 104.1504972, 51.5189941 ], [ 104.1507343, 51.5189988 ], [ 104.1507728, 51.5182484 ] ] ] } },
{ "type": "Feature", "properties": { }, "geometry": { "type": "Polygon", "coordinates": [ [ [ 104.1508241, 51.5175938 ], [ 104.1489575, 51.5175778 ], [ 104.1489541, 51.5177295 ], [ 104.1508208, 51.5177454 ], [ 104.1508241, 51.5175938 ] ] ] } },
{ "type": "Feature", "properties": { }, "geometry": { "type": "Polygon", "coordinates": [ [ [ 104.1497657, 51.5178452 ], [ 104.1496176, 51.5178443 ], [ 104.1496048, 51.5185907 ], [ 104.1497529, 51.5185917 ], [ 104.1497657, 51.5178452 ] ] ] } },
{ "type": "Feature", "properties": { }, "geometry": { "type": "Polygon", "coordinates": [ [ [ 104.1504877, 51.519642 ], [ 104.1507156, 51.5196439 ], [ 104.1507285, 51.5190565 ], [ 104.1505006, 51.5190546 ], [ 104.1504877, 51.519642 ] ] ] } },
{ "type": "Feature", "properties": { }, "geometry": { "type": "Polygon", "coordinates": [ [ [ 104.1520006, 51.5211736 ], [ 104.1519977, 51.5213084 ], [ 104.1526555, 51.5213141 ], [ 104.1526585, 51.5211792 ], [ 104.1520006, 51.5211736 ] ] ] } },
{ "type": "Feature", "properties": { }, "geometry": { "type": "Polygon", "coordinates": [ [ [ 104.1497274, 51.52093 ], [ 104.1497349, 51.5205902 ], [ 104.1494866, 51.5205881 ], [ 104.149479, 51.5209279 ], [ 104.1497274, 51.52093 ] ] ] } },
{ "type": "Feature", "properties": { }, "geometry": { "type": "Polygon", "coordinates": [ [ [ 104.150721, 51.5197076 ], [ 104.1504936, 51.5197056 ], [ 104.1504801, 51.5203164 ], [ 104.1507075, 51.5203184 ], [ 104.150721, 51.5197076 ] ] ] } },
{ "type": "Feature", "properties": { }, "geometry": { "type": "Polygon", "coordinates": [ [ [ 104.148779, 51.5190846 ], [ 104.1490534, 51.519087 ], [ 104.1490726, 51.5182181 ], [ 104.1487982, 51.5182157 ], [ 104.148779, 51.5190846 ] ] ] } },
{ "type": "Feature", "properties": { }, "geometry": { "type": "Polygon", "coordinates": [ [ [ 104.1487113, 51.5181994 ], [ 104.1491967, 51.5182035 ], [ 104.1492005, 51.5180307 ], [ 104.1487151, 51.5180266 ], [ 104.1487113, 51.5181994 ] ] ] } },
{ "type": "Feature", "properties": { }, "geometry": { "type": "Polygon", "coordinates": [ [ [ 104.149735, 51.5204804 ], [ 104.1501455, 51.5204839 ], [ 104.1501489, 51.5203258 ], [ 104.1497384, 51.5203223 ], [ 104.149735, 51.5204804 ] ] ] } },
{ "type": "Feature", "properties": { }, "geometry": { "type": "Polygon", "coordinates": [ [ [ 104.1509845, 51.5202509 ], [ 104.1509818, 51.5203707 ], [ 104.1517598, 51.5203773 ], [ 104.1517624, 51.5202575 ], [ 104.1509845, 51.5202509 ] ] ] } },
{ "type": "Feature", "properties": { }, "geometry": { "type": "Polygon", "coordinates": [ [ [ 104.1533631, 51.5205178 ], [ 104.1533605, 51.5206338 ], [ 104.1540405, 51.5206396 ], [ 104.1540431, 51.5205237 ], [ 104.1533631, 51.5205178 ] ] ] } },
{ "type": "Feature", "properties": { }, "geometry": { "type": "Polygon", "coordinates": [ [ [ 104.1491779, 51.5186771 ], [ 104.1491752, 51.5188028 ], [ 104.1503597, 51.5188129 ], [ 104.1503625, 51.5186872 ], [ 104.1491779, 51.5186771 ] ] ] } },
{ "type": "Feature", "properties": { }, "geometry": { "type": "Polygon", "coordinates": [ [ [ 104.1500627, 51.5215534 ], [ 104.1508724, 51.5215604 ], [ 104.1508756, 51.5214129 ], [ 104.1507574, 51.5214119 ], [ 104.1500659, 51.521406 ], [ 104.1500627, 51.5215534 ] ] ] } },
{ "type": "Feature", "properties": { }, "geometry": { "type": "Polygon", "coordinates": [ [ [ 104.150721, 51.520916 ], [ 104.1499112, 51.520909 ], [ 104.1499081, 51.5210518 ], [ 104.1507179, 51.5210587 ], [ 104.150721, 51.520916 ] ] ] } },
{ "type": "Feature", "properties": { }, "geometry": { "type": "Polygon", "coordinates": [ [ [ 104.1502769, 51.5194359 ], [ 104.1490074, 51.519425 ], [ 104.1490048, 51.5195436 ], [ 104.1502743, 51.5195545 ], [ 104.1502769, 51.5194359 ] ] ] } },
{ "type": "Feature", "properties": { }, "geometry": { "type": "Polygon", "coordinates": [ [ [ 104.1490265, 51.5167418 ], [ 104.1490499, 51.5158409 ], [ 104.1492596, 51.515843 ], [ 104.1492362, 51.5167439 ], [ 104.1490265, 51.5167418 ] ] ] } },
{ "type": "Feature", "properties": { }, "geometry": { "type": "Polygon", "coordinates": [ [ [ 104.146726, 51.5225419 ], [ 104.146734, 51.5221396 ], [ 104.1470478, 51.522142 ], [ 104.1470489, 51.5220859 ], [ 104.1473461, 51.5220882 ], [ 104.1473403, 51.5223794 ], [ 104.1475781, 51.5223812 ], [ 104.1475722, 51.522678 ], [ 104.1470236, 51.5226737 ], [ 104.1470262, 51.5225442 ], [ 104.146726, 51.5225419 ] ] ] } },
{ "type": "Feature", "properties": { }, "geometry": { "type": "Polygon", "coordinates": [ [ [ 104.1544145, 51.518604 ], [ 104.1544221, 51.5182251 ], [ 104.1547214, 51.5182274 ], [ 104.154719, 51.5183476 ], [ 104.1550591, 51.5183503 ], [ 104.1550616, 51.5182273 ], [ 104.1553539, 51.5182295 ], [ 104.1553462, 51.5186085 ], [ 104.1550381, 51.5186061 ], [ 104.1550408, 51.5184718 ], [ 104.1547215, 51.5184693 ], [ 104.1547188, 51.5186064 ], [ 104.1544145, 51.518604 ] ] ] } },
{ "type": "Feature", "properties": { }, "geometry": { "type": "Polygon", "coordinates": [ [ [ 104.1516929, 51.5192161 ], [ 104.1516929, 51.5189766 ], [ 104.1522185, 51.5189766 ], [ 104.1522185, 51.5189321 ], [ 104.1521037, 51.5189321 ], [ 104.1521037, 51.518638 ], [ 104.1526355, 51.518638 ], [ 104.1526355, 51.5187916 ], [ 104.1530105, 51.5187916 ], [ 104.1530105, 51.5189236 ], [ 104.1526194, 51.5189236 ], [ 104.1526194, 51.518863 ], [ 104.1524541, 51.518863 ], [ 104.1524541, 51.5190349 ], [ 104.1527305, 51.5190349 ], [ 104.1527305, 51.5193044 ], [ 104.1524516, 51.5193044 ], [ 104.1524516, 51.5192031 ], [ 104.1522259, 51.5192031 ], [ 104.1522259, 51.5190987 ], [ 104.1521592, 51.5190987 ], [ 104.1521592, 51.5192161 ], [ 104.1516929, 51.5192161 ] ] ] } },
{ "type": "Feature", "properties": { }, "geometry": { "type": "Polygon", "coordinates": [ [ [ 104.1542473, 51.522949 ], [ 104.1542464, 51.5228124 ], [ 104.154656, 51.5228114 ], [ 104.1546569, 51.522948 ], [ 104.1542473, 51.522949 ] ] ] } },
{ "type": "Feature", "properties": { }, "geometry": { "type": "Polygon", "coordinates": [ [ [ 104.1497299, 51.5173533 ], [ 104.1497342, 51.5171991 ], [ 104.1504914, 51.5172073 ], [ 104.1504871, 51.5173615 ], [ 104.1497299, 51.5173533 ] ] ] } },
{ "type": "Feature", "properties": { }, "geometry": { "type": "Polygon", "coordinates": [ [ [ 104.1566289, 51.519451 ], [ 104.1568196, 51.519451 ], [ 104.1568196, 51.5188806 ], [ 104.1566289, 51.5188806 ], [ 104.1566289, 51.519451 ] ] ] } },
{ "type": "Feature", "properties": { }, "geometry": { "type": "Polygon", "coordinates": [ [ [ 104.1533218, 51.5185438 ], [ 104.1533234, 51.5184005 ], [ 104.1540458, 51.5184038 ], [ 104.1540441, 51.5185471 ], [ 104.1533218, 51.5185438 ] ] ] } },
{ "type": "Feature", "properties": { }, "geometry": { "type": "Polygon", "coordinates": [ [ [ 104.1524038, 51.5199922 ], [ 104.1524024, 51.5198652 ], [ 104.1529363, 51.5198628 ], [ 104.1529377, 51.5199899 ], [ 104.1524038, 51.5199922 ] ] ] } },
{ "type": "Feature", "properties": { }, "geometry": { "type": "Polygon", "coordinates": [ [ [ 104.1527323, 51.5229099 ], [ 104.1527314, 51.5227732 ], [ 104.153141, 51.5227722 ], [ 104.1531419, 51.5229089 ], [ 104.1527323, 51.5229099 ] ] ] } },
{ "type": "Feature", "properties": { }, "geometry": { "type": "Polygon", "coordinates": [ [ [ 104.1494101, 51.5203174 ], [ 104.1494112, 51.5200329 ], [ 104.1496642, 51.5200333 ], [ 104.1496631, 51.5203178 ], [ 104.1494101, 51.5203174 ] ] ] } },
{ "type": "Feature", "properties": { }, "geometry": { "type": "Polygon", "coordinates": [ [ [ 104.1497781, 51.5219127 ], [ 104.1497782, 51.5217801 ], [ 104.1502054, 51.5217802 ], [ 104.1502053, 51.5219127 ], [ 104.1497781, 51.5219127 ] ] ] } },
{ "type": "Feature", "properties": { }, "geometry": { "type": "Polygon", "coordinates": [ [ [ 104.1532954, 51.5196153 ], [ 104.153308, 51.5188628 ], [ 104.1535482, 51.5188644 ], [ 104.1535367, 51.5195533 ], [ 104.1541126, 51.519557 ], [ 104.1541099, 51.5197189 ], [ 104.1535015, 51.5197149 ], [ 104.1535032, 51.5196166 ], [ 104.1532954, 51.5196153 ] ] ] } },
{ "type": "Feature", "properties": { }, "geometry": { "type": "Polygon", "coordinates": [ [ [ 104.1472835, 51.5243764 ], [ 104.147891, 51.5243799 ], [ 104.1478868, 51.5246603 ], [ 104.148229, 51.5246623 ], [ 104.1482388, 51.5240071 ], [ 104.1480473, 51.524006 ], [ 104.1480505, 51.5237959 ], [ 104.1475493, 51.523793 ], [ 104.1475473, 51.5239224 ], [ 104.1472904, 51.5239209 ], [ 104.1472835, 51.5243764 ] ] ] } },
{ "type": "Feature", "properties": { }, "geometry": { "type": "Polygon", "coordinates": [ [ [ 104.1528116, 51.5226925 ], [ 104.1531134, 51.5226959 ], [ 104.1531147, 51.5225932 ], [ 104.1528733, 51.5225931 ], [ 104.1528487, 51.522573 ], [ 104.1527789, 51.5225771 ], [ 104.1527627, 51.5225934 ], [ 104.1527652, 51.5226178 ], [ 104.1527918, 51.5226354 ], [ 104.1528053, 51.5226384 ], [ 104.1528116, 51.5226925 ] ] ] } },
{ "type": "Feature", "properties": { }, "geometry": { "type": "Polygon", "coordinates": [ [ [ 104.1571062, 51.5229815 ], [ 104.1572322, 51.522979 ], [ 104.1571866, 51.5227103 ], [ 104.1570753, 51.5227128 ], [ 104.1570847, 51.5228296 ], [ 104.1568983, 51.5228304 ], [ 104.1569037, 51.5229013 ], [ 104.1570042, 51.522903 ], [ 104.1570123, 51.5229539 ], [ 104.1571048, 51.5229514 ], [ 104.1571062, 51.5229815 ] ] ] } },
{ "type": "Feature", "properties": { }, "geometry": { "type": "Polygon", "coordinates": [ [ [ 104.1573352, 51.5207783 ], [ 104.1573298, 51.5208467 ], [ 104.1573124, 51.5208659 ], [ 104.1572399, 51.5225607 ], [ 104.157255, 51.5225621 ], [ 104.1572547, 51.5225916 ], [ 104.1572849, 51.5225907 ], [ 104.1572839, 51.5226335 ], [ 104.1573979, 51.522631 ], [ 104.1574025, 51.5225538 ], [ 104.1573523, 51.5225551 ], [ 104.1574361, 51.5207752 ], [ 104.1573352, 51.5207783 ] ] ] } },
{ "type": "Feature", "properties": { }, "geometry": { "type": "Polygon", "coordinates": [ [ [ 104.157314, 51.5230344 ], [ 104.1574185, 51.5230359 ], [ 104.15743, 51.5227211 ], [ 104.1573256, 51.5227196 ], [ 104.157314, 51.5230344 ] ] ] } },
{ "type": "Feature", "properties": { }, "geometry": { "type": "Polygon", "coordinates": [ [ [ 104.1566106, 51.5222058 ], [ 104.1568029, 51.5222086 ], [ 104.1568051, 51.5221491 ], [ 104.1566128, 51.5221464 ], [ 104.1566106, 51.5222058 ] ] ] } },
{ "type": "Feature", "properties": { }, "geometry": { "type": "Polygon", "coordinates": [ [ [ 104.1569982, 51.5224449 ], [ 104.157, 51.5223948 ], [ 104.1563008, 51.5223848 ], [ 104.156299, 51.522435 ], [ 104.1569982, 51.5224449 ] ] ] } },
{ "type": "Feature", "properties": { }, "geometry": { "type": "Polygon", "coordinates": [ [ [ 104.1535814, 51.5164138 ], [ 104.1541681, 51.5166467 ], [ 104.1542674, 51.5165499 ], [ 104.1536806, 51.516317 ], [ 104.1535814, 51.5164138 ] ] ] } },
{ "type": "Feature", "properties": { }, "geometry": { "type": "Polygon", "coordinates": [ [ [ 104.1562901, 51.5229518 ], [ 104.1563922, 51.5229533 ], [ 104.1564054, 51.522593 ], [ 104.1563034, 51.5225916 ], [ 104.1562901, 51.5229518 ] ] ] } },
{ "type": "Feature", "properties": { }, "geometry": { "type": "Polygon", "coordinates": [ [ [ 104.1567749, 51.5208987 ], [ 104.1570875, 51.5208842 ], [ 104.1570783, 51.5208074 ], [ 104.1567657, 51.5208219 ], [ 104.1567749, 51.5208987 ] ] ] } },
{ "type": "Feature", "properties": { }, "geometry": { "type": "Polygon", "coordinates": [ [ [ 104.1566133, 51.5217686 ], [ 104.1567874, 51.5217711 ], [ 104.1567944, 51.5215808 ], [ 104.1566203, 51.5215784 ], [ 104.1566133, 51.5217686 ] ] ] } },
{ "type": "Feature", "properties": { }, "geometry": { "type": "Polygon", "coordinates": [ [ [ 104.1564121, 51.5217665 ], [ 104.1566035, 51.5217692 ], [ 104.1566106, 51.5215746 ], [ 104.1564193, 51.5215718 ], [ 104.1564121, 51.5217665 ] ] ] } },
{ "type": "Feature", "properties": { }, "geometry": { "type": "Polygon", "coordinates": [ [ [ 104.155991, 51.5225221 ], [ 104.1561744, 51.5225247 ], [ 104.1561855, 51.5222234 ], [ 104.1560021, 51.5222208 ], [ 104.155991, 51.5225221 ] ] ] } },
{ "type": "Feature", "properties": { }, "geometry": { "type": "Polygon", "coordinates": [ [ [ 104.155987, 51.5229151 ], [ 104.1561786, 51.5229178 ], [ 104.1561909, 51.5225847 ], [ 104.1559993, 51.5225819 ], [ 104.155987, 51.5229151 ] ] ] } },
{ "type": "Feature", "properties": { }, "geometry": { "type": "Polygon", "coordinates": [ [ [ 104.1565617, 51.5214861 ], [ 104.1567734, 51.5214891 ], [ 104.156787, 51.5211206 ], [ 104.1565752, 51.5211176 ], [ 104.1565617, 51.5214861 ] ] ] } },
{ "type": "Feature", "properties": { }, "geometry": { "type": "Polygon", "coordinates": [ [ [ 104.1547662, 51.5233751 ], [ 104.1551139, 51.5233787 ], [ 104.1551162, 51.5232926 ], [ 104.1547685, 51.5232891 ], [ 104.1547662, 51.5233751 ] ] ] } },
{ "type": "Feature", "properties": { }, "geometry": { "type": "Polygon", "coordinates": [ [ [ 104.1571316, 51.5215454 ], [ 104.1570097, 51.5215436 ], [ 104.1570056, 51.5216547 ], [ 104.1571276, 51.5216564 ], [ 104.1571316, 51.5215454 ] ] ] } },
{ "type": "Feature", "properties": { }, "geometry": { "type": "Polygon", "coordinates": [ [ [ 104.1544706, 51.5167643 ], [ 104.1545765, 51.5166633 ], [ 104.1542909, 51.5165473 ], [ 104.154185, 51.5166483 ], [ 104.1544706, 51.5167643 ] ] ] } },
{ "type": "Feature", "properties": { }, "geometry": { "type": "Polygon", "coordinates": [ [ [ 104.1562861, 51.5225417 ], [ 104.15646, 51.5225442 ], [ 104.1564631, 51.5224587 ], [ 104.1562892, 51.5224562 ], [ 104.1562861, 51.5225417 ] ] ] } },
{ "type": "Feature", "properties": { }, "geometry": { "type": "Polygon", "coordinates": [ [ [ 104.1568205, 51.5222897 ], [ 104.1570038, 51.5222923 ], [ 104.1570056, 51.5222446 ], [ 104.1568223, 51.522242 ], [ 104.1568205, 51.5222897 ] ] ] } },
{ "type": "Feature", "properties": { }, "geometry": { "type": "Polygon", "coordinates": [ [ [ 104.1506517, 51.523537 ], [ 104.1511198, 51.5235398 ], [ 104.1511211, 51.5234569 ], [ 104.1506529, 51.5234542 ], [ 104.1506517, 51.523537 ] ] ] } },
{ "type": "Feature", "properties": { }, "geometry": { "type": "Polygon", "coordinates": [ [ [ 104.1549735, 51.5221335 ], [ 104.1552363, 51.5221335 ], [ 104.1552363, 51.5218831 ], [ 104.1549735, 51.5218831 ], [ 104.1549735, 51.5221335 ] ] ] } },
{ "type": "Feature", "properties": { }, "geometry": { "type": "Polygon", "coordinates": [ [ [ 104.1581143, 51.5228853 ], [ 104.1582914, 51.5228853 ], [ 104.1582914, 51.522655 ], [ 104.1581143, 51.522655 ], [ 104.1581143, 51.5228853 ] ] ] } },
{ "type": "Feature", "properties": { }, "geometry": { "type": "Polygon", "coordinates": [ [ [ 104.1570016, 51.5222221 ], [ 104.1570949, 51.5222234 ], [ 104.1571155, 51.5216614 ], [ 104.1570222, 51.52166 ], [ 104.1570016, 51.5222221 ] ] ] } },
{ "type": "Feature", "properties": { }, "geometry": { "type": "Polygon", "coordinates": [ [ [ 104.1563002, 51.5222955 ], [ 104.1568016, 51.5223027 ], [ 104.1568044, 51.5222254 ], [ 104.156303, 51.5222183 ], [ 104.1563002, 51.5222955 ] ] ] } },
{ "type": "Feature", "properties": { }, "geometry": { "type": "Polygon", "coordinates": [ [ [ 104.1537671, 51.5233701 ], [ 104.1538951, 51.5233666 ], [ 104.1538923, 51.5233276 ], [ 104.1537643, 51.5233312 ], [ 104.1537671, 51.5233701 ] ] ] } },
{ "type": "Feature", "properties": { }, "geometry": { "type": "Polygon", "coordinates": [ [ [ 104.1571068, 51.5225313 ], [ 104.1571092, 51.5224679 ], [ 104.1564631, 51.5224587 ], [ 104.1564608, 51.5225221 ], [ 104.1571068, 51.5225313 ] ] ] } },
{ "type": "Feature", "properties": { }, "geometry": { "type": "Polygon", "coordinates": [ [ [ 104.157027, 51.5223181 ], [ 104.1571002, 51.5223191 ], [ 104.1571035, 51.5222296 ], [ 104.1570303, 51.5222286 ], [ 104.157027, 51.5223181 ] ] ] } },
{ "type": "Feature", "properties": { }, "geometry": { "type": "Polygon", "coordinates": [ [ [ 104.1561474, 51.5221412 ], [ 104.1561577, 51.5218591 ], [ 104.1563151, 51.5218614 ], [ 104.1563072, 51.5220775 ], [ 104.1564883, 51.52208 ], [ 104.1564858, 51.5221461 ], [ 104.1561474, 51.5221412 ] ] ] } },
{ "type": "Feature", "properties": { }, "geometry": { "type": "Polygon", "coordinates": [ [ [ 104.152273, 51.5232368 ], [ 104.152708, 51.5232383 ], [ 104.1527072, 51.523329 ], [ 104.1525968, 51.5233286 ], [ 104.1525972, 51.5232874 ], [ 104.1524544, 51.5232869 ], [ 104.1524538, 51.5233613 ], [ 104.1522719, 51.5233606 ], [ 104.152273, 51.5232368 ] ] ] } },
{ "type": "Feature", "properties": { }, "geometry": { "type": "Polygon", "coordinates": [ [ [ 104.1530422, 51.5233038 ], [ 104.1534566, 51.5233105 ], [ 104.1534553, 51.5233489 ], [ 104.153403, 51.5233489 ], [ 104.153403, 51.523368 ], [ 104.1530824, 51.5233614 ], [ 104.1530811, 51.5233413 ], [ 104.1530436, 51.5233422 ], [ 104.1530422, 51.5233038 ] ] ] } },
{ "type": "Feature", "properties": { }, "geometry": { "type": "Polygon", "coordinates": [ [ [ 104.1569345, 51.5214986 ], [ 104.1571464, 51.5214945 ], [ 104.1571424, 51.5213434 ], [ 104.157027, 51.5213476 ], [ 104.1570311, 51.5211515 ], [ 104.157129, 51.5211498 ], [ 104.157137, 51.5210622 ], [ 104.1569238, 51.521058 ], [ 104.1569184, 51.5213643 ], [ 104.1569345, 51.5214986 ] ] ] } },
{ "type": "Feature", "properties": { }, "geometry": { "type": "Polygon", "coordinates": [ [ [ 104.156508, 51.5230465 ], [ 104.1565067, 51.5230315 ], [ 104.1564463, 51.5230365 ], [ 104.1564437, 51.5229848 ], [ 104.1567682, 51.5229931 ], [ 104.1573341, 51.5230482 ], [ 104.1573288, 51.523115 ], [ 104.1570069, 51.5230899 ], [ 104.1569801, 51.5230799 ], [ 104.156508, 51.5230465 ] ] ] } },
{ "type": "Feature", "properties": { }, "geometry": { "type": "Polygon", "coordinates": [ [ [ 104.1662852, 51.5117751 ], [ 104.1669022, 51.511781 ], [ 104.1669062, 51.5116983 ], [ 104.1670631, 51.5117008 ], [ 104.1670671, 51.5117835 ], [ 104.167684, 51.5117901 ], [ 104.1676827, 51.5117526 ], [ 104.1679482, 51.5117551 ], [ 104.1679536, 51.511367 ], [ 104.1676827, 51.511357 ], [ 104.1676814, 51.51131 ], [ 104.1662947, 51.5112994 ], [ 104.1663, 51.5113553 ], [ 104.1661189, 51.5113611 ], [ 104.1661216, 51.5116908 ], [ 104.1662879, 51.5116892 ], [ 104.1662852, 51.5117751 ] ] ] } },
{ "type": "Feature", "properties": { }, "geometry": { "type": "Polygon", "coordinates": [ [ [ 104.1659667, 51.5154879 ], [ 104.1666452, 51.5154987 ], [ 104.1666505, 51.5153713 ], [ 104.1659719, 51.5153604 ], [ 104.1659667, 51.5154879 ] ] ] } },
{ "type": "Feature", "properties": { }, "geometry": { "type": "Polygon", "coordinates": [ [ [ 104.1668284, 51.5111617 ], [ 104.1668197, 51.5107076 ], [ 104.1661392, 51.5107127 ], [ 104.1661479, 51.5111667 ], [ 104.1668284, 51.5111617 ] ] ] } },
{ "type": "Feature", "properties": { }, "geometry": { "type": "Polygon", "coordinates": [ [ [ 104.1689795, 51.5113202 ], [ 104.1689713, 51.5117359 ], [ 104.169316, 51.5117385 ], [ 104.1693243, 51.5113229 ], [ 104.1689795, 51.5113202 ] ] ] } },
{ "type": "Feature", "properties": { }, "geometry": { "type": "Polygon", "coordinates": [ [ [ 104.1678718, 51.5106175 ], [ 104.1678671, 51.5108528 ], [ 104.1683097, 51.5108562 ], [ 104.1683144, 51.5106209 ], [ 104.1678718, 51.5106175 ] ] ] } },
{ "type": "Feature", "properties": { }, "geometry": { "type": "Polygon", "coordinates": [ [ [ 104.1660532, 51.5120397 ], [ 104.1660512, 51.5121445 ], [ 104.1674222, 51.512155 ], [ 104.1674242, 51.5120502 ], [ 104.1660532, 51.5120397 ] ] ] } },
{ "type": "Feature", "properties": { }, "geometry": { "type": "Polygon", "coordinates": [ [ [ 104.1685772, 51.5113712 ], [ 104.1685684, 51.5118135 ], [ 104.1687817, 51.5118152 ], [ 104.1687904, 51.5113728 ], [ 104.1685772, 51.5113712 ] ] ] } },
{ "type": "Feature", "properties": { }, "geometry": { "type": "Polygon", "coordinates": [ [ [ 104.1676947, 51.5109229 ], [ 104.16769, 51.5111635 ], [ 104.168358, 51.5111686 ], [ 104.1683628, 51.5109281 ], [ 104.1676947, 51.5109229 ] ] ] } },
{ "type": "Feature", "properties": { }, "geometry": { "type": "Polygon", "coordinates": [ [ [ 104.1656824, 51.5116938 ], [ 104.1658977, 51.5116949 ], [ 104.165905, 51.5111674 ], [ 104.1656897, 51.5111663 ], [ 104.1656824, 51.5116938 ] ] ] } },
{ "type": "Feature", "properties": { }, "geometry": { "type": "Polygon", "coordinates": [ [ [ 104.1658494, 51.5131331 ], [ 104.1666995, 51.5131396 ], [ 104.1667172, 51.5122475 ], [ 104.1658671, 51.512241 ], [ 104.1658494, 51.5131331 ] ] ] } },
{ "type": "Feature", "properties": { }, "geometry": { "type": "Polygon", "coordinates": [ [ [ 104.1708021, 51.5110506 ], [ 104.1709809, 51.5110586 ], [ 104.171008, 51.510822 ], [ 104.1708292, 51.5108141 ], [ 104.1708021, 51.5110506 ] ] ] } },
{ "type": "Feature", "properties": { }, "geometry": { "type": "Polygon", "coordinates": [ [ [ 104.168537, 51.5106776 ], [ 104.1685346, 51.5107975 ], [ 104.1690014, 51.5108011 ], [ 104.1690038, 51.5106811 ], [ 104.168537, 51.5106776 ] ] ] } },
{ "type": "Feature", "properties": { }, "geometry": { "type": "Polygon", "coordinates": [ [ [ 104.1686389, 51.5108729 ], [ 104.1686433, 51.5111064 ], [ 104.1693621, 51.5111011 ], [ 104.1693576, 51.5108675 ], [ 104.1686389, 51.5108729 ] ] ] } },
{ "type": "Feature", "properties": { }, "geometry": { "type": "Polygon", "coordinates": [ [ [ 104.1668143, 51.5158201 ], [ 104.1668193, 51.5164384 ], [ 104.1671009, 51.5164376 ], [ 104.1670959, 51.5158192 ], [ 104.1668143, 51.5158201 ] ] ] } },
{ "type": "Feature", "properties": { }, "geometry": { "type": "Polygon", "coordinates": [ [ [ 104.1681668, 51.5116608 ], [ 104.1681685, 51.5117507 ], [ 104.1683925, 51.511749 ], [ 104.1683908, 51.5116591 ], [ 104.1681668, 51.5116608 ] ] ] } },
{ "type": "Feature", "properties": { }, "geometry": { "type": "Polygon", "coordinates": [ [ [ 104.1662027, 51.5156849 ], [ 104.1662036, 51.5157955 ], [ 104.1663994, 51.5157949 ], [ 104.1663985, 51.5156842 ], [ 104.1662027, 51.5156849 ] ] ] } },
{ "type": "Feature", "properties": { }, "geometry": { "type": "Polygon", "coordinates": [ [ [ 104.1493961, 51.5205729 ], [ 104.1497186, 51.5205701 ], [ 104.1497137, 51.5203544 ], [ 104.1493912, 51.5203572 ], [ 104.1493961, 51.5205729 ] ] ] } },
{ "type": "Feature", "properties": { }, "geometry": { "type": "Polygon", "coordinates": [ [ [ 104.1516005, 51.5219938 ], [ 104.1520453, 51.5220032 ], [ 104.1520569, 51.5217912 ], [ 104.1516121, 51.5217817 ], [ 104.1516005, 51.5219938 ] ] ] } },
{ "type": "Feature", "properties": { }, "geometry": { "type": "Polygon", "coordinates": [ [ [ 104.1540088, 51.5219017 ], [ 104.1540851, 51.5219022 ], [ 104.1540855, 51.5218822 ], [ 104.1540092, 51.5218816 ], [ 104.1540088, 51.5219017 ] ] ] } },
{ "type": "Feature", "properties": { }, "geometry": { "type": "Polygon", "coordinates": [ [ [ 104.1556021, 51.5204171 ], [ 104.1558085, 51.5204181 ], [ 104.1558097, 51.5203165 ], [ 104.1556033, 51.5203155 ], [ 104.1556021, 51.5204171 ] ] ] } },
{ "type": "Feature", "properties": { }, "geometry": { "type": "Polygon", "coordinates": [ [ [ 104.152156, 51.5200391 ], [ 104.1523652, 51.5200383 ], [ 104.1523624, 51.5197305 ], [ 104.1521532, 51.5197312 ], [ 104.152156, 51.5200391 ] ] ] } },
{ "type": "Feature", "properties": { }, "geometry": { "type": "Polygon", "coordinates": [ [ [ 104.1502574, 51.5192132 ], [ 104.150339, 51.5192157 ], [ 104.1503423, 51.5191726 ], [ 104.1502608, 51.5191701 ], [ 104.1502574, 51.5192132 ] ] ] } },
{ "type": "Feature", "properties": { }, "geometry": { "type": "Polygon", "coordinates": [ [ [ 104.1502053, 51.5219127 ], [ 104.1506256, 51.5219128 ], [ 104.1506256, 51.5220322 ], [ 104.1502053, 51.5220321 ], [ 104.1502053, 51.5219127 ] ] ] } },
{ "type": "Feature", "properties": { }, "geometry": { "type": "Polygon", "coordinates": [ [ [ 104.1564733, 51.5186385 ], [ 104.1564692, 51.5186956 ], [ 104.1566061, 51.5186994 ], [ 104.1566102, 51.5186424 ], [ 104.1564733, 51.5186385 ] ] ] } },
{ "type": "Feature", "properties": { }, "geometry": { "type": "Polygon", "coordinates": [ [ [ 104.1484648, 51.5177662 ], [ 104.148606, 51.5177681 ], [ 104.1486085, 51.5176951 ], [ 104.1484673, 51.5176932 ], [ 104.1484648, 51.5177662 ] ] ] } },
{ "type": "Feature", "properties": { }, "geometry": { "type": "Polygon", "coordinates": [ [ [ 104.1532252, 51.5139302 ], [ 104.1532273, 51.5140347 ], [ 104.1534042, 51.5140334 ], [ 104.1534021, 51.5139289 ], [ 104.1532252, 51.5139302 ] ] ] } },
{ "type": "Feature", "properties": { }, "geometry": { "type": "Polygon", "coordinates": [ [ [ 104.1493059, 51.5214515 ], [ 104.1493331, 51.5215407 ], [ 104.1494187, 51.5215289 ], [ 104.1493914, 51.5214392 ], [ 104.1493059, 51.5214515 ] ] ] } },
{ "type": "Feature", "properties": { }, "geometry": { "type": "Polygon", "coordinates": [ [ [ 104.1493331, 51.5215407 ], [ 104.1493612, 51.521633 ], [ 104.149447, 51.5216219 ], [ 104.1494187, 51.5215289 ], [ 104.1493331, 51.5215407 ] ] ] } },
{ "type": "Feature", "properties": { }, "geometry": { "type": "Polygon", "coordinates": [ [ [ 104.1517661, 51.5142624 ], [ 104.151768, 51.5143595 ], [ 104.1520575, 51.5143574 ], [ 104.1520556, 51.5142602 ], [ 104.1517661, 51.5142624 ] ] ] } },
{ "type": "Feature", "properties": { }, "geometry": { "type": "Polygon", "coordinates": [ [ [ 104.1523169, 51.5172155 ], [ 104.1524135, 51.5172141 ], [ 104.1524112, 51.5171489 ], [ 104.1523146, 51.5171503 ], [ 104.1523169, 51.5172155 ] ] ] } },
{ "type": "Feature", "properties": { }, "geometry": { "type": "Polygon", "coordinates": [ [ [ 104.1546467, 51.5221343 ], [ 104.1547308, 51.5221344 ], [ 104.1547312, 51.5220375 ], [ 104.1546471, 51.5220374 ], [ 104.1546467, 51.5221343 ] ] ] } },
{ "type": "Feature", "properties": { }, "geometry": { "type": "Polygon", "coordinates": [ [ [ 104.1467799, 51.5145127 ], [ 104.1470574, 51.5144782 ], [ 104.1470143, 51.514344 ], [ 104.1467368, 51.5143786 ], [ 104.1467799, 51.5145127 ] ] ] } },
{ "type": "Feature", "properties": { }, "geometry": { "type": "Polygon", "coordinates": [ [ [ 104.1486262, 51.5208637 ], [ 104.1487227, 51.5208643 ], [ 104.1487241, 51.5207653 ], [ 104.1486277, 51.5207647 ], [ 104.1486262, 51.5208637 ] ] ] } },
{ "type": "Feature", "properties": { }, "geometry": { "type": "Polygon", "coordinates": [ [ [ 104.1527612, 51.5139135 ], [ 104.1527635, 51.5140298 ], [ 104.1529538, 51.5140283 ], [ 104.1529515, 51.5139121 ], [ 104.1527612, 51.5139135 ] ] ] } },
{ "type": "Feature", "properties": { }, "geometry": { "type": "Polygon", "coordinates": [ [ [ 104.1493914, 51.5214392 ], [ 104.1493612, 51.5213399 ], [ 104.1492751, 51.5213501 ], [ 104.1493059, 51.5214515 ], [ 104.1493914, 51.5214392 ] ] ] } },
{ "type": "Feature", "properties": { }, "geometry": { "type": "Polygon", "coordinates": [ [ [ 104.1522301, 51.521914 ], [ 104.1523117, 51.5219141 ], [ 104.1523119, 51.5218748 ], [ 104.1522302, 51.5218746 ], [ 104.1522301, 51.521914 ] ] ] } },
{ "type": "Feature", "properties": { }, "geometry": { "type": "Polygon", "coordinates": [ [ [ 104.1486893, 51.5176982 ], [ 104.148689, 51.5177763 ], [ 104.1488132, 51.5177765 ], [ 104.1488135, 51.5176984 ], [ 104.1486893, 51.5176982 ] ] ] } },
{ "type": "Feature", "properties": { }, "geometry": { "type": "Polygon", "coordinates": [ [ [ 104.1509654, 51.5190659 ], [ 104.151122, 51.5190661 ], [ 104.1511223, 51.5189983 ], [ 104.1509657, 51.5189981 ], [ 104.1509654, 51.5190659 ] ] ] } },
{ "type": "Feature", "properties": { }, "geometry": { "type": "Polygon", "coordinates": [ [ [ 104.1503271, 51.5189854 ], [ 104.1503301, 51.5188916 ], [ 104.1502475, 51.5188906 ], [ 104.1502445, 51.5189844 ], [ 104.1503271, 51.5189854 ] ] ] } },
{ "type": "Feature", "properties": { }, "geometry": { "type": "Polygon", "coordinates": [ [ [ 104.1521148, 51.5122793 ], [ 104.1523578, 51.5122491 ], [ 104.1523132, 51.5121104 ], [ 104.1520702, 51.5121406 ], [ 104.1521148, 51.5122793 ] ] ] } },
{ "type": "Feature", "properties": { }, "geometry": { "type": "Polygon", "coordinates": [ [ [ 104.1521603, 51.5164129 ], [ 104.1520839, 51.5165026 ], [ 104.1521952, 51.5165393 ], [ 104.1522716, 51.5164496 ], [ 104.1521603, 51.5164129 ] ] ] } },
{ "type": "Feature", "properties": { }, "geometry": { "type": "Polygon", "coordinates": [ [ [ 104.1522516, 51.5144426 ], [ 104.1521554, 51.5144434 ], [ 104.1521579, 51.5145686 ], [ 104.1522541, 51.5145678 ], [ 104.1522516, 51.5144426 ] ] ] } },
{ "type": "Feature", "properties": { }, "geometry": { "type": "Polygon", "coordinates": [ [ [ 104.1493612, 51.521633 ], [ 104.1493976, 51.5217525 ], [ 104.1494837, 51.5217424 ], [ 104.149447, 51.5216219 ], [ 104.1493612, 51.521633 ] ] ] } },
{ "type": "Feature", "properties": { }, "geometry": { "type": "Polygon", "coordinates": [ [ [ 104.1542433, 51.5194955 ], [ 104.1542407, 51.5195629 ], [ 104.1543523, 51.5195645 ], [ 104.1543548, 51.5194972 ], [ 104.1542433, 51.5194955 ] ] ] } },
{ "type": "Feature", "properties": { }, "geometry": { "type": "Polygon", "coordinates": [ [ [ 104.1561099, 51.5192193 ], [ 104.1561058, 51.5192757 ], [ 104.1562559, 51.5192799 ], [ 104.15626, 51.5192235 ], [ 104.1561099, 51.5192193 ] ] ] } },
{ "type": "Feature", "properties": { }, "geometry": { "type": "Polygon", "coordinates": [ [ [ 104.15278, 51.5144126 ], [ 104.1527823, 51.5145288 ], [ 104.1529402, 51.5145276 ], [ 104.1529379, 51.5144114 ], [ 104.15278, 51.5144126 ] ] ] } },
{ "type": "Feature", "properties": { }, "geometry": { "type": "Polygon", "coordinates": [ [ [ 104.1491892, 51.5191914 ], [ 104.1491892, 51.5192815 ], [ 104.1492809, 51.5192815 ], [ 104.1492809, 51.5191914 ], [ 104.1491892, 51.5191914 ] ] ] } },
{ "type": "Feature", "properties": { }, "geometry": { "type": "Polygon", "coordinates": [ [ [ 104.1545891, 51.5227409 ], [ 104.1547657, 51.5227412 ], [ 104.1547661, 51.5226525 ], [ 104.1545894, 51.5226522 ], [ 104.1545891, 51.5227409 ] ] ] } },
{ "type": "Feature", "properties": { }, "geometry": { "type": "Polygon", "coordinates": [ [ [ 104.1536088, 51.514451 ], [ 104.153759, 51.5144498 ], [ 104.1537575, 51.5143742 ], [ 104.1536073, 51.5143753 ], [ 104.1536088, 51.514451 ] ] ] } },
{ "type": "Feature", "properties": { }, "geometry": { "type": "Polygon", "coordinates": [ [ [ 104.1495639, 51.5163686 ], [ 104.1495639, 51.5164645 ], [ 104.1496471, 51.5164645 ], [ 104.1496471, 51.5163686 ], [ 104.1495639, 51.5163686 ] ] ] } },
{ "type": "Feature", "properties": { }, "geometry": { "type": "Polygon", "coordinates": [ [ [ 104.1486034, 51.5207569 ], [ 104.1486825, 51.5207574 ], [ 104.1486839, 51.5206593 ], [ 104.1486049, 51.5206589 ], [ 104.1486034, 51.5207569 ] ] ] } },
{ "type": "Feature", "properties": { }, "geometry": { "type": "Polygon", "coordinates": [ [ [ 104.1522194, 51.5138401 ], [ 104.1524144, 51.5138158 ], [ 104.1523722, 51.5136845 ], [ 104.1521772, 51.5137088 ], [ 104.1522194, 51.5138401 ] ] ] } },
{ "type": "Feature", "properties": { }, "geometry": { "type": "Polygon", "coordinates": [ [ [ 104.1519619, 51.514698 ], [ 104.1518527, 51.5146989 ], [ 104.1518549, 51.5148123 ], [ 104.1519641, 51.5148115 ], [ 104.1519619, 51.514698 ] ] ] } },
{ "type": "Feature", "properties": { }, "geometry": { "type": "Polygon", "coordinates": [ [ [ 104.1552497, 51.5204319 ], [ 104.1553918, 51.5204294 ], [ 104.1553886, 51.5203583 ], [ 104.1552466, 51.5203607 ], [ 104.1552497, 51.5204319 ] ] ] } },
{ "type": "Feature", "properties": { }, "geometry": { "type": "Polygon", "coordinates": [ [ [ 104.1498679, 51.5253183 ], [ 104.1498679, 51.5251973 ], [ 104.1495836, 51.5251973 ], [ 104.1495836, 51.5253183 ], [ 104.1498679, 51.5253183 ] ] ] } },
{ "type": "Feature", "properties": { }, "geometry": { "type": "Polygon", "coordinates": [ [ [ 104.1516073, 51.5214207 ], [ 104.1517077, 51.5214181 ], [ 104.1517012, 51.5213221 ], [ 104.1516008, 51.5213247 ], [ 104.1516073, 51.5214207 ] ] ] } },
{ "type": "Feature", "properties": { }, "geometry": { "type": "Polygon", "coordinates": [ [ [ 104.1435104, 51.5135101 ], [ 104.1437765, 51.5133487 ], [ 104.1436776, 51.5132907 ], [ 104.1434121, 51.5134443 ], [ 104.1435104, 51.5135101 ] ] ] } },
{ "type": "Feature", "properties": { }, "geometry": { "type": "Polygon", "coordinates": [ [ [ 104.1518313, 51.521419 ], [ 104.1518267, 51.5213173 ], [ 104.1517254, 51.521319 ], [ 104.15173, 51.5214208 ], [ 104.1518313, 51.521419 ] ] ] } },
{ "type": "Feature", "properties": { }, "geometry": { "type": "Polygon", "coordinates": [ [ [ 104.1518044, 51.5216076 ], [ 104.1518863, 51.5216062 ], [ 104.1518843, 51.5215617 ], [ 104.1518025, 51.5215631 ], [ 104.1518044, 51.5216076 ] ] ] } },
{ "type": "Feature", "properties": { }, "geometry": { "type": "Polygon", "coordinates": [ [ [ 104.1526969, 51.5148238 ], [ 104.1528932, 51.5148222 ], [ 104.1528901, 51.5146686 ], [ 104.1526938, 51.5146701 ], [ 104.1526969, 51.5148238 ] ] ] } },
{ "type": "Feature", "properties": { }, "geometry": { "type": "Polygon", "coordinates": [ [ [ 104.1518688, 51.521283 ], [ 104.1519975, 51.5212808 ], [ 104.1519927, 51.5211737 ], [ 104.1518641, 51.5211759 ], [ 104.1518688, 51.521283 ] ] ] } },
{ "type": "Feature", "properties": { }, "geometry": { "type": "Polygon", "coordinates": [ [ [ 104.1440093, 51.5134918 ], [ 104.1441246, 51.5135702 ], [ 104.1444314, 51.5133955 ], [ 104.1443161, 51.5133171 ], [ 104.1440093, 51.5134918 ] ] ] } },
{ "type": "Feature", "properties": { }, "geometry": { "type": "Polygon", "coordinates": [ [ [ 104.1203329, 51.5121777 ], [ 104.1213254, 51.5121743 ], [ 104.1213242, 51.5120442 ], [ 104.1211939, 51.5120447 ], [ 104.1211936, 51.5120058 ], [ 104.1217544, 51.5120039 ], [ 104.1217567, 51.5122667 ], [ 104.1220276, 51.5122658 ], [ 104.1220254, 51.512003 ], [ 104.122675, 51.5120008 ], [ 104.1226737, 51.511852 ], [ 104.1210582, 51.5118574 ], [ 104.1210599, 51.5120451 ], [ 104.1203318, 51.5120476 ], [ 104.1203329, 51.5121777 ] ] ] } },
{ "type": "Feature", "properties": { }, "geometry": { "type": "Polygon", "coordinates": [ [ [ 104.120305, 51.5093742 ], [ 104.1201539, 51.5091807 ], [ 104.1203145, 51.5091321 ], [ 104.1203516, 51.5091209 ], [ 104.1205027, 51.5093145 ], [ 104.120305, 51.5093742 ] ] ] } },
{ "type": "Feature", "properties": { }, "geometry": { "type": "Polygon", "coordinates": [ [ [ 104.1205261, 51.5112529 ], [ 104.1212449, 51.5112512 ], [ 104.1212441, 51.5111211 ], [ 104.1205253, 51.5111228 ], [ 104.1205261, 51.5112529 ] ] ] } },
{ "type": "Feature", "properties": { }, "geometry": { "type": "Polygon", "coordinates": [ [ [ 104.1224733, 51.5112212 ], [ 104.1226734, 51.5112229 ], [ 104.1226772, 51.5110576 ], [ 104.1224771, 51.5110558 ], [ 104.1224733, 51.5112212 ] ] ] } },
{ "type": "Feature", "properties": { }, "geometry": { "type": "Polygon", "coordinates": [ [ [ 104.1211074, 51.509616 ], [ 104.1214058, 51.5095397 ], [ 104.1213486, 51.509453 ], [ 104.1210502, 51.5095293 ], [ 104.1211074, 51.509616 ] ] ] } },
{ "type": "Feature", "properties": { }, "geometry": { "type": "Polygon", "coordinates": [ [ [ 104.1227684, 51.5114833 ], [ 104.1228741, 51.5114842 ], [ 104.1228757, 51.5114132 ], [ 104.12277, 51.5114122 ], [ 104.1227684, 51.5114833 ] ] ] } },
{ "type": "Feature", "properties": { }, "geometry": { "type": "Polygon", "coordinates": [ [ [ 104.1220442, 51.5112128 ], [ 104.1222399, 51.5112146 ], [ 104.122248, 51.510859 ], [ 104.1220522, 51.5108573 ], [ 104.1220442, 51.5112128 ] ] ] } },
{ "type": "Feature", "properties": { }, "geometry": { "type": "Polygon", "coordinates": [ [ [ 104.1200338, 51.5098711 ], [ 104.1201133, 51.5098537 ], [ 104.1200714, 51.5097793 ], [ 104.1199919, 51.5097966 ], [ 104.1200338, 51.5098711 ] ] ] } },
{ "type": "Feature", "properties": { }, "geometry": { "type": "Polygon", "coordinates": [ [ [ 104.119786, 51.5092924 ], [ 104.1198522, 51.5093936 ], [ 104.1199491, 51.509369 ], [ 104.1198828, 51.5092678 ], [ 104.119786, 51.5092924 ] ] ] } },
{ "type": "Feature", "properties": { }, "geometry": { "type": "Polygon", "coordinates": [ [ [ 104.1225055, 51.5115901 ], [ 104.1226623, 51.5115915 ], [ 104.1226665, 51.5114098 ], [ 104.1225096, 51.5114084 ], [ 104.1225055, 51.5115901 ] ] ] } },
{ "type": "Feature", "properties": { }, "geometry": { "type": "Polygon", "coordinates": [ [ [ 104.1196141, 51.5114232 ], [ 104.1198984, 51.5114015 ], [ 104.1198733, 51.5112738 ], [ 104.119589, 51.5112955 ], [ 104.1196141, 51.5114232 ] ] ] } },
{ "type": "Feature", "properties": { }, "geometry": { "type": "Polygon", "coordinates": [ [ [ 104.1201278, 51.5100548 ], [ 104.1203839, 51.5099988 ], [ 104.1203102, 51.5098681 ], [ 104.1200541, 51.509924 ], [ 104.1201278, 51.5100548 ] ] ] } },
{ "type": "Feature", "properties": { }, "geometry": { "type": "Polygon", "coordinates": [ [ [ 104.1205003, 51.5096035 ], [ 104.1206512, 51.5096473 ], [ 104.1207224, 51.5095521 ], [ 104.1208962, 51.5096024 ], [ 104.1210024, 51.5094606 ], [ 104.1206777, 51.5093665 ], [ 104.1205003, 51.5096035 ] ] ] } },
{ "type": "Feature", "properties": { }, "geometry": { "type": "Polygon", "coordinates": [ [ [ 104.1510724, 51.5150359 ], [ 104.1510873, 51.5151702 ], [ 104.1479734, 51.5151887 ], [ 104.1479846, 51.5151054 ], [ 104.1485798, 51.5151054 ], [ 104.1485873, 51.5150382 ], [ 104.1510724, 51.5150359 ] ] ] } },
{ "type": "Feature", "properties": { }, "geometry": { "type": "Polygon", "coordinates": [ [ [ 104.1510287, 51.5147637 ], [ 104.151048, 51.5148488 ], [ 104.1495661, 51.5149789 ], [ 104.1495468, 51.5148938 ], [ 104.1510287, 51.5147637 ] ] ] } },
{ "type": "Feature", "properties": { }, "geometry": { "type": "Polygon", "coordinates": [ [ [ 104.1479837, 51.5153458 ], [ 104.1479837, 51.5152643 ], [ 104.1509548, 51.5152669 ], [ 104.1509548, 51.5153353 ], [ 104.1479837, 51.5153458 ] ] ] } },
{ "type": "Feature", "properties": { }, "geometry": { "type": "Polygon", "coordinates": [ [ [ 104.1479515, 51.5150228 ], [ 104.1504952, 51.5145236 ], [ 104.150532, 51.5145962 ], [ 104.1479883, 51.5150954 ], [ 104.1479515, 51.5150228 ] ] ] } },
{ "type": "Feature", "properties": { }, "geometry": { "type": "Polygon", "coordinates": [ [ [ 104.147898, 51.5142687 ], [ 104.1480576, 51.514591 ], [ 104.148273, 51.5145496 ], [ 104.1481134, 51.5142274 ], [ 104.147898, 51.5142687 ] ] ] } },
{ "type": "Feature", "properties": { }, "geometry": { "type": "Polygon", "coordinates": [ [ [ 104.1478031, 51.5146869 ], [ 104.1476061, 51.5142947 ], [ 104.1477196, 51.5142726 ], [ 104.1479166, 51.5146648 ], [ 104.1478031, 51.5146869 ] ] ] } },
{ "type": "Feature", "properties": { }, "geometry": { "type": "Polygon", "coordinates": [ [ [ 104.1487888, 51.5144149 ], [ 104.1486483, 51.5141402 ], [ 104.1488641, 51.5140975 ], [ 104.1490046, 51.5143721 ], [ 104.1487888, 51.5144149 ] ] ] } },
{ "type": "Feature", "properties": { }, "geometry": { "type": "Polygon", "coordinates": [ [ [ 104.1484461, 51.5145045 ], [ 104.1482976, 51.5141955 ], [ 104.1485003, 51.5141578 ], [ 104.1486488, 51.5144667 ], [ 104.1484461, 51.5145045 ] ] ] } },
{ "type": "Feature", "properties": { }, "geometry": { "type": "Polygon", "coordinates": [ [ [ 104.1484208, 51.5145915 ], [ 104.1493157, 51.5144189 ], [ 104.1493552, 51.5144983 ], [ 104.1484603, 51.5146709 ], [ 104.1484208, 51.5145915 ] ] ] } },
{ "type": "Feature", "properties": { }, "geometry": { "type": "Polygon", "coordinates": [ [ [ 104.149029, 51.5140576 ], [ 104.1491733, 51.5143595 ], [ 104.1493916, 51.5143191 ], [ 104.1492474, 51.5140172 ], [ 104.149029, 51.5140576 ] ] ] } },
{ "type": "Feature", "properties": { }, "geometry": { "type": "Polygon", "coordinates": [ [ [ 104.1498212, 51.5139083 ], [ 104.1499888, 51.5138783 ], [ 104.1502681, 51.5144827 ], [ 104.1501005, 51.5145127 ], [ 104.1498212, 51.5139083 ] ] ] } },
{ "type": "Feature", "properties": { }, "geometry": { "type": "Polygon", "coordinates": [ [ [ 104.1478372, 51.5148112 ], [ 104.1479089, 51.5149494 ], [ 104.1492706, 51.5146759 ], [ 104.1492313, 51.5146001 ], [ 104.1483094, 51.5147853 ], [ 104.1482771, 51.5147229 ], [ 104.1478372, 51.5148112 ] ] ] } },
{ "type": "Feature", "properties": { }, "geometry": { "type": "Polygon", "coordinates": [ [ [ 104.147578, 51.5141286 ], [ 104.1501941, 51.5136705 ], [ 104.1505278, 51.5144085 ], [ 104.1509696, 51.5143311 ], [ 104.1510098, 51.5144201 ], [ 104.1505459, 51.5145013 ], [ 104.1505185, 51.5144406 ], [ 104.1504106, 51.5144595 ], [ 104.1501099, 51.5137943 ], [ 104.1476237, 51.5142297 ], [ 104.147578, 51.5141286 ] ] ] } },
{ "type": "Feature", "properties": { }, "geometry": { "type": "Polygon", "coordinates": [ [ [ 104.1475225, 51.5139032 ], [ 104.1501384, 51.5134582 ], [ 104.1502008, 51.5136003 ], [ 104.147585, 51.5140454 ], [ 104.1475225, 51.5139032 ] ] ] } },
{ "type": "Feature", "properties": { }, "geometry": { "type": "Polygon", "coordinates": [ [ [ 104.1502493, 51.5134628 ], [ 104.1505931, 51.5142753 ], [ 104.1507957, 51.5142422 ], [ 104.1504519, 51.5134296 ], [ 104.1502493, 51.5134628 ] ] ] } },
{ "type": "Feature", "properties": { }, "geometry": { "type": "Polygon", "coordinates": [ [ [ 104.1508574, 51.5142192 ], [ 104.150542, 51.5133927 ], [ 104.1507803, 51.5133575 ], [ 104.1509168, 51.5137151 ], [ 104.1508491, 51.5137835 ], [ 104.1509951, 51.5141985 ], [ 104.1508574, 51.5142192 ] ] ] } },
{ "type": "Feature", "properties": { }, "geometry": { "type": "Polygon", "coordinates": [ [ [ 104.1512675, 51.515288 ], [ 104.1510013, 51.5135784 ], [ 104.1511238, 51.5135784 ], [ 104.1513859, 51.5152853 ], [ 104.1512675, 51.515288 ] ] ] } },
{ "type": "Feature", "properties": { }, "geometry": { "type": "Polygon", "coordinates": [ [ [ 104.1514831, 51.5152275 ], [ 104.1512295, 51.5137441 ], [ 104.1511534, 51.5135468 ], [ 104.1542471, 51.5130181 ], [ 104.1542852, 51.5131128 ], [ 104.1533047, 51.5132706 ], [ 104.1533517, 51.5133755 ], [ 104.1514684, 51.5137165 ], [ 104.1516696, 51.5152004 ], [ 104.1514831, 51.5152275 ] ] ] } },
{ "type": "Feature", "properties": { }, "geometry": { "type": "Polygon", "coordinates": [ [ [ 104.1509446, 51.5133214 ], [ 104.1509933, 51.5134427 ], [ 104.154178, 51.5129471 ], [ 104.1541293, 51.5128259 ], [ 104.1509446, 51.5133214 ] ] ] } },
{ "type": "Feature", "properties": { }, "geometry": { "type": "Polygon", "coordinates": [ [ [ 104.1527172, 51.5129072 ], [ 104.1534885, 51.5127734 ], [ 104.1535225, 51.5128493 ], [ 104.1527512, 51.5129832 ], [ 104.1527172, 51.5129072 ] ] ] } },
{ "type": "Feature", "properties": { }, "geometry": { "type": "Polygon", "coordinates": [ [ [ 104.1527383, 51.5127062 ], [ 104.1534244, 51.5125863 ], [ 104.1534799, 51.5127094 ], [ 104.1529862, 51.5127957 ], [ 104.1529624, 51.5127429 ], [ 104.15277, 51.5127765 ], [ 104.1527383, 51.5127062 ] ] ] } },
{ "type": "Feature", "properties": { }, "geometry": { "type": "Polygon", "coordinates": [ [ [ 104.1522206, 51.511816 ], [ 104.1522884, 51.5119033 ], [ 104.1524144, 51.5118654 ], [ 104.1523466, 51.5117781 ], [ 104.1522206, 51.511816 ] ] ] } },
{ "type": "Feature", "properties": { }, "geometry": { "type": "Polygon", "coordinates": [ [ [ 104.1517799, 51.5119702 ], [ 104.1518404, 51.5120387 ], [ 104.1519266, 51.5120092 ], [ 104.1518661, 51.5119407 ], [ 104.1517799, 51.5119702 ] ] ] } },
{ "type": "Feature", "properties": { }, "geometry": { "type": "Polygon", "coordinates": [ [ [ 104.1513548, 51.5121021 ], [ 104.1514072, 51.5121641 ], [ 104.1513153, 51.5121941 ], [ 104.1512629, 51.5121321 ], [ 104.1513548, 51.5121021 ] ] ] } },
{ "type": "Feature", "properties": { }, "geometry": { "type": "Polygon", "coordinates": [ [ [ 104.1506441, 51.5123659 ], [ 104.1506979, 51.5124289 ], [ 104.1507906, 51.5123983 ], [ 104.1507368, 51.5123353 ], [ 104.1506441, 51.5123659 ] ] ] } },
{ "type": "Feature", "properties": { }, "geometry": { "type": "Polygon", "coordinates": [ [ [ 104.1510382, 51.5122199 ], [ 104.1510807, 51.5122716 ], [ 104.1511584, 51.5122469 ], [ 104.151116, 51.5121952 ], [ 104.1510382, 51.5122199 ] ] ] } },
{ "type": "Feature", "properties": { }, "geometry": { "type": "Polygon", "coordinates": [ [ [ 104.1533736, 51.5124287 ], [ 104.1534138, 51.5125024 ], [ 104.1532193, 51.5125435 ], [ 104.1531791, 51.5124698 ], [ 104.1533736, 51.5124287 ] ] ] } },
{ "type": "Feature", "properties": { }, "geometry": { "type": "Polygon", "coordinates": [ [ [ 104.1528052, 51.5122697 ], [ 104.1528385, 51.5123369 ], [ 104.1531233, 51.5122822 ], [ 104.1530901, 51.5122151 ], [ 104.1528052, 51.5122697 ] ] ] } },
{ "type": "Feature", "properties": { }, "geometry": { "type": "Polygon", "coordinates": [ [ [ 104.1559144, 51.5133234 ], [ 104.1559494, 51.5132538 ], [ 104.1560313, 51.5132697 ], [ 104.1559963, 51.5133394 ], [ 104.1559144, 51.5133234 ] ] ] } },
{ "type": "Feature", "properties": { }, "geometry": { "type": "Polygon", "coordinates": [ [ [ 104.1558789, 51.5130388 ], [ 104.1560233, 51.5130652 ], [ 104.1560512, 51.5130061 ], [ 104.1559069, 51.5129796 ], [ 104.1558789, 51.5130388 ] ] ] } },
{ "type": "Feature", "properties": { }, "geometry": { "type": "Polygon", "coordinates": [ [ [ 104.1559179, 51.5127933 ], [ 104.1560537, 51.5128079 ], [ 104.15607, 51.5127488 ], [ 104.1559343, 51.5127343 ], [ 104.1559179, 51.5127933 ] ] ] } },
{ "type": "Feature", "properties": { }, "geometry": { "type": "Polygon", "coordinates": [ [ [ 104.1567226, 51.5131509 ], [ 104.1568668, 51.5131786 ], [ 104.1568377, 51.5132373 ], [ 104.1566935, 51.5132096 ], [ 104.1567226, 51.5131509 ] ] ] } },
{ "type": "Feature", "properties": { }, "geometry": { "type": "Polygon", "coordinates": [ [ [ 104.156567, 51.5132787 ], [ 104.1566975, 51.5133011 ], [ 104.1566698, 51.5133634 ], [ 104.1565394, 51.513341 ], [ 104.156567, 51.5132787 ] ] ] } },
{ "type": "Feature", "properties": { }, "geometry": { "type": "Polygon", "coordinates": [ [ [ 104.1559758, 51.5160542 ], [ 104.1561069, 51.5160573 ], [ 104.1560911, 51.5163133 ], [ 104.1559601, 51.5163101 ], [ 104.1559758, 51.5160542 ] ] ] } },
{ "type": "Feature", "properties": { }, "geometry": { "type": "Polygon", "coordinates": [ [ [ 104.1559436, 51.5163928 ], [ 104.1559275, 51.5165333 ], [ 104.1560599, 51.5165392 ], [ 104.156076, 51.5163987 ], [ 104.1559436, 51.5163928 ] ] ] } },
{ "type": "Feature", "properties": { }, "geometry": { "type": "Polygon", "coordinates": [ [ [ 104.155927, 51.5158277 ], [ 104.1556562, 51.5157992 ], [ 104.1556408, 51.5158677 ], [ 104.1559089, 51.5158945 ], [ 104.155927, 51.5158277 ] ] ] } },
{ "type": "Feature", "properties": { }, "geometry": { "type": "Polygon", "coordinates": [ [ [ 104.1556408, 51.5158677 ], [ 104.1554607, 51.5158521 ], [ 104.1554648, 51.5158337 ], [ 104.1554101, 51.515829 ], [ 104.1554162, 51.5158021 ], [ 104.155474, 51.5158071 ], [ 104.1554801, 51.5157799 ], [ 104.1556335, 51.5157931 ], [ 104.1556306, 51.5158061 ], [ 104.1556562, 51.5157992 ], [ 104.1556408, 51.5158677 ] ] ] } },
{ "type": "Feature", "properties": { }, "geometry": { "type": "Polygon", "coordinates": [ [ [ 104.1553563, 51.515884 ], [ 104.1552551, 51.5166661 ], [ 104.1552391, 51.5171101 ], [ 104.1559634, 51.5171333 ], [ 104.1559554, 51.5171598 ], [ 104.1560486, 51.5171598 ], [ 104.1560646, 51.5170157 ], [ 104.1553457, 51.5169842 ], [ 104.1553936, 51.5164987 ], [ 104.1554761, 51.5158956 ], [ 104.1553563, 51.515884 ] ] ] } },
{ "type": "Feature", "properties": { }, "geometry": { "type": "Polygon", "coordinates": [ [ [ 104.1556119, 51.5159337 ], [ 104.155817, 51.515942 ], [ 104.1557264, 51.5167804 ], [ 104.1560773, 51.5167793 ], [ 104.1560642, 51.5169391 ], [ 104.1554965, 51.5169242 ], [ 104.1556119, 51.5159337 ] ] ] } },
{ "type": "Feature", "properties": { }, "geometry": { "type": "Polygon", "coordinates": [ [ [ 104.1555166, 51.5151992 ], [ 104.1556293, 51.5152049 ], [ 104.1556247, 51.5152407 ], [ 104.1555119, 51.515235 ], [ 104.1555166, 51.5151992 ] ] ] } },
{ "type": "Feature", "properties": { }, "geometry": { "type": "Polygon", "coordinates": [ [ [ 104.1555495, 51.5148042 ], [ 104.1556689, 51.5148096 ], [ 104.1556638, 51.514854 ], [ 104.1555444, 51.5148487 ], [ 104.1555495, 51.5148042 ] ] ] } },
{ "type": "Feature", "properties": { }, "geometry": { "type": "Polygon", "coordinates": [ [ [ 104.1559293, 51.5144393 ], [ 104.1559264, 51.5145288 ], [ 104.1560104, 51.5145299 ], [ 104.1560133, 51.5144404 ], [ 104.1559293, 51.5144393 ] ] ] } },
{ "type": "Feature", "properties": { }, "geometry": { "type": "Polygon", "coordinates": [ [ [ 104.1556346, 51.5141135 ], [ 104.1556666, 51.5140585 ], [ 104.1557654, 51.5140807 ], [ 104.1557334, 51.5141358 ], [ 104.1556346, 51.5141135 ] ] ] } },
{ "type": "Feature", "properties": { }, "geometry": { "type": "Polygon", "coordinates": [ [ [ 104.1564052, 51.5142914 ], [ 104.1565087, 51.5142911 ], [ 104.1565092, 51.514349 ], [ 104.1564057, 51.5143494 ], [ 104.1564052, 51.5142914 ] ] ] } },
{ "type": "Feature", "properties": { }, "geometry": { "type": "Polygon", "coordinates": [ [ [ 104.1566672, 51.5143015 ], [ 104.156656, 51.5143823 ], [ 104.156725, 51.514386 ], [ 104.1567363, 51.5143053 ], [ 104.1566672, 51.5143015 ] ] ] } },
{ "type": "Feature", "properties": { }, "geometry": { "type": "Polygon", "coordinates": [ [ [ 104.1565302, 51.513977 ], [ 104.1565351, 51.5139054 ], [ 104.1566341, 51.5139081 ], [ 104.1566291, 51.5139796 ], [ 104.1565302, 51.513977 ] ] ] } },
{ "type": "Feature", "properties": { }, "geometry": { "type": "Polygon", "coordinates": [ [ [ 104.1558573, 51.5140581 ], [ 104.1559707, 51.5140819 ], [ 104.1559481, 51.5141237 ], [ 104.1558346, 51.5140999 ], [ 104.1558573, 51.5140581 ] ] ] } },
{ "type": "Feature", "properties": { }, "geometry": { "type": "Polygon", "coordinates": [ [ [ 104.1559969, 51.5139857 ], [ 104.1560958, 51.5139838 ], [ 104.1560984, 51.5140332 ], [ 104.1559995, 51.5140352 ], [ 104.1559969, 51.5139857 ] ] ] } },
{ "type": "Feature", "properties": { }, "geometry": { "type": "Polygon", "coordinates": [ [ [ 104.1560503, 51.5136109 ], [ 104.1560473, 51.513656 ], [ 104.156114, 51.5136577 ], [ 104.156117, 51.5136126 ], [ 104.1560503, 51.5136109 ] ] ] } },
{ "type": "Feature", "properties": { }, "geometry": { "type": "Polygon", "coordinates": [ [ [ 104.1566165, 51.5129973 ], [ 104.1567584, 51.5130175 ], [ 104.156746, 51.5130515 ], [ 104.156604, 51.5130314 ], [ 104.1566165, 51.5129973 ] ] ] } },
{ "type": "Feature", "properties": { }, "geometry": { "type": "Polygon", "coordinates": [ [ [ 104.1566973, 51.51259 ], [ 104.1568158, 51.5126007 ], [ 104.1568076, 51.5126358 ], [ 104.1566891, 51.5126251 ], [ 104.1566973, 51.51259 ] ] ] } },
{ "type": "Feature", "properties": { }, "geometry": { "type": "Polygon", "coordinates": [ [ [ 104.1567058, 51.5123693 ], [ 104.1568358, 51.5123805 ], [ 104.1568273, 51.5124191 ], [ 104.1566972, 51.5124079 ], [ 104.1567058, 51.5123693 ] ] ] } },
{ "type": "Feature", "properties": { }, "geometry": { "type": "Polygon", "coordinates": [ [ [ 104.1573846, 51.5127628 ], [ 104.1574893, 51.5127628 ], [ 104.1574893, 51.5128036 ], [ 104.1573846, 51.5128036 ], [ 104.1573846, 51.5127628 ] ] ] } },
{ "type": "Feature", "properties": { }, "geometry": { "type": "Polygon", "coordinates": [ [ [ 104.1576832, 51.5122176 ], [ 104.1578151, 51.5122388 ], [ 104.1577987, 51.5122784 ], [ 104.1576667, 51.5122571 ], [ 104.1576832, 51.5122176 ] ] ] } },
{ "type": "Feature", "properties": { }, "geometry": { "type": "Polygon", "coordinates": [ [ [ 104.1574185, 51.5118659 ], [ 104.1575346, 51.5118667 ], [ 104.1575359, 51.5119089 ], [ 104.1574185, 51.5119089 ], [ 104.1574185, 51.5118659 ] ] ] } },
{ "type": "Feature", "properties": { }, "geometry": { "type": "Polygon", "coordinates": [ [ [ 104.1575346, 51.5118667 ], [ 104.1575331, 51.511804 ], [ 104.1575947, 51.5118035 ], [ 104.1575961, 51.5118661 ], [ 104.1575346, 51.5118667 ] ] ] } },
{ "type": "Feature", "properties": { }, "geometry": { "type": "Polygon", "coordinates": [ [ [ 104.1575229, 51.5117665 ], [ 104.1575236, 51.5117035 ], [ 104.1575961, 51.5117038 ], [ 104.1575954, 51.5117668 ], [ 104.1575229, 51.5117665 ] ] ] } },
{ "type": "Feature", "properties": { }, "geometry": { "type": "Polygon", "coordinates": [ [ [ 104.1572527, 51.5115794 ], [ 104.157246, 51.5116982 ], [ 104.1573531, 51.5117005 ], [ 104.1573597, 51.5115817 ], [ 104.1572527, 51.5115794 ] ] ] } },
{ "type": "Feature", "properties": { }, "geometry": { "type": "Polygon", "coordinates": [ [ [ 104.1567397, 51.5118643 ], [ 104.1567393, 51.5117884 ], [ 104.1568097, 51.5117882 ], [ 104.1568101, 51.5118642 ], [ 104.1567397, 51.5118643 ] ] ] } },
{ "type": "Feature", "properties": { }, "geometry": { "type": "Polygon", "coordinates": [ [ [ 104.1563836, 51.5117955 ], [ 104.1565713, 51.5117965 ], [ 104.1565724, 51.5117256 ], [ 104.1563846, 51.5117245 ], [ 104.1563836, 51.5117955 ] ] ] } },
{ "type": "Feature", "properties": { }, "geometry": { "type": "Polygon", "coordinates": [ [ [ 104.1564532, 51.5116637 ], [ 104.1565545, 51.5116624 ], [ 104.1565558, 51.5117008 ], [ 104.1564545, 51.5117021 ], [ 104.1564532, 51.5116637 ] ] ] } },
{ "type": "Feature", "properties": { }, "geometry": { "type": "Polygon", "coordinates": [ [ [ 104.1564561, 51.5115771 ], [ 104.156544, 51.5115763 ], [ 104.1565448, 51.5116147 ], [ 104.156457, 51.5116155 ], [ 104.1564561, 51.5115771 ] ] ] } },
{ "type": "Feature", "properties": { }, "geometry": { "type": "Polygon", "coordinates": [ [ [ 104.1566099, 51.5118393 ], [ 104.1566087, 51.5118775 ], [ 104.1566937, 51.5118785 ], [ 104.1566949, 51.5118403 ], [ 104.1566099, 51.5118393 ] ] ] } },
{ "type": "Feature", "properties": { }, "geometry": { "type": "Polygon", "coordinates": [ [ [ 104.1566016, 51.5119931 ], [ 104.1566983, 51.5120026 ], [ 104.1566871, 51.5120469 ], [ 104.1565904, 51.5120375 ], [ 104.1566016, 51.5119931 ] ] ] } },
{ "type": "Feature", "properties": { }, "geometry": { "type": "Polygon", "coordinates": [ [ [ 104.1560049, 51.512147 ], [ 104.155995, 51.5122042 ], [ 104.1560958, 51.5122109 ], [ 104.1561057, 51.5121537 ], [ 104.1560049, 51.512147 ] ] ] } },
{ "type": "Feature", "properties": { }, "geometry": { "type": "Polygon", "coordinates": [ [ [ 104.1555473, 51.5122268 ], [ 104.1556225, 51.5121819 ], [ 104.1555623, 51.5121428 ], [ 104.1555246, 51.5121654 ], [ 104.15555, 51.5121819 ], [ 104.1555126, 51.5122042 ], [ 104.1555473, 51.5122268 ] ] ] } },
{ "type": "Feature", "properties": { }, "geometry": { "type": "Polygon", "coordinates": [ [ [ 104.1555877, 51.5120177 ], [ 104.1555609, 51.5119772 ], [ 104.1556492, 51.5119546 ], [ 104.1556759, 51.5119951 ], [ 104.1555877, 51.5120177 ] ] ] } },
{ "type": "Feature", "properties": { }, "geometry": { "type": "Polygon", "coordinates": [ [ [ 104.1550465, 51.511976 ], [ 104.1551512, 51.5119736 ], [ 104.1551557, 51.5120487 ], [ 104.1550764, 51.5120506 ], [ 104.155075, 51.5120267 ], [ 104.1550496, 51.5120273 ], [ 104.1550465, 51.511976 ] ] ] } },
{ "type": "Feature", "properties": { }, "geometry": { "type": "Polygon", "coordinates": [ [ [ 104.1557051, 51.5116701 ], [ 104.1557009, 51.5117429 ], [ 104.1557934, 51.511745 ], [ 104.1557976, 51.5116722 ], [ 104.1557051, 51.5116701 ] ] ] } },
{ "type": "Feature", "properties": { }, "geometry": { "type": "Polygon", "coordinates": [ [ [ 104.1550566, 51.5117919 ], [ 104.155168, 51.5117876 ], [ 104.1551733, 51.5118411 ], [ 104.155062, 51.5118454 ], [ 104.1550566, 51.5117919 ] ] ] } },
{ "type": "Feature", "properties": { }, "geometry": { "type": "Polygon", "coordinates": [ [ [ 104.1549628, 51.5116755 ], [ 104.1551197, 51.5116351 ], [ 104.1551559, 51.5116897 ], [ 104.154999, 51.51173 ], [ 104.1549628, 51.5116755 ] ] ] } },
{ "type": "Feature", "properties": { }, "geometry": { "type": "Polygon", "coordinates": [ [ [ 104.1558226, 51.5114069 ], [ 104.1558292, 51.5115174 ], [ 104.1559085, 51.5115156 ], [ 104.155902, 51.5114051 ], [ 104.1558226, 51.5114069 ] ] ] } },
{ "type": "Feature", "properties": { }, "geometry": { "type": "Polygon", "coordinates": [ [ [ 104.1553564, 51.5111579 ], [ 104.1554244, 51.5111221 ], [ 104.1554794, 51.5111627 ], [ 104.1554114, 51.5111984 ], [ 104.1553564, 51.5111579 ] ] ] } },
{ "type": "Feature", "properties": { }, "geometry": { "type": "Polygon", "coordinates": [ [ [ 104.1547272, 51.5111943 ], [ 104.1547682, 51.5112672 ], [ 104.1549208, 51.511234 ], [ 104.1549005, 51.5111978 ], [ 104.1548009, 51.5112195 ], [ 104.1547803, 51.5111827 ], [ 104.1547272, 51.5111943 ] ] ] } },
{ "type": "Feature", "properties": { }, "geometry": { "type": "Polygon", "coordinates": [ [ [ 104.1546364, 51.5110121 ], [ 104.154677, 51.5110761 ], [ 104.1548328, 51.5110379 ], [ 104.1547923, 51.5109738 ], [ 104.1546364, 51.5110121 ] ] ] } },
{ "type": "Feature", "properties": { }, "geometry": { "type": "Polygon", "coordinates": [ [ [ 104.155507, 51.5108861 ], [ 104.1555325, 51.5109626 ], [ 104.1556146, 51.510952 ], [ 104.1555891, 51.5108755 ], [ 104.155507, 51.5108861 ] ] ] } },
{ "type": "Feature", "properties": { }, "geometry": { "type": "Polygon", "coordinates": [ [ [ 104.1551543, 51.5109384 ], [ 104.1552451, 51.5109334 ], [ 104.1552541, 51.5109967 ], [ 104.1551633, 51.5110017 ], [ 104.1551543, 51.5109384 ] ] ] } },
{ "type": "Feature", "properties": { }, "geometry": { "type": "Polygon", "coordinates": [ [ [ 104.1545956, 51.5109135 ], [ 104.1547095, 51.5108864 ], [ 104.1547338, 51.5109259 ], [ 104.1546199, 51.510953 ], [ 104.1545956, 51.5109135 ] ] ] } },
{ "type": "Feature", "properties": { }, "geometry": { "type": "Polygon", "coordinates": [ [ [ 104.154551, 51.5108285 ], [ 104.154584, 51.5108899 ], [ 104.1547613, 51.5108528 ], [ 104.1547282, 51.5107915 ], [ 104.154551, 51.5108285 ] ] ] } },
{ "type": "Feature", "properties": { }, "geometry": { "type": "Polygon", "coordinates": [ [ [ 104.1558119, 51.5106116 ], [ 104.1561263, 51.5106084 ], [ 104.1561288, 51.5107041 ], [ 104.1558144, 51.5107072 ], [ 104.1558119, 51.5106116 ] ] ] } },
{ "type": "Feature", "properties": { }, "geometry": { "type": "Polygon", "coordinates": [ [ [ 104.155875, 51.5104955 ], [ 104.1559694, 51.5104943 ], [ 104.1559713, 51.5105508 ], [ 104.1558768, 51.510552 ], [ 104.155875, 51.5104955 ] ] ] } },
{ "type": "Feature", "properties": { }, "geometry": { "type": "Polygon", "coordinates": [ [ [ 104.1578238, 51.5109412 ], [ 104.1580227, 51.5109309 ], [ 104.1580349, 51.5110227 ], [ 104.1578883, 51.5110302 ], [ 104.1578856, 51.51101 ], [ 104.1578333, 51.5110127 ], [ 104.1578238, 51.5109412 ] ] ] } },
{ "type": "Feature", "properties": { }, "geometry": { "type": "Polygon", "coordinates": [ [ [ 104.1571494, 51.5111837 ], [ 104.1572692, 51.5111846 ], [ 104.1572682, 51.5112407 ], [ 104.1571484, 51.5112398 ], [ 104.1571494, 51.5111837 ] ] ] } },
{ "type": "Feature", "properties": { }, "geometry": { "type": "Polygon", "coordinates": [ [ [ 104.1585165, 51.5109784 ], [ 104.1586277, 51.5109755 ], [ 104.1586317, 51.5110362 ], [ 104.1585205, 51.5110391 ], [ 104.1585165, 51.5109784 ] ] ] } },
{ "type": "Feature", "properties": { }, "geometry": { "type": "Polygon", "coordinates": [ [ [ 104.1579654, 51.5112564 ], [ 104.1580963, 51.5112556 ], [ 104.1580975, 51.5113325 ], [ 104.1579666, 51.5113332 ], [ 104.1579654, 51.5112564 ] ] ] } },
{ "type": "Feature", "properties": { }, "geometry": { "type": "Polygon", "coordinates": [ [ [ 104.1579973, 51.5115192 ], [ 104.1581195, 51.5115162 ], [ 104.1581233, 51.5115746 ], [ 104.158001, 51.5115777 ], [ 104.1579973, 51.5115192 ] ] ] } },
{ "type": "Feature", "properties": { }, "geometry": { "type": "Polygon", "coordinates": [ [ [ 104.1567275, 51.5114792 ], [ 104.1568336, 51.5114787 ], [ 104.1568342, 51.5115286 ], [ 104.156728, 51.5115291 ], [ 104.1567275, 51.5114792 ] ] ] } },
{ "type": "Feature", "properties": { }, "geometry": { "type": "Polygon", "coordinates": [ [ [ 104.1572428, 51.5106145 ], [ 104.1572428, 51.5107121 ], [ 104.1573601, 51.5107121 ], [ 104.1573601, 51.5106145 ], [ 104.1572428, 51.5106145 ] ] ] } },
{ "type": "Feature", "properties": { }, "geometry": { "type": "Polygon", "coordinates": [ [ [ 104.1580607, 51.51065 ], [ 104.1580589, 51.5107069 ], [ 104.158159, 51.5107081 ], [ 104.1581607, 51.5106512 ], [ 104.1580607, 51.51065 ] ] ] } },
{ "type": "Feature", "properties": { }, "geometry": { "type": "Polygon", "coordinates": [ [ [ 104.1583779, 51.5106571 ], [ 104.1584802, 51.5106269 ], [ 104.1585207, 51.5106801 ], [ 104.1584184, 51.5107102 ], [ 104.1583779, 51.5106571 ] ] ] } },
{ "type": "Feature", "properties": { }, "geometry": { "type": "Polygon", "coordinates": [ [ [ 104.1579189, 51.5098182 ], [ 104.1579318, 51.5099759 ], [ 104.1577865, 51.5099805 ], [ 104.1577826, 51.509933 ], [ 104.1577501, 51.5099341 ], [ 104.1577458, 51.5098821 ], [ 104.1577792, 51.5098811 ], [ 104.1577744, 51.5098228 ], [ 104.1579189, 51.5098182 ] ] ] } },
{ "type": "Feature", "properties": { }, "geometry": { "type": "Polygon", "coordinates": [ [ [ 104.1572713, 51.5098208 ], [ 104.1572849, 51.5098843 ], [ 104.1573868, 51.5098758 ], [ 104.1573731, 51.5098124 ], [ 104.1572713, 51.5098208 ] ] ] } },
{ "type": "Feature", "properties": { }, "geometry": { "type": "Polygon", "coordinates": [ [ [ 104.1553587, 51.5137022 ], [ 104.155388, 51.5137616 ], [ 104.1554891, 51.5137422 ], [ 104.1554597, 51.5136829 ], [ 104.1553587, 51.5137022 ] ] ] } },
{ "type": "Feature", "properties": { }, "geometry": { "type": "Polygon", "coordinates": [ [ [ 104.1550961, 51.5137247 ], [ 104.155123, 51.5138078 ], [ 104.1552052, 51.5137974 ], [ 104.1551783, 51.5137143 ], [ 104.1550961, 51.5137247 ] ] ] } },
{ "type": "Feature", "properties": { }, "geometry": { "type": "Polygon", "coordinates": [ [ [ 104.1552526, 51.5134979 ], [ 104.155263, 51.5135694 ], [ 104.1553638, 51.5135637 ], [ 104.1553534, 51.5134922 ], [ 104.1552526, 51.5134979 ] ] ] } },
{ "type": "Feature", "properties": { }, "geometry": { "type": "Polygon", "coordinates": [ [ [ 104.1551739, 51.5133671 ], [ 104.1552831, 51.5133681 ], [ 104.1552813, 51.5134434 ], [ 104.1551722, 51.5134424 ], [ 104.1551739, 51.5133671 ] ] ] } },
{ "type": "Feature", "properties": { }, "geometry": { "type": "Polygon", "coordinates": [ [ [ 104.1543744, 51.5132346 ], [ 104.1543729, 51.5133232 ], [ 104.1544735, 51.5133238 ], [ 104.154475, 51.5132352 ], [ 104.1543744, 51.5132346 ] ] ] } },
{ "type": "Feature", "properties": { }, "geometry": { "type": "Polygon", "coordinates": [ [ [ 104.1543288, 51.5137193 ], [ 104.1544133, 51.5137608 ], [ 104.1544549, 51.513728 ], [ 104.1543705, 51.5136865 ], [ 104.1543288, 51.5137193 ] ] ] } },
{ "type": "Feature", "properties": { }, "geometry": { "type": "Polygon", "coordinates": [ [ [ 104.1541813, 51.5138967 ], [ 104.1542376, 51.5139294 ], [ 104.154171, 51.5139738 ], [ 104.1541147, 51.5139411 ], [ 104.1541813, 51.5138967 ] ] ] } },
{ "type": "Feature", "properties": { }, "geometry": { "type": "Polygon", "coordinates": [ [ [ 104.1537299, 51.5142747 ], [ 104.1538722, 51.5142747 ], [ 104.1538722, 51.5143198 ], [ 104.1537299, 51.5143198 ], [ 104.1537299, 51.5142747 ] ] ] } },
{ "type": "Feature", "properties": { }, "geometry": { "type": "Polygon", "coordinates": [ [ [ 104.1544904, 51.5144646 ], [ 104.1545686, 51.5144634 ], [ 104.154571, 51.5145254 ], [ 104.1545224, 51.5145261 ], [ 104.1545214, 51.5145001 ], [ 104.1544918, 51.5145005 ], [ 104.1544904, 51.5144646 ] ] ] } },
{ "type": "Feature", "properties": { }, "geometry": { "type": "Polygon", "coordinates": [ [ [ 104.1549362, 51.5143325 ], [ 104.1549358, 51.5144057 ], [ 104.1550441, 51.5144059 ], [ 104.1550445, 51.5143327 ], [ 104.1549362, 51.5143325 ] ] ] } },
{ "type": "Feature", "properties": { }, "geometry": { "type": "Polygon", "coordinates": [ [ [ 104.1551161, 51.5145038 ], [ 104.1551903, 51.5145041 ], [ 104.1551899, 51.5145487 ], [ 104.1551157, 51.5145484 ], [ 104.1551161, 51.5145038 ] ] ] } },
{ "type": "Feature", "properties": { }, "geometry": { "type": "Polygon", "coordinates": [ [ [ 104.154552, 51.5147821 ], [ 104.1547164, 51.5147841 ], [ 104.1547145, 51.5148461 ], [ 104.154607, 51.5148448 ], [ 104.1546078, 51.5148189 ], [ 104.1545509, 51.5148182 ], [ 104.154552, 51.5147821 ] ] ] } },
{ "type": "Feature", "properties": { }, "geometry": { "type": "Polygon", "coordinates": [ [ [ 104.1541226, 51.5147856 ], [ 104.1541223, 51.5148344 ], [ 104.1542596, 51.5148347 ], [ 104.1542599, 51.5147859 ], [ 104.1541226, 51.5147856 ] ] ] } },
{ "type": "Feature", "properties": { }, "geometry": { "type": "Polygon", "coordinates": [ [ [ 104.1547628, 51.5154693 ], [ 104.1548641, 51.5154679 ], [ 104.1548653, 51.5155025 ], [ 104.154764, 51.5155039 ], [ 104.1547628, 51.5154693 ] ] ] } },
{ "type": "Feature", "properties": { }, "geometry": { "type": "Polygon", "coordinates": [ [ [ 104.1554344, 51.5153408 ], [ 104.1554323, 51.5153925 ], [ 104.1554989, 51.5153935 ], [ 104.1554981, 51.515412 ], [ 104.1555553, 51.5154128 ], [ 104.1555562, 51.515391 ], [ 104.1555997, 51.5153916 ], [ 104.1556016, 51.5153433 ], [ 104.1554344, 51.5153408 ] ] ] } },
{ "type": "Feature", "properties": { }, "geometry": { "type": "Polygon", "coordinates": [ [ [ 104.1549931, 51.51539 ], [ 104.1549916, 51.5154269 ], [ 104.1551066, 51.5154287 ], [ 104.155108, 51.5153917 ], [ 104.1549931, 51.51539 ] ] ] } },
{ "type": "Feature", "properties": { }, "geometry": { "type": "Polygon", "coordinates": [ [ [ 104.1550116, 51.5167656 ], [ 104.1551129, 51.5167677 ], [ 104.1551154, 51.5167221 ], [ 104.1550141, 51.51672 ], [ 104.1550116, 51.5167656 ] ] ] } },
{ "type": "Feature", "properties": { }, "geometry": { "type": "Polygon", "coordinates": [ [ [ 104.1517537, 51.5140411 ], [ 104.1517527, 51.514165 ], [ 104.1519498, 51.5141656 ], [ 104.1519508, 51.5140417 ], [ 104.1517537, 51.5140411 ] ] ] } },
{ "type": "Feature", "properties": { }, "geometry": { "type": "Polygon", "coordinates": [ [ [ 104.1527869, 51.5141614 ], [ 104.1527858, 51.5142976 ], [ 104.1529553, 51.5142981 ], [ 104.1529564, 51.5141619 ], [ 104.1527869, 51.5141614 ] ] ] } },
{ "type": "Feature", "properties": { }, "geometry": { "type": "Polygon", "coordinates": [ [ [ 104.1531378, 51.5141763 ], [ 104.1532465, 51.5141731 ], [ 104.153253, 51.5142576 ], [ 104.1531444, 51.5142608 ], [ 104.1531378, 51.5141763 ] ] ] } },
{ "type": "Feature", "properties": { }, "geometry": { "type": "Polygon", "coordinates": [ [ [ 104.1532499, 51.5152547 ], [ 104.1532434, 51.5153406 ], [ 104.1533572, 51.515344 ], [ 104.1533636, 51.515258 ], [ 104.1532499, 51.5152547 ] ] ] } },
{ "type": "Feature", "properties": { }, "geometry": { "type": "Polygon", "coordinates": [ [ [ 104.1567682, 51.5209487 ], [ 104.1571192, 51.5209424 ], [ 104.1571229, 51.5210222 ], [ 104.1567719, 51.5210285 ], [ 104.1567682, 51.5209487 ] ] ] } },
{ "type": "Feature", "properties": { }, "geometry": { "type": "Polygon", "coordinates": [ [ [ 104.1250451, 51.523339 ], [ 104.1251421, 51.5233459 ], [ 104.1251312, 51.5234053 ], [ 104.1250342, 51.5233984 ], [ 104.1250451, 51.523339 ] ] ] } },
{ "type": "Feature", "properties": { }, "geometry": { "type": "Polygon", "coordinates": [ [ [ 104.1248433, 51.523107 ], [ 104.1249351, 51.5231053 ], [ 104.1249374, 51.5231511 ], [ 104.1248457, 51.5231529 ], [ 104.1248433, 51.523107 ] ] ] } },
{ "type": "Feature", "properties": { }, "geometry": { "type": "Polygon", "coordinates": [ [ [ 104.1246989, 51.5233868 ], [ 104.1247699, 51.5233847 ], [ 104.124773, 51.5234248 ], [ 104.1247019, 51.5234269 ], [ 104.1246989, 51.5233868 ] ] ] } },
{ "type": "Feature", "properties": { }, "geometry": { "type": "Polygon", "coordinates": [ [ [ 104.1246772, 51.5232891 ], [ 104.1247492, 51.5232818 ], [ 104.1247632, 51.5233349 ], [ 104.1246912, 51.5233423 ], [ 104.1246772, 51.5232891 ] ] ] } },
{ "type": "Feature", "properties": { }, "geometry": { "type": "Polygon", "coordinates": [ [ [ 104.1246455, 51.5231703 ], [ 104.1247255, 51.5231682 ], [ 104.1247286, 51.523214 ], [ 104.1246486, 51.5232161 ], [ 104.1246455, 51.5231703 ] ] ] } },
{ "type": "Feature", "properties": { }, "geometry": { "type": "Polygon", "coordinates": [ [ [ 104.1246405, 51.5230725 ], [ 104.1247257, 51.5230716 ], [ 104.1247269, 51.5231183 ], [ 104.1246417, 51.5231191 ], [ 104.1246405, 51.5230725 ] ] ] } },
{ "type": "Feature", "properties": { }, "geometry": { "type": "Polygon", "coordinates": [ [ [ 104.1248092, 51.522917 ], [ 104.1249044, 51.5229124 ], [ 104.1249113, 51.5229679 ], [ 104.124816, 51.5229725 ], [ 104.1248092, 51.522917 ] ] ] } },
{ "type": "Feature", "properties": { }, "geometry": { "type": "Polygon", "coordinates": [ [ [ 104.1247858, 51.5227838 ], [ 104.1248851, 51.522778 ], [ 104.1248951, 51.522844 ], [ 104.1247958, 51.5228498 ], [ 104.1247858, 51.5227838 ] ] ] } },
{ "type": "Feature", "properties": { }, "geometry": { "type": "Polygon", "coordinates": [ [ [ 104.124761, 51.5226895 ], [ 104.1248886, 51.5226813 ], [ 104.1248986, 51.5227416 ], [ 104.124771, 51.5227498 ], [ 104.124761, 51.5226895 ] ] ] } },
{ "type": "Feature", "properties": { }, "geometry": { "type": "Polygon", "coordinates": [ [ [ 104.1247569, 51.5225781 ], [ 104.1248655, 51.5225719 ], [ 104.1248736, 51.5226263 ], [ 104.1247649, 51.5226326 ], [ 104.1247569, 51.5225781 ] ] ] } },
{ "type": "Feature", "properties": { }, "geometry": { "type": "Polygon", "coordinates": [ [ [ 104.1247281, 51.5224794 ], [ 104.1247939, 51.5224781 ], [ 104.124797, 51.52254 ], [ 104.1247312, 51.5225412 ], [ 104.1247281, 51.5224794 ] ] ] } },
{ "type": "Feature", "properties": { }, "geometry": { "type": "Polygon", "coordinates": [ [ [ 104.1247242, 51.5223919 ], [ 104.1247938, 51.5223882 ], [ 104.1247982, 51.5224203 ], [ 104.1247286, 51.522424 ], [ 104.1247242, 51.5223919 ] ] ] } },
{ "type": "Feature", "properties": { }, "geometry": { "type": "Polygon", "coordinates": [ [ [ 104.1247216, 51.5222634 ], [ 104.1247886, 51.5222593 ], [ 104.1247976, 51.5223172 ], [ 104.1247306, 51.5223213 ], [ 104.1247216, 51.5222634 ] ] ] } },
{ "type": "Feature", "properties": { }, "geometry": { "type": "Polygon", "coordinates": [ [ [ 104.1247068, 51.5221475 ], [ 104.12478, 51.5221415 ], [ 104.1247896, 51.5221867 ], [ 104.1247164, 51.5221927 ], [ 104.1247068, 51.5221475 ] ] ] } },
{ "type": "Feature", "properties": { }, "geometry": { "type": "Polygon", "coordinates": [ [ [ 104.1246695, 51.5219255 ], [ 104.1247457, 51.5219247 ], [ 104.124747, 51.5219753 ], [ 104.1246708, 51.5219761 ], [ 104.1246695, 51.5219255 ] ] ] } },
{ "type": "Feature", "properties": { }, "geometry": { "type": "Polygon", "coordinates": [ [ [ 104.1247007, 51.5220301 ], [ 104.12476, 51.5220297 ], [ 104.1247608, 51.5220804 ], [ 104.1247015, 51.5220807 ], [ 104.1247007, 51.5220301 ] ] ] } },
{ "type": "Feature", "properties": { }, "geometry": { "type": "Polygon", "coordinates": [ [ [ 104.125295, 51.5237521 ], [ 104.1255076, 51.5237549 ], [ 104.1255049, 51.5238356 ], [ 104.1254482, 51.5238348 ], [ 104.1254471, 51.5238666 ], [ 104.125365, 51.5238656 ], [ 104.1253663, 51.5238284 ], [ 104.1252925, 51.5238275 ], [ 104.125295, 51.5237521 ] ] ] } },
{ "type": "Feature", "properties": { }, "geometry": { "type": "Polygon", "coordinates": [ [ [ 104.1245511, 51.5238111 ], [ 104.1247543, 51.5238156 ], [ 104.124747, 51.5239456 ], [ 104.1245437, 51.5239411 ], [ 104.1245511, 51.5238111 ] ] ] } },
{ "type": "Feature", "properties": { }, "geometry": { "type": "Polygon", "coordinates": [ [ [ 104.1248364, 51.5230114 ], [ 104.1249117, 51.5230051 ], [ 104.1249212, 51.5230493 ], [ 104.1248459, 51.5230556 ], [ 104.1248364, 51.5230114 ] ] ] } },
{ "type": "Feature", "properties": { }, "geometry": { "type": "Polygon", "coordinates": [ [ [ 104.124084, 51.523085 ], [ 104.1240546, 51.523026 ], [ 104.1241299, 51.5230114 ], [ 104.1241593, 51.5230704 ], [ 104.124084, 51.523085 ] ] ] } },
{ "type": "Feature", "properties": { }, "geometry": { "type": "Polygon", "coordinates": [ [ [ 104.1239727, 51.5228019 ], [ 104.1240091, 51.5228677 ], [ 104.1240801, 51.5228525 ], [ 104.1240436, 51.5227867 ], [ 104.1239727, 51.5228019 ] ] ] } },
{ "type": "Feature", "properties": { }, "geometry": { "type": "Polygon", "coordinates": [ [ [ 104.1245486, 51.5226482 ], [ 104.1246277, 51.5226223 ], [ 104.1246572, 51.522657 ], [ 104.124578, 51.5226829 ], [ 104.1245486, 51.5226482 ] ] ] } },
{ "type": "Feature", "properties": { }, "geometry": { "type": "Polygon", "coordinates": [ [ [ 104.1239764, 51.5225829 ], [ 104.1239852, 51.5226414 ], [ 104.1240318, 51.5226387 ], [ 104.1240231, 51.5225802 ], [ 104.1239764, 51.5225829 ] ] ] } },
{ "type": "Feature", "properties": { }, "geometry": { "type": "Polygon", "coordinates": [ [ [ 104.1239628, 51.5224606 ], [ 104.1239699, 51.5225264 ], [ 104.1240163, 51.5225245 ], [ 104.1240093, 51.5224587 ], [ 104.1239628, 51.5224606 ] ] ] } },
{ "type": "Feature", "properties": { }, "geometry": { "type": "Polygon", "coordinates": [ [ [ 104.1239479, 51.5223573 ], [ 104.1239517, 51.5224185 ], [ 104.1240036, 51.5224173 ], [ 104.1239999, 51.5223561 ], [ 104.1239479, 51.5223573 ] ] ] } },
{ "type": "Feature", "properties": { }, "geometry": { "type": "Polygon", "coordinates": [ [ [ 104.1239099, 51.5222686 ], [ 104.1239151, 51.5223106 ], [ 104.1239791, 51.5223075 ], [ 104.1239739, 51.5222655 ], [ 104.1239099, 51.5222686 ] ] ] } },
{ "type": "Feature", "properties": { }, "geometry": { "type": "Polygon", "coordinates": [ [ [ 104.1238812, 51.5221187 ], [ 104.1238919, 51.5221721 ], [ 104.1239454, 51.5221679 ], [ 104.1239347, 51.5221145 ], [ 104.1238812, 51.5221187 ] ] ] } },
{ "type": "Feature", "properties": { }, "geometry": { "type": "Polygon", "coordinates": [ [ [ 104.1238566, 51.5219973 ], [ 104.1238657, 51.5220581 ], [ 104.1239162, 51.5220551 ], [ 104.1239088, 51.5220063 ], [ 104.1238566, 51.5219973 ] ] ] } },
{ "type": "Feature", "properties": { }, "geometry": { "type": "Polygon", "coordinates": [ [ [ 104.1231498, 51.5221138 ], [ 104.1231541, 51.5221851 ], [ 104.1232324, 51.5221833 ], [ 104.1232281, 51.5221119 ], [ 104.1231498, 51.5221138 ] ] ] } },
{ "type": "Feature", "properties": { }, "geometry": { "type": "Polygon", "coordinates": [ [ [ 104.1231446, 51.5222303 ], [ 104.1231415, 51.5222851 ], [ 104.1232189, 51.5222868 ], [ 104.1232219, 51.522232 ], [ 104.1231446, 51.5222303 ] ] ] } },
{ "type": "Feature", "properties": { }, "geometry": { "type": "Polygon", "coordinates": [ [ [ 104.1231673, 51.5223141 ], [ 104.1232513, 51.5223125 ], [ 104.1232531, 51.5223496 ], [ 104.1231691, 51.5223512 ], [ 104.1231673, 51.5223141 ] ] ] } },
{ "type": "Feature", "properties": { }, "geometry": { "type": "Polygon", "coordinates": [ [ [ 104.1231827, 51.5224471 ], [ 104.1232468, 51.522444 ], [ 104.1232545, 51.522506 ], [ 104.1231905, 51.5225091 ], [ 104.1231827, 51.5224471 ] ] ] } },
{ "type": "Feature", "properties": { }, "geometry": { "type": "Polygon", "coordinates": [ [ [ 104.1232209, 51.5226746 ], [ 104.1233006, 51.5226755 ], [ 104.1232991, 51.5227323 ], [ 104.1232194, 51.5227314 ], [ 104.1232209, 51.5226746 ] ] ] } },
{ "type": "Feature", "properties": { }, "geometry": { "type": "Polygon", "coordinates": [ [ [ 104.1232236, 51.5228154 ], [ 104.1233048, 51.522812 ], [ 104.1233096, 51.5228563 ], [ 104.1232284, 51.5228597 ], [ 104.1232236, 51.5228154 ] ] ] } },
{ "type": "Feature", "properties": { }, "geometry": { "type": "Polygon", "coordinates": [ [ [ 104.1232299, 51.5228933 ], [ 104.1233185, 51.5228938 ], [ 104.1233177, 51.5229462 ], [ 104.1232292, 51.5229457 ], [ 104.1232299, 51.5228933 ] ] ] } },
{ "type": "Feature", "properties": { }, "geometry": { "type": "Polygon", "coordinates": [ [ [ 104.1232607, 51.5230046 ], [ 104.1233216, 51.5230038 ], [ 104.1233246, 51.5230859 ], [ 104.1232637, 51.5230868 ], [ 104.1232607, 51.5230046 ] ] ] } },
{ "type": "Feature", "properties": { }, "geometry": { "type": "Polygon", "coordinates": [ [ [ 104.1232698, 51.5231531 ], [ 104.1233658, 51.5231498 ], [ 104.1233691, 51.5231876 ], [ 104.1232732, 51.5231909 ], [ 104.1232698, 51.5231531 ] ] ] } },
{ "type": "Feature", "properties": { }, "geometry": { "type": "Polygon", "coordinates": [ [ [ 104.1233059, 51.5232388 ], [ 104.1233757, 51.5232359 ], [ 104.1233826, 51.5233009 ], [ 104.1233129, 51.5233037 ], [ 104.1233059, 51.5232388 ] ] ] } },
{ "type": "Feature", "properties": { }, "geometry": { "type": "Polygon", "coordinates": [ [ [ 104.1233219, 51.52335 ], [ 104.1233832, 51.5233467 ], [ 104.1233909, 51.5234014 ], [ 104.1233296, 51.5234048 ], [ 104.1233219, 51.52335 ] ] ] } },
{ "type": "Feature", "properties": { }, "geometry": { "type": "Polygon", "coordinates": [ [ [ 104.1233549, 51.5234636 ], [ 104.123424, 51.523456 ], [ 104.1234379, 51.5235051 ], [ 104.1233688, 51.5235127 ], [ 104.1233549, 51.5234636 ] ] ] } },
{ "type": "Feature", "properties": { }, "geometry": { "type": "Polygon", "coordinates": [ [ [ 104.1236805, 51.5236808 ], [ 104.1236903, 51.5237367 ], [ 104.1237731, 51.5237311 ], [ 104.1237633, 51.5236751 ], [ 104.1236805, 51.5236808 ] ] ] } },
{ "type": "Feature", "properties": { }, "geometry": { "type": "Polygon", "coordinates": [ [ [ 104.1234841, 51.5236905 ], [ 104.1235766, 51.5236834 ], [ 104.1235884, 51.5237432 ], [ 104.1234959, 51.5237503 ], [ 104.1234841, 51.5236905 ] ] ] } },
{ "type": "Feature", "properties": { }, "geometry": { "type": "Polygon", "coordinates": [ [ [ 104.1233317, 51.5236974 ], [ 104.1233408, 51.5237723 ], [ 104.1234309, 51.523768 ], [ 104.1234218, 51.5236931 ], [ 104.1233317, 51.5236974 ] ] ] } },
{ "type": "Feature", "properties": { }, "geometry": { "type": "Polygon", "coordinates": [ [ [ 104.1231558, 51.5237142 ], [ 104.123242, 51.5237092 ], [ 104.1232498, 51.5237611 ], [ 104.1231636, 51.5237662 ], [ 104.1231558, 51.5237142 ] ] ] } },
{ "type": "Feature", "properties": { }, "geometry": { "type": "Polygon", "coordinates": [ [ [ 104.124089, 51.5236842 ], [ 104.1241337, 51.5236834 ], [ 104.1241368, 51.5237483 ], [ 104.1240921, 51.5237491 ], [ 104.124089, 51.5236842 ] ] ] } },
{ "type": "Feature", "properties": { }, "geometry": { "type": "Polygon", "coordinates": [ [ [ 104.1230733, 51.5235833 ], [ 104.1231894, 51.523581 ], [ 104.1231914, 51.5236189 ], [ 104.1230753, 51.5236213 ], [ 104.1230733, 51.5235833 ] ] ] } },
{ "type": "Feature", "properties": { }, "geometry": { "type": "Polygon", "coordinates": [ [ [ 104.1229482, 51.5221048 ], [ 104.1230109, 51.5220994 ], [ 104.1230209, 51.5221442 ], [ 104.1229583, 51.5221497 ], [ 104.1229482, 51.5221048 ] ] ] } },
{ "type": "Feature", "properties": { }, "geometry": { "type": "Polygon", "coordinates": [ [ [ 104.122964, 51.5222203 ], [ 104.1230351, 51.5222194 ], [ 104.1230366, 51.5222637 ], [ 104.1229655, 51.5222646 ], [ 104.122964, 51.5222203 ] ] ] } },
{ "type": "Feature", "properties": { }, "geometry": { "type": "Polygon", "coordinates": [ [ [ 104.122956, 51.52234 ], [ 104.1230619, 51.52234 ], [ 104.1230619, 51.5223771 ], [ 104.122956, 51.5223771 ], [ 104.122956, 51.52234 ] ] ] } },
{ "type": "Feature", "properties": { }, "geometry": { "type": "Polygon", "coordinates": [ [ [ 104.1228099, 51.5221238 ], [ 104.1229144, 51.5221141 ], [ 104.1229221, 51.5221465 ], [ 104.1228176, 51.5221561 ], [ 104.1228099, 51.5221238 ] ] ] } },
{ "type": "Feature", "properties": { }, "geometry": { "type": "Polygon", "coordinates": [ [ [ 104.1229771, 51.5224687 ], [ 104.1230601, 51.5224623 ], [ 104.1230674, 51.5224992 ], [ 104.1229712, 51.5225066 ], [ 104.1229771, 51.5224687 ] ] ] } },
{ "type": "Feature", "properties": { }, "geometry": { "type": "Polygon", "coordinates": [ [ [ 104.1230021, 51.5225578 ], [ 104.1230761, 51.5225589 ], [ 104.1230747, 51.5225997 ], [ 104.1230006, 51.5225987 ], [ 104.1230021, 51.5225578 ] ] ] } },
{ "type": "Feature", "properties": { }, "geometry": { "type": "Polygon", "coordinates": [ [ [ 104.1230334, 51.5226574 ], [ 104.1230973, 51.5226597 ], [ 104.1230908, 51.5227309 ], [ 104.1230269, 51.5227287 ], [ 104.1230334, 51.5226574 ] ] ] } },
{ "type": "Feature", "properties": { }, "geometry": { "type": "Polygon", "coordinates": [ [ [ 104.1230404, 51.5227827 ], [ 104.1230985, 51.5227815 ], [ 104.1231024, 51.5228537 ], [ 104.1230443, 51.5228549 ], [ 104.1230404, 51.5227827 ] ] ] } },
{ "type": "Feature", "properties": { }, "geometry": { "type": "Polygon", "coordinates": [ [ [ 104.1230658, 51.5228906 ], [ 104.1230608, 51.5229691 ], [ 104.1231159, 51.5229704 ], [ 104.123121, 51.522892 ], [ 104.1230658, 51.5228906 ] ] ] } },
{ "type": "Feature", "properties": { }, "geometry": { "type": "Polygon", "coordinates": [ [ [ 104.1230462, 51.5230139 ], [ 104.1230428, 51.5230816 ], [ 104.1231168, 51.5230831 ], [ 104.1231203, 51.5230154 ], [ 104.1230462, 51.5230139 ] ] ] } },
{ "type": "Feature", "properties": { }, "geometry": { "type": "Polygon", "coordinates": [ [ [ 104.1230794, 51.5231174 ], [ 104.1231619, 51.5231159 ], [ 104.1231653, 51.5231909 ], [ 104.1230828, 51.5231923 ], [ 104.1230794, 51.5231174 ] ] ] } },
{ "type": "Feature", "properties": { }, "geometry": { "type": "Polygon", "coordinates": [ [ [ 104.1230784, 51.5232589 ], [ 104.123165, 51.5232527 ], [ 104.1231739, 51.5233006 ], [ 104.1230872, 51.5233068 ], [ 104.1230784, 51.5232589 ] ] ] } },
{ "type": "Feature", "properties": { }, "geometry": { "type": "Polygon", "coordinates": [ [ [ 104.12309, 51.5233553 ], [ 104.1231794, 51.523354 ], [ 104.1231817, 51.5234142 ], [ 104.1230923, 51.5234155 ], [ 104.12309, 51.5233553 ] ] ] } },
{ "type": "Feature", "properties": { }, "geometry": { "type": "Polygon", "coordinates": [ [ [ 104.1378811, 51.5153021 ], [ 104.137879, 51.5152433 ], [ 104.1379654, 51.5152421 ], [ 104.1379675, 51.5153009 ], [ 104.1378811, 51.5153021 ] ] ] } },
{ "type": "Feature", "properties": { }, "geometry": { "type": "Polygon", "coordinates": [ [ [ 104.1374342, 51.515414 ], [ 104.1375292, 51.5153761 ], [ 104.137563, 51.515409 ], [ 104.137468, 51.5154468 ], [ 104.1374342, 51.515414 ] ] ] } },
{ "type": "Feature", "properties": { }, "geometry": { "type": "Polygon", "coordinates": [ [ [ 104.1373105, 51.5149665 ], [ 104.1373914, 51.5149172 ], [ 104.1372366, 51.5148187 ], [ 104.1371557, 51.5148679 ], [ 104.1373105, 51.5149665 ] ] ] } },
{ "type": "Feature", "properties": { }, "geometry": { "type": "Polygon", "coordinates": [ [ [ 104.1352334, 51.5161018 ], [ 104.1353452, 51.51606 ], [ 104.1354531, 51.5161719 ], [ 104.1353412, 51.5162137 ], [ 104.1352334, 51.5161018 ] ] ] } },
{ "type": "Feature", "properties": { }, "geometry": { "type": "Polygon", "coordinates": [ [ [ 104.1355113, 51.5160149 ], [ 104.135674, 51.5159626 ], [ 104.1357593, 51.5160655 ], [ 104.1355965, 51.5161177 ], [ 104.1355113, 51.5160149 ] ] ] } },
{ "type": "Feature", "properties": { }, "geometry": { "type": "Polygon", "coordinates": [ [ [ 104.1407674, 51.5160702 ], [ 104.140856, 51.5160181 ], [ 104.1409822, 51.5161013 ], [ 104.1408936, 51.5161533 ], [ 104.1407674, 51.5160702 ] ] ] } },
{ "type": "Feature", "properties": { }, "geometry": { "type": "Polygon", "coordinates": [ [ [ 104.1320808, 51.5171376 ], [ 104.1321117, 51.5170993 ], [ 104.1322139, 51.5171313 ], [ 104.1321829, 51.5171696 ], [ 104.1320808, 51.5171376 ] ] ] } },
{ "type": "Feature", "properties": { }, "geometry": { "type": "Polygon", "coordinates": [ [ [ 104.1313769, 51.5177399 ], [ 104.1313916, 51.5177851 ], [ 104.1314808, 51.5177739 ], [ 104.1314662, 51.5177287 ], [ 104.1313769, 51.5177399 ] ] ] } },
{ "type": "Feature", "properties": { }, "geometry": { "type": "Polygon", "coordinates": [ [ [ 104.1309292, 51.5178291 ], [ 104.1309452, 51.5178733 ], [ 104.1310228, 51.5178624 ], [ 104.1310068, 51.5178182 ], [ 104.1309292, 51.5178291 ] ] ] } },
{ "type": "Feature", "properties": { }, "geometry": { "type": "Polygon", "coordinates": [ [ [ 104.131065, 51.5177996 ], [ 104.1310866, 51.5178442 ], [ 104.1311706, 51.5178284 ], [ 104.131149, 51.5177839 ], [ 104.131065, 51.5177996 ] ] ] } },
{ "type": "Feature", "properties": { }, "geometry": { "type": "Polygon", "coordinates": [ [ [ 104.1305511, 51.5178901 ], [ 104.1307247, 51.5178526 ], [ 104.1307635, 51.5179222 ], [ 104.1308211, 51.5179097 ], [ 104.1308551, 51.5179706 ], [ 104.1306239, 51.5180205 ], [ 104.1305511, 51.5178901 ] ] ] } },
{ "type": "Feature", "properties": { }, "geometry": { "type": "Polygon", "coordinates": [ [ [ 104.1190733, 51.5107982 ], [ 104.1191611, 51.5109448 ], [ 104.1193614, 51.5108983 ], [ 104.1193417, 51.5108655 ], [ 104.1199327, 51.5107284 ], [ 104.1198646, 51.5106146 ], [ 104.1190733, 51.5107982 ] ] ] } },
{ "type": "Feature", "properties": { }, "geometry": { "type": "Polygon", "coordinates": [ [ [ 104.1202503, 51.5090499 ], [ 104.1203283, 51.5088517 ], [ 104.1201196, 51.5085844 ], [ 104.1197805, 51.5085617 ], [ 104.1194913, 51.5086491 ], [ 104.1195917, 51.5087777 ], [ 104.1197989, 51.508715 ], [ 104.120051, 51.508728 ], [ 104.1201236, 51.508821 ], [ 104.1200681, 51.5089696 ], [ 104.1198553, 51.5090339 ], [ 104.119956, 51.5091628 ], [ 104.1201048, 51.5091178 ], [ 104.1201539, 51.5091807 ], [ 104.1203145, 51.5091321 ], [ 104.1202503, 51.5090499 ] ] ] } },
{ "type": "Feature", "properties": { }, "geometry": { "type": "Polygon", "coordinates": [ [ [ 104.1201421, 51.5095868 ], [ 104.1202685, 51.5097144 ], [ 104.1204014, 51.5096634 ], [ 104.1202749, 51.5095358 ], [ 104.1201421, 51.5095868 ] ] ] } },
{ "type": "Feature", "properties": { }, "geometry": { "type": "Polygon", "coordinates": [ [ [ 104.1204598, 51.5107326 ], [ 104.1205236, 51.5108119 ], [ 104.1206218, 51.5107813 ], [ 104.1205581, 51.510702 ], [ 104.1204598, 51.5107326 ] ] ] } },
{ "type": "Feature", "properties": { }, "geometry": { "type": "Polygon", "coordinates": [ [ [ 104.1200577, 51.5105814 ], [ 104.1201108, 51.5106839 ], [ 104.1202801, 51.5106499 ], [ 104.1202269, 51.5105474 ], [ 104.1200577, 51.5105814 ] ] ] } },
{ "type": "Feature", "properties": { }, "geometry": { "type": "Polygon", "coordinates": [ [ [ 104.1389911, 51.5169343 ], [ 104.1391004, 51.5170108 ], [ 104.1392685, 51.5169178 ], [ 104.1391592, 51.5168413 ], [ 104.1389911, 51.5169343 ] ] ] } },
{ "type": "Feature", "properties": { }, "geometry": { "type": "Polygon", "coordinates": [ [ [ 104.1376079, 51.5171729 ], [ 104.1376607, 51.517231 ], [ 104.1377482, 51.5172003 ], [ 104.1376953, 51.5171421 ], [ 104.1376079, 51.5171729 ] ] ] } },
{ "type": "Feature", "properties": { }, "geometry": { "type": "Polygon", "coordinates": [ [ [ 104.1367739, 51.517025 ], [ 104.1368457, 51.5171007 ], [ 104.1369799, 51.5170514 ], [ 104.136908, 51.5169757 ], [ 104.1367739, 51.517025 ] ] ] } },
{ "type": "Feature", "properties": { }, "geometry": { "type": "Polygon", "coordinates": [ [ [ 104.1368816, 51.5167354 ], [ 104.1369553, 51.5168382 ], [ 104.1370875, 51.5168015 ], [ 104.1370137, 51.5166987 ], [ 104.1368816, 51.5167354 ] ] ] } },
{ "type": "Feature", "properties": { }, "geometry": { "type": "Polygon", "coordinates": [ [ [ 104.1374885, 51.5167563 ], [ 104.1376497, 51.5167165 ], [ 104.1375651, 51.5165839 ], [ 104.1374896, 51.5166026 ], [ 104.1374786, 51.5165854 ], [ 104.137393, 51.5166066 ], [ 104.1374885, 51.5167563 ] ] ] } },
{ "type": "Feature", "properties": { }, "geometry": { "type": "Polygon", "coordinates": [ [ [ 104.1382131, 51.5161605 ], [ 104.1383192, 51.5162332 ], [ 104.1384006, 51.5161871 ], [ 104.1382945, 51.5161144 ], [ 104.1382131, 51.5161605 ] ] ] } },
{ "type": "Feature", "properties": { }, "geometry": { "type": "Polygon", "coordinates": [ [ [ 104.1485884, 51.5216989 ], [ 104.1488041, 51.5216995 ], [ 104.1488021, 51.5219697 ], [ 104.1485864, 51.521969 ], [ 104.1485884, 51.5216989 ] ] ] } },
{ "type": "Feature", "properties": { }, "geometry": { "type": "Polygon", "coordinates": [ [ [ 104.181697, 51.5168043 ], [ 104.1847513, 51.5152118 ], [ 104.1844226, 51.5149676 ], [ 104.18409, 51.515141 ], [ 104.1834152, 51.5146398 ], [ 104.1806935, 51.5160589 ], [ 104.181697, 51.5168043 ] ] ] } },
{ "type": "Feature", "properties": { }, "geometry": { "type": "Polygon", "coordinates": [ [ [ 104.1895861, 51.5173286 ], [ 104.1886155, 51.5166983 ], [ 104.1893767, 51.5162443 ], [ 104.1903474, 51.5168746 ], [ 104.1895861, 51.5173286 ] ] ] } },
{ "type": "Feature", "properties": { }, "geometry": { "type": "Polygon", "coordinates": [ [ [ 104.138673, 51.519191 ], [ 104.138923, 51.519191 ], [ 104.138923, 51.519282 ], [ 104.138673, 51.519282 ], [ 104.138673, 51.519191 ] ] ] } },
{ "type": "Feature", "properties": { }, "geometry": { "type": "Polygon", "coordinates": [ [ [ 104.138664, 51.525245 ], [ 104.138801, 51.525241 ], [ 104.138809, 51.525302 ], [ 104.138671, 51.525306 ], [ 104.138664, 51.525245 ] ] ] } },
{ "type": "Feature", "properties": { }, "geometry": { "type": "Polygon", "coordinates": [ [ [ 104.140327, 51.524425 ], [ 104.140464, 51.524429 ], [ 104.140457, 51.524482 ], [ 104.140319, 51.524478 ], [ 104.140327, 51.524425 ] ] ] } },
{ "type": "Feature", "properties": { }, "geometry": { "type": "Polygon", "coordinates": [ [ [ 104.140335, 51.524208 ], [ 104.140464, 51.524204 ], [ 104.140472, 51.524272 ], [ 104.140342, 51.524276 ], [ 104.140335, 51.524208 ] ] ] } },
{ "type": "Feature", "properties": { }, "geometry": { "type": "Polygon", "coordinates": [ [ [ 104.139579, 51.525337 ], [ 104.139686, 51.52528 ], [ 104.139755, 51.525325 ], [ 104.139648, 51.525383 ], [ 104.139579, 51.525337 ] ] ] } },
{ "type": "Feature", "properties": { }, "geometry": { "type": "Polygon", "coordinates": [ [ [ 104.1396957, 51.5239578 ], [ 104.1398407, 51.5239538 ], [ 104.1398477, 51.5240228 ], [ 104.1397027, 51.5240258 ], [ 104.1396957, 51.5239578 ] ] ] } },
{ "type": "Feature", "properties": { }, "geometry": { "type": "Polygon", "coordinates": [ [ [ 104.139762, 51.52478 ], [ 104.139831, 51.524704 ], [ 104.139739, 51.524673 ], [ 104.139671, 51.524749 ], [ 104.139762, 51.52478 ] ] ] } },
{ "type": "Feature", "properties": { }, "geometry": { "type": "Polygon", "coordinates": [ [ [ 104.139047, 51.521573 ], [ 104.139024, 51.521451 ], [ 104.138883, 51.521461 ], [ 104.138906, 51.521584 ], [ 104.139047, 51.521573 ] ] ] } },
{ "type": "Feature", "properties": { }, "geometry": { "type": "Polygon", "coordinates": [ [ [ 104.139108, 51.521781 ], [ 104.139262, 51.521774 ], [ 104.139273, 51.521873 ], [ 104.139119, 51.52188 ], [ 104.139108, 51.521781 ] ] ] } },
{ "type": "Feature", "properties": { }, "geometry": { "type": "Polygon", "coordinates": [ [ [ 104.1394341, 51.5218876 ], [ 104.1394241, 51.5218124 ], [ 104.1394209, 51.5217891 ], [ 104.1395458, 51.5217825 ], [ 104.139549, 51.5218058 ], [ 104.139559, 51.5218811 ], [ 104.1394341, 51.5218876 ] ] ] } },
{ "type": "Feature", "properties": { }, "geometry": { "type": "Polygon", "coordinates": [ [ [ 104.140605, 51.521085 ], [ 104.140839, 51.521158 ], [ 104.140735, 51.521287 ], [ 104.140501, 51.521213 ], [ 104.140605, 51.521085 ] ] ] } },
{ "type": "Feature", "properties": { }, "geometry": { "type": "Polygon", "coordinates": [ [ [ 104.138758, 51.521693 ], [ 104.13876, 51.52159 ], [ 104.138633, 51.521589 ], [ 104.138631, 51.521693 ], [ 104.138758, 51.521693 ] ] ] } },
{ "type": "Feature", "properties": { }, "geometry": { "type": "Polygon", "coordinates": [ [ [ 104.134063, 51.523857 ], [ 104.134277, 51.523853 ], [ 104.134277, 51.523925 ], [ 104.134063, 51.523929 ], [ 104.134063, 51.523857 ] ] ] } },
{ "type": "Feature", "properties": { }, "geometry": { "type": "Polygon", "coordinates": [ [ [ 104.134384, 51.523853 ], [ 104.134597, 51.523849 ], [ 104.134597, 51.523921 ], [ 104.134384, 51.523925 ], [ 104.134384, 51.523853 ] ] ] } },
{ "type": "Feature", "properties": { }, "geometry": { "type": "Polygon", "coordinates": [ [ [ 104.13446, 51.524158 ], [ 104.134674, 51.524154 ], [ 104.134674, 51.524227 ], [ 104.13446, 51.52423 ], [ 104.13446, 51.524158 ] ] ] } },
{ "type": "Feature", "properties": { }, "geometry": { "type": "Polygon", "coordinates": [ [ [ 104.13417, 51.524189 ], [ 104.134384, 51.524185 ], [ 104.134384, 51.524257 ], [ 104.13417, 51.524261 ], [ 104.13417, 51.524189 ] ] ] } },
{ "type": "Feature", "properties": { }, "geometry": { "type": "Polygon", "coordinates": [ [ [ 104.135154, 51.524105 ], [ 104.135368, 51.524101 ], [ 104.135368, 51.524173 ], [ 104.135154, 51.524177 ], [ 104.135154, 51.524105 ] ] ] } },
{ "type": "Feature", "properties": { }, "geometry": { "type": "Polygon", "coordinates": [ [ [ 104.134811, 51.52415 ], [ 104.135025, 51.524147 ], [ 104.135025, 51.524219 ], [ 104.134811, 51.524223 ], [ 104.134811, 51.52415 ] ] ] } },
{ "type": "Feature", "properties": { }, "geometry": { "type": "Polygon", "coordinates": [ [ [ 104.135818, 51.524372 ], [ 104.136032, 51.524368 ], [ 104.136032, 51.52444 ], [ 104.135818, 51.524444 ], [ 104.135818, 51.524372 ] ] ] } },
{ "type": "Feature", "properties": { }, "geometry": { "type": "Polygon", "coordinates": [ [ [ 104.135864, 51.524097 ], [ 104.136077, 51.524093 ], [ 104.136077, 51.524166 ], [ 104.135864, 51.524169 ], [ 104.135864, 51.524097 ] ] ] } },
{ "type": "Feature", "properties": { }, "geometry": { "type": "Polygon", "coordinates": [ [ [ 104.135635, 51.524707 ], [ 104.135849, 51.524704 ], [ 104.135849, 51.524776 ], [ 104.135635, 51.52478 ], [ 104.135635, 51.524707 ] ] ] } },
{ "type": "Feature", "properties": { }, "geometry": { "type": "Polygon", "coordinates": [ [ [ 104.13552, 51.524112 ], [ 104.135734, 51.524108 ], [ 104.135734, 51.524181 ], [ 104.13552, 51.524185 ], [ 104.13552, 51.524112 ] ] ] } },
{ "type": "Feature", "properties": { }, "geometry": { "type": "Polygon", "coordinates": [ [ [ 104.136062, 51.524791 ], [ 104.136276, 51.524787 ], [ 104.136276, 51.52486 ], [ 104.136062, 51.524864 ], [ 104.136062, 51.524791 ] ] ] } },
{ "type": "Feature", "properties": { }, "geometry": { "type": "Polygon", "coordinates": [ [ [ 104.134231, 51.524547 ], [ 104.134445, 51.524543 ], [ 104.134445, 51.524616 ], [ 104.134231, 51.52462 ], [ 104.134231, 51.524547 ] ] ] } },
{ "type": "Feature", "properties": { }, "geometry": { "type": "Polygon", "coordinates": [ [ [ 104.135467, 51.52378 ], [ 104.135681, 51.523777 ], [ 104.135681, 51.523849 ], [ 104.135467, 51.523853 ], [ 104.135467, 51.52378 ] ] ] } },
{ "type": "Feature", "properties": { }, "geometry": { "type": "Polygon", "coordinates": [ [ [ 104.135818, 51.523761 ], [ 104.136032, 51.523757 ], [ 104.136032, 51.52383 ], [ 104.135818, 51.523834 ], [ 104.135818, 51.523761 ] ] ] } },
{ "type": "Feature", "properties": { }, "geometry": { "type": "Polygon", "coordinates": [ [ [ 104.134727, 51.523826 ], [ 104.134941, 51.523822 ], [ 104.134941, 51.523895 ], [ 104.134727, 51.523899 ], [ 104.134727, 51.523826 ] ] ] } },
{ "type": "Feature", "properties": { }, "geometry": { "type": "Polygon", "coordinates": [ [ [ 104.135108, 51.523826 ], [ 104.135322, 51.523822 ], [ 104.135322, 51.523895 ], [ 104.135108, 51.523899 ], [ 104.135108, 51.523826 ] ] ] } },
{ "type": "Feature", "properties": { }, "geometry": { "type": "Polygon", "coordinates": [ [ [ 104.12796, 51.523162 ], [ 104.12796, 51.523029 ], [ 104.127845, 51.523029 ], [ 104.127845, 51.523162 ], [ 104.12796, 51.523162 ] ] ] } },
{ "type": "Feature", "properties": { }, "geometry": { "type": "Polygon", "coordinates": [ [ [ 104.127563, 51.523136 ], [ 104.127563, 51.523002 ], [ 104.127449, 51.523002 ], [ 104.127449, 51.523136 ], [ 104.127563, 51.523136 ] ] ] } },
{ "type": "Feature", "properties": { }, "geometry": { "type": "Polygon", "coordinates": [ [ [ 104.126747, 51.523456 ], [ 104.126747, 51.523323 ], [ 104.126632, 51.523323 ], [ 104.126632, 51.523456 ], [ 104.126747, 51.523456 ] ] ] } },
{ "type": "Feature", "properties": { }, "geometry": { "type": "Polygon", "coordinates": [ [ [ 104.127937, 51.523452 ], [ 104.127937, 51.523319 ], [ 104.127822, 51.523319 ], [ 104.127822, 51.523452 ], [ 104.127937, 51.523452 ] ] ] } },
{ "type": "Feature", "properties": { }, "geometry": { "type": "Polygon", "coordinates": [ [ [ 104.127555, 51.523468 ], [ 104.127555, 51.523334 ], [ 104.127441, 51.523334 ], [ 104.127441, 51.523468 ], [ 104.127555, 51.523468 ] ] ] } },
{ "type": "Feature", "properties": { }, "geometry": { "type": "Polygon", "coordinates": [ [ [ 104.127166, 51.523468 ], [ 104.127166, 51.523334 ], [ 104.127052, 51.523334 ], [ 104.127052, 51.523468 ], [ 104.127166, 51.523468 ] ] ] } },
{ "type": "Feature", "properties": { }, "geometry": { "type": "Polygon", "coordinates": [ [ [ 104.126396, 51.523464 ], [ 104.126396, 51.52333 ], [ 104.126281, 51.52333 ], [ 104.126281, 51.523464 ], [ 104.126396, 51.523464 ] ] ] } },
{ "type": "Feature", "properties": { }, "geometry": { "type": "Polygon", "coordinates": [ [ [ 104.126365, 51.523086 ], [ 104.126365, 51.522953 ], [ 104.126251, 51.522953 ], [ 104.126251, 51.523086 ], [ 104.126365, 51.523086 ] ] ] } },
{ "type": "Feature", "properties": { }, "geometry": { "type": "Polygon", "coordinates": [ [ [ 104.139923, 51.524318 ], [ 104.1399, 51.524196 ], [ 104.139816, 51.524204 ], [ 104.139839, 51.524326 ], [ 104.139923, 51.524318 ] ] ] } },
{ "type": "Feature", "properties": { }, "geometry": { "type": "Polygon", "coordinates": [ [ [ 104.1399, 51.524517 ], [ 104.139915, 51.524414 ], [ 104.139816, 51.52441 ], [ 104.139801, 51.524513 ], [ 104.1399, 51.524517 ] ] ] } },
{ "type": "Feature", "properties": { }, "geometry": { "type": "Polygon", "coordinates": [ [ [ 104.140296, 51.524734 ], [ 104.140449, 51.524765 ], [ 104.140411, 51.524837 ], [ 104.140258, 51.524807 ], [ 104.140296, 51.524734 ] ] ] } },
{ "type": "Feature", "properties": { }, "geometry": { "type": "Polygon", "coordinates": [ [ [ 104.139862, 51.523723 ], [ 104.139846, 51.523605 ], [ 104.139747, 51.523609 ], [ 104.139762, 51.523727 ], [ 104.139862, 51.523723 ] ] ] } },
{ "type": "Feature", "properties": { }, "geometry": { "type": "Polygon", "coordinates": [ [ [ 104.13932, 51.525432 ], [ 104.139472, 51.525383 ], [ 104.139526, 51.525447 ], [ 104.139373, 51.525497 ], [ 104.13932, 51.525432 ] ] ] } },
{ "type": "Feature", "properties": { }, "geometry": { "type": "Polygon", "coordinates": [ [ [ 104.139999, 51.525177 ], [ 104.140121, 51.5251 ], [ 104.140037, 51.525051 ], [ 104.139915, 51.525127 ], [ 104.139999, 51.525177 ] ] ] } },
{ "type": "Feature", "properties": { }, "geometry": { "type": "Polygon", "coordinates": [ [ [ 104.127189, 51.523105 ], [ 104.127189, 51.522972 ], [ 104.127075, 51.522972 ], [ 104.127075, 51.523105 ], [ 104.127189, 51.523105 ] ] ] } },
{ "type": "Feature", "properties": { }, "geometry": { "type": "Polygon", "coordinates": [ [ [ 104.12677, 51.523113 ], [ 104.12677, 51.522979 ], [ 104.126655, 51.522979 ], [ 104.126655, 51.523113 ], [ 104.12677, 51.523113 ] ] ] } },
{ "type": "Feature", "properties": { }, "geometry": { "type": "Polygon", "coordinates": [ [ [ 104.139487, 51.52268 ], [ 104.140131, 51.522642 ], [ 104.140153, 51.522782 ], [ 104.139508, 51.522821 ], [ 104.139487, 51.52268 ] ] ] } },
{ "type": "Feature", "properties": { }, "geometry": { "type": "Polygon", "coordinates": [ [ [ 104.132537, 51.523384 ], [ 104.131797, 51.523376 ], [ 104.131797, 51.523517 ], [ 104.132537, 51.523525 ], [ 104.132537, 51.523384 ] ] ] } },
{ "type": "Feature", "properties": { }, "geometry": { "type": "Polygon", "coordinates": [ [ [ 104.133995, 51.522586 ], [ 104.13414, 51.523406 ], [ 104.133949, 51.523418 ], [ 104.133804, 51.522598 ], [ 104.133995, 51.522586 ] ] ] } },
{ "type": "Feature", "properties": { }, "geometry": { "type": "Polygon", "coordinates": [ [ [ 104.137428, 51.520839 ], [ 104.137443, 51.521022 ], [ 104.137199, 51.52103 ], [ 104.137184, 51.520847 ], [ 104.137077, 51.520851 ], [ 104.137062, 51.520721 ], [ 104.138038, 51.520687 ], [ 104.138053, 51.520816 ], [ 104.137428, 51.520839 ] ] ] } },
{ "type": "Feature", "properties": { }, "geometry": { "type": "Polygon", "coordinates": [ [ [ 104.126655, 51.52124 ], [ 104.128097, 51.520877 ], [ 104.128166, 51.520977 ], [ 104.126724, 51.521339 ], [ 104.126655, 51.52124 ] ] ] } },
{ "type": "Feature", "properties": { }, "geometry": { "type": "Polygon", "coordinates": [ [ [ 104.130661, 51.522865 ], [ 104.130661, 51.522377 ], [ 104.130462, 51.522377 ], [ 104.130462, 51.522865 ], [ 104.130661, 51.522865 ] ] ] } },
{ "type": "Feature", "properties": { }, "geometry": { "type": "Polygon", "coordinates": [ [ [ 104.131156, 51.522865 ], [ 104.131156, 51.522377 ], [ 104.130958, 51.522377 ], [ 104.130958, 51.522865 ], [ 104.131156, 51.522865 ] ] ] } },
{ "type": "Feature", "properties": { }, "geometry": { "type": "Polygon", "coordinates": [ [ [ 104.128707, 51.522995 ], [ 104.128707, 51.522506 ], [ 104.128509, 51.522506 ], [ 104.128509, 51.522995 ], [ 104.128707, 51.522995 ] ] ] } },
{ "type": "Feature", "properties": { }, "geometry": { "type": "Polygon", "coordinates": [ [ [ 104.128028, 51.522438 ], [ 104.128028, 51.521949 ], [ 104.12783, 51.521949 ], [ 104.12783, 51.522438 ], [ 104.128028, 51.522438 ] ] ] } },
{ "type": "Feature", "properties": { }, "geometry": { "type": "Polygon", "coordinates": [ [ [ 104.129234, 51.522895 ], [ 104.129234, 51.522407 ], [ 104.129035, 51.522407 ], [ 104.129035, 51.522895 ], [ 104.129234, 51.522895 ] ] ] } },
{ "type": "Feature", "properties": { }, "geometry": { "type": "Polygon", "coordinates": [ [ [ 104.129692, 51.522872 ], [ 104.129692, 51.522384 ], [ 104.129493, 51.522384 ], [ 104.129493, 51.522872 ], [ 104.129692, 51.522872 ] ] ] } },
{ "type": "Feature", "properties": { }, "geometry": { "type": "Polygon", "coordinates": [ [ [ 104.132148, 51.520397 ], [ 104.132614, 51.520298 ], [ 104.132797, 51.520641 ], [ 104.132621, 51.520675 ], [ 104.132499, 51.520442 ], [ 104.132209, 51.520504 ], [ 104.132148, 51.520397 ] ] ] } },
{ "type": "Feature", "properties": { }, "geometry": { "type": "Polygon", "coordinates": [ [ [ 104.133636, 51.524379 ], [ 104.133636, 51.523891 ], [ 104.133438, 51.523891 ], [ 104.133438, 51.524379 ], [ 104.133636, 51.524379 ] ] ] } },
{ "type": "Feature", "properties": { }, "geometry": { "type": "Polygon", "coordinates": [ [ [ 104.130439, 51.522945 ], [ 104.129661, 51.522945 ], [ 104.129661, 51.523067 ], [ 104.130439, 51.523067 ], [ 104.130439, 51.522945 ] ] ] } },
{ "type": "Feature", "properties": { }, "geometry": { "type": "Polygon", "coordinates": [ [ [ 104.130432, 51.522171 ], [ 104.129653, 51.522171 ], [ 104.129653, 51.522293 ], [ 104.130432, 51.522293 ], [ 104.130432, 51.522171 ] ] ] } },
{ "type": "Feature", "properties": { }, "geometry": { "type": "Polygon", "coordinates": [ [ [ 104.132102, 51.522975 ], [ 104.131324, 51.522975 ], [ 104.131324, 51.523098 ], [ 104.132102, 51.523098 ], [ 104.132102, 51.522975 ] ] ] } },
{ "type": "Feature", "properties": { }, "geometry": { "type": "Polygon", "coordinates": [ [ [ 104.130065, 51.524372 ], [ 104.129287, 51.524372 ], [ 104.129287, 51.524494 ], [ 104.130065, 51.524494 ], [ 104.130065, 51.524372 ] ] ] } },
{ "type": "Feature", "properties": { }, "geometry": { "type": "Polygon", "coordinates": [ [ [ 104.132354, 51.524368 ], [ 104.132354, 51.52388 ], [ 104.132156, 51.52388 ], [ 104.132156, 51.524368 ], [ 104.132354, 51.524368 ] ] ] } },
{ "type": "Feature", "properties": { }, "geometry": { "type": "Polygon", "coordinates": [ [ [ 104.132995, 51.52436 ], [ 104.132995, 51.523872 ], [ 104.132797, 51.523872 ], [ 104.132797, 51.52436 ], [ 104.132995, 51.52436 ] ] ] } },
{ "type": "Feature", "properties": { }, "geometry": { "type": "Polygon", "coordinates": [ [ [ 104.131622, 51.522869 ], [ 104.131622, 51.52238 ], [ 104.131423, 51.52238 ], [ 104.131423, 51.522869 ], [ 104.131622, 51.522869 ] ] ] } },
{ "type": "Feature", "properties": { }, "geometry": { "type": "Polygon", "coordinates": [ [ [ 104.131683, 51.524368 ], [ 104.131683, 51.52388 ], [ 104.131484, 51.52388 ], [ 104.131484, 51.524368 ], [ 104.131683, 51.524368 ] ] ] } },
{ "type": "Feature", "properties": { }, "geometry": { "type": "Polygon", "coordinates": [ [ [ 104.129333, 51.521797 ], [ 104.128601, 51.521957 ], [ 104.128662, 51.522071 ], [ 104.129394, 51.521911 ], [ 104.129333, 51.521797 ] ] ] } },
{ "type": "Feature", "properties": { }, "geometry": { "type": "Polygon", "coordinates": [ [ [ 104.131629, 51.523162 ], [ 104.131629, 51.523529 ], [ 104.131385, 51.523529 ], [ 104.131385, 51.523162 ], [ 104.131629, 51.523162 ] ] ] } },
{ "type": "Feature", "properties": { }, "geometry": { "type": "Polygon", "coordinates": [ [ [ 104.133491, 51.523548 ], [ 104.133461, 51.523197 ], [ 104.133193, 51.523204 ], [ 104.133224, 51.523555 ], [ 104.133491, 51.523548 ] ] ] } },
{ "type": "Feature", "properties": { }, "geometry": { "type": "Polygon", "coordinates": [ [ [ 104.12918, 51.521541 ], [ 104.128448, 51.521701 ], [ 104.128509, 51.521816 ], [ 104.129241, 51.521656 ], [ 104.12918, 51.521541 ] ] ] } },
{ "type": "Feature", "properties": { }, "geometry": { "type": "Polygon", "coordinates": [ [ [ 104.133148, 51.521251 ], [ 104.132888, 51.520797 ], [ 104.132705, 51.520839 ], [ 104.132965, 51.521293 ], [ 104.133148, 51.521251 ] ] ] } },
{ "type": "Feature", "properties": { }, "geometry": { "type": "Polygon", "coordinates": [ [ [ 104.132637, 51.521301 ], [ 104.132377, 51.520847 ], [ 104.132194, 51.520889 ], [ 104.132453, 51.521343 ], [ 104.132637, 51.521301 ] ] ] } },
{ "type": "Feature", "properties": { }, "geometry": { "type": "Polygon", "coordinates": [ [ [ 104.131576, 51.522163 ], [ 104.130798, 51.522163 ], [ 104.130798, 51.522285 ], [ 104.131576, 51.522285 ], [ 104.131576, 51.522163 ] ] ] } },
{ "type": "Feature", "properties": { }, "geometry": { "type": "Polygon", "coordinates": [ [ [ 104.132133, 51.521411 ], [ 104.131874, 51.520957 ], [ 104.13169, 51.520999 ], [ 104.13195, 51.521453 ], [ 104.132133, 51.521411 ] ] ] } },
{ "type": "Feature", "properties": { }, "geometry": { "type": "Polygon", "coordinates": [ [ [ 104.134521, 51.524967 ], [ 104.134735, 51.524986 ], [ 104.134719, 51.525058 ], [ 104.134506, 51.525039 ], [ 104.134521, 51.524967 ] ] ] } },
{ "type": "Feature", "properties": { }, "geometry": { "type": "Polygon", "coordinates": [ [ [ 104.134849, 51.524986 ], [ 104.135063, 51.525005 ], [ 104.135047, 51.525077 ], [ 104.134834, 51.525058 ], [ 104.134849, 51.524986 ] ] ] } },
{ "type": "Feature", "properties": { }, "geometry": { "type": "Polygon", "coordinates": [ [ [ 104.135467, 51.525302 ], [ 104.135681, 51.525321 ], [ 104.135665, 51.525394 ], [ 104.135452, 51.525375 ], [ 104.135467, 51.525302 ] ] ] } },
{ "type": "Feature", "properties": { }, "geometry": { "type": "Polygon", "coordinates": [ [ [ 104.134124, 51.524932 ], [ 104.134338, 51.524951 ], [ 104.134323, 51.525024 ], [ 104.134109, 51.525005 ], [ 104.134124, 51.524932 ] ] ] } },
{ "type": "Feature", "properties": { }, "geometry": { "type": "Polygon", "coordinates": [ [ [ 104.134803, 51.525245 ], [ 104.135017, 51.525264 ], [ 104.135002, 51.525337 ], [ 104.134788, 51.525318 ], [ 104.134803, 51.525245 ] ] ] } },
{ "type": "Feature", "properties": { }, "geometry": { "type": "Polygon", "coordinates": [ [ [ 104.135162, 51.525272 ], [ 104.135375, 51.525291 ], [ 104.13536, 51.525363 ], [ 104.135147, 51.525344 ], [ 104.135162, 51.525272 ] ] ] } },
{ "type": "Feature", "properties": { }, "geometry": { "type": "Polygon", "coordinates": [ [ [ 104.134094, 51.525192 ], [ 104.134307, 51.525211 ], [ 104.134292, 51.525283 ], [ 104.134078, 51.525264 ], [ 104.134094, 51.525192 ] ] ] } },
{ "type": "Feature", "properties": { }, "geometry": { "type": "Polygon", "coordinates": [ [ [ 104.13449, 51.525226 ], [ 104.134704, 51.525245 ], [ 104.134689, 51.525318 ], [ 104.134475, 51.525299 ], [ 104.13449, 51.525226 ] ] ] } },
{ "type": "Feature", "properties": { }, "geometry": { "type": "Polygon", "coordinates": [ [ [ 104.137199, 51.525466 ], [ 104.137413, 51.525486 ], [ 104.137397, 51.525558 ], [ 104.137184, 51.525539 ], [ 104.137199, 51.525466 ] ] ] } },
{ "type": "Feature", "properties": { }, "geometry": { "type": "Polygon", "coordinates": [ [ [ 104.137519, 51.525489 ], [ 104.137733, 51.525508 ], [ 104.137718, 51.525581 ], [ 104.137504, 51.525562 ], [ 104.137519, 51.525489 ] ] ] } },
{ "type": "Feature", "properties": { }, "geometry": { "type": "Polygon", "coordinates": [ [ [ 104.135864, 51.525329 ], [ 104.136077, 51.525348 ], [ 104.136062, 51.525421 ], [ 104.135849, 51.525402 ], [ 104.135864, 51.525329 ] ] ] } },
{ "type": "Feature", "properties": { }, "geometry": { "type": "Polygon", "coordinates": [ [ [ 104.136779, 51.525428 ], [ 104.136993, 51.525447 ], [ 104.136978, 51.52552 ], [ 104.136764, 51.525501 ], [ 104.136779, 51.525428 ] ] ] } },
{ "type": "Feature", "properties": { }, "geometry": { "type": "Polygon", "coordinates": [ [ [ 104.13626, 51.525089 ], [ 104.136474, 51.525108 ], [ 104.136459, 51.52518 ], [ 104.136245, 51.525161 ], [ 104.13626, 51.525089 ] ] ] } },
{ "type": "Feature", "properties": { }, "geometry": { "type": "Polygon", "coordinates": [ [ [ 104.13623, 51.525367 ], [ 104.136444, 51.525386 ], [ 104.136428, 51.525459 ], [ 104.136215, 51.52544 ], [ 104.13623, 51.525367 ] ] ] } },
{ "type": "Feature", "properties": { }, "geometry": { "type": "Polygon", "coordinates": [ [ [ 104.135192, 51.525009 ], [ 104.135406, 51.525028 ], [ 104.135391, 51.5251 ], [ 104.135177, 51.525081 ], [ 104.135192, 51.525009 ] ] ] } },
{ "type": "Feature", "properties": { }, "geometry": { "type": "Polygon", "coordinates": [ [ [ 104.135528, 51.525039 ], [ 104.135742, 51.525058 ], [ 104.135726, 51.525131 ], [ 104.135513, 51.525112 ], [ 104.135528, 51.525039 ] ] ] } },
{ "type": "Feature", "properties": { }, "geometry": { "type": "Polygon", "coordinates": [ [ [ 104.135917, 51.525058 ], [ 104.136131, 51.525077 ], [ 104.136116, 51.52515 ], [ 104.135902, 51.525131 ], [ 104.135917, 51.525058 ] ] ] } },
{ "type": "Feature", "properties": { }, "geometry": { "type": "Polygon", "coordinates": [ [ [ 104.138275, 51.525245 ], [ 104.138488, 51.525264 ], [ 104.138473, 51.525337 ], [ 104.138259, 51.525318 ], [ 104.138275, 51.525245 ] ] ] } },
{ "type": "Feature", "properties": { }, "geometry": { "type": "Polygon", "coordinates": [ [ [ 104.137565, 51.525192 ], [ 104.137779, 51.525211 ], [ 104.137763, 51.525283 ], [ 104.13755, 51.525264 ], [ 104.137565, 51.525192 ] ] ] } },
{ "type": "Feature", "properties": { }, "geometry": { "type": "Polygon", "coordinates": [ [ [ 104.13726, 51.525169 ], [ 104.137474, 51.525188 ], [ 104.137458, 51.52526 ], [ 104.137245, 51.525241 ], [ 104.13726, 51.525169 ] ] ] } },
{ "type": "Feature", "properties": { }, "geometry": { "type": "Polygon", "coordinates": [ [ [ 104.136802, 51.525123 ], [ 104.137016, 51.525142 ], [ 104.137001, 51.525215 ], [ 104.136787, 51.525196 ], [ 104.136802, 51.525123 ] ] ] } },
{ "type": "Feature", "properties": { }, "geometry": { "type": "Polygon", "coordinates": [ [ [ 104.138092, 51.524932 ], [ 104.138305, 51.524951 ], [ 104.13829, 51.525024 ], [ 104.138076, 51.525005 ], [ 104.138092, 51.524932 ] ] ] } },
{ "type": "Feature", "properties": { }, "geometry": { "type": "Polygon", "coordinates": [ [ [ 104.137886, 51.52552 ], [ 104.138099, 51.525539 ], [ 104.138084, 51.525611 ], [ 104.13787, 51.525592 ], [ 104.137886, 51.52552 ] ] ] } },
{ "type": "Feature", "properties": { }, "geometry": { "type": "Polygon", "coordinates": [ [ [ 104.138221, 51.525543 ], [ 104.138435, 51.525562 ], [ 104.13842, 51.525634 ], [ 104.138206, 51.525615 ], [ 104.138221, 51.525543 ] ] ] } },
{ "type": "Feature", "properties": { }, "geometry": { "type": "Polygon", "coordinates": [ [ [ 104.13842, 51.524272 ], [ 104.138633, 51.524269 ], [ 104.138633, 51.524341 ], [ 104.13842, 51.524345 ], [ 104.13842, 51.524272 ] ] ] } },
{ "type": "Feature", "properties": { }, "geometry": { "type": "Polygon", "coordinates": [ [ [ 104.135322, 51.524387 ], [ 104.135536, 51.524383 ], [ 104.135536, 51.524456 ], [ 104.135322, 51.524459 ], [ 104.135322, 51.524387 ] ] ] } },
{ "type": "Feature", "properties": { }, "geometry": { "type": "Polygon", "coordinates": [ [ [ 104.137458, 51.524253 ], [ 104.137672, 51.52425 ], [ 104.137672, 51.524322 ], [ 104.137458, 51.524326 ], [ 104.137458, 51.524253 ] ] ] } },
{ "type": "Feature", "properties": { }, "geometry": { "type": "Polygon", "coordinates": [ [ [ 104.138, 51.524276 ], [ 104.138214, 51.524272 ], [ 104.138214, 51.524345 ], [ 104.138, 51.524349 ], [ 104.138, 51.524276 ] ] ] } },
{ "type": "Feature", "properties": { }, "geometry": { "type": "Polygon", "coordinates": [ [ [ 104.138885, 51.524261 ], [ 104.139099, 51.524257 ], [ 104.139099, 51.52433 ], [ 104.138885, 51.524333 ], [ 104.138885, 51.524261 ] ] ] } },
{ "type": "Feature", "properties": { }, "geometry": { "type": "Polygon", "coordinates": [ [ [ 104.134628, 51.524589 ], [ 104.134841, 51.524585 ], [ 104.134841, 51.524658 ], [ 104.134628, 51.524662 ], [ 104.134628, 51.524589 ] ] ] } },
{ "type": "Feature", "properties": { }, "geometry": { "type": "Polygon", "coordinates": [ [ [ 104.137931, 51.525222 ], [ 104.138145, 51.525241 ], [ 104.13813, 51.525314 ], [ 104.137916, 51.525295 ], [ 104.137931, 51.525222 ] ] ] } },
{ "type": "Feature", "properties": { }, "geometry": { "type": "Polygon", "coordinates": [ [ [ 104.139137, 51.52362 ], [ 104.139151, 51.523755 ], [ 104.138986, 51.523762 ], [ 104.138972, 51.523626 ], [ 104.139137, 51.52362 ] ] ] } },
{ "type": "Feature", "properties": { }, "geometry": { "type": "Polygon", "coordinates": [ [ [ 104.128494, 51.521453 ], [ 104.128685, 51.521408 ], [ 104.128738, 51.521492 ], [ 104.128547, 51.521537 ], [ 104.128494, 51.521453 ] ] ] } },
{ "type": "Feature", "properties": { }, "geometry": { "type": "Polygon", "coordinates": [ [ [ 104.128051, 51.521553 ], [ 104.128242, 51.521507 ], [ 104.128295, 51.521591 ], [ 104.128105, 51.521636 ], [ 104.128051, 51.521553 ] ] ] } },
{ "type": "Feature", "properties": { }, "geometry": { "type": "Polygon", "coordinates": [ [ [ 104.129112, 51.521278 ], [ 104.129188, 51.521396 ], [ 104.129051, 51.52143 ], [ 104.128974, 51.521312 ], [ 104.129112, 51.521278 ] ] ] } },
{ "type": "Feature", "properties": { }, "geometry": { "type": "Polygon", "coordinates": [ [ [ 104.130447, 51.521888 ], [ 104.130638, 51.521842 ], [ 104.130691, 51.521926 ], [ 104.1305, 51.521972 ], [ 104.130447, 51.521888 ] ] ] } },
{ "type": "Feature", "properties": { }, "geometry": { "type": "Polygon", "coordinates": [ [ [ 104.138641, 51.525566 ], [ 104.138893, 51.52555 ], [ 104.138908, 51.525627 ], [ 104.138656, 51.525642 ], [ 104.138641, 51.525566 ] ] ] } },
{ "type": "Feature", "properties": { }, "geometry": { "type": "Polygon", "coordinates": [ [ [ 104.128974, 51.521053 ], [ 104.129051, 51.521171 ], [ 104.128913, 51.521205 ], [ 104.128837, 51.521087 ], [ 104.128974, 51.521053 ] ] ] } },
{ "type": "Feature", "properties": { }, "geometry": { "type": "Polygon", "coordinates": [ [ [ 104.140945, 51.523689 ], [ 104.140922, 51.523532 ], [ 104.140792, 51.52354 ], [ 104.140815, 51.523696 ], [ 104.140945, 51.523689 ] ] ] } },
{ "type": "Feature", "properties": { }, "geometry": { "type": "Polygon", "coordinates": [ [ [ 104.139028, 51.523187 ], [ 104.139014, 51.523041 ], [ 104.138837, 51.523047 ], [ 104.13885, 51.523193 ], [ 104.139028, 51.523187 ] ] ] } },
{ "type": "Feature", "properties": { }, "geometry": { "type": "Polygon", "coordinates": [ [ [ 104.127906, 51.52127 ], [ 104.128097, 51.521224 ], [ 104.12815, 51.521308 ], [ 104.12796, 51.521354 ], [ 104.127906, 51.52127 ] ] ] } },
{ "type": "Feature", "properties": { }, "geometry": { "type": "Polygon", "coordinates": [ [ [ 104.128303, 51.521186 ], [ 104.128494, 51.521141 ], [ 104.128547, 51.521224 ], [ 104.128356, 51.52127 ], [ 104.128303, 51.521186 ] ] ] } },
{ "type": "Feature", "properties": { }, "geometry": { "type": "Polygon", "coordinates": [ [ [ 104.127105, 51.521472 ], [ 104.127296, 51.521427 ], [ 104.127349, 51.521511 ], [ 104.127159, 51.521556 ], [ 104.127105, 51.521472 ] ] ] } },
{ "type": "Feature", "properties": { }, "geometry": { "type": "Polygon", "coordinates": [ [ [ 104.127456, 51.521392 ], [ 104.127647, 51.521347 ], [ 104.1277, 51.52143 ], [ 104.12751, 51.521476 ], [ 104.127456, 51.521392 ] ] ] } },
{ "type": "Feature", "properties": { }, "geometry": { "type": "Polygon", "coordinates": [ [ [ 104.126945, 51.521846 ], [ 104.127136, 51.521801 ], [ 104.127189, 51.521884 ], [ 104.126998, 51.52193 ], [ 104.126945, 51.521846 ] ] ] } },
{ "type": "Feature", "properties": { }, "geometry": { "type": "Polygon", "coordinates": [ [ [ 104.126731, 51.521553 ], [ 104.126922, 51.521507 ], [ 104.126976, 51.521591 ], [ 104.126785, 51.521636 ], [ 104.126731, 51.521553 ] ] ] } },
{ "type": "Feature", "properties": { }, "geometry": { "type": "Polygon", "coordinates": [ [ [ 104.127639, 51.521686 ], [ 104.12783, 51.52164 ], [ 104.127883, 51.521724 ], [ 104.127693, 51.52177 ], [ 104.127639, 51.521686 ] ] ] } },
{ "type": "Feature", "properties": { }, "geometry": { "type": "Polygon", "coordinates": [ [ [ 104.127296, 51.521766 ], [ 104.127487, 51.52172 ], [ 104.12754, 51.521804 ], [ 104.127349, 51.52185 ], [ 104.127296, 51.521766 ] ] ] } },
{ "type": "Feature", "properties": { }, "geometry": { "type": "Polygon", "coordinates": [ [ [ 104.127426, 51.524021 ], [ 104.127433, 51.523906 ], [ 104.127281, 51.523902 ], [ 104.127273, 51.524017 ], [ 104.127426, 51.524021 ] ] ] } },
{ "type": "Feature", "properties": { }, "geometry": { "type": "Polygon", "coordinates": [ [ [ 104.127059, 51.524017 ], [ 104.127067, 51.523902 ], [ 104.126914, 51.523899 ], [ 104.126907, 51.524013 ], [ 104.127059, 51.524017 ] ] ] } },
{ "type": "Feature", "properties": { }, "geometry": { "type": "Polygon", "coordinates": [ [ [ 104.128234, 51.524002 ], [ 104.128242, 51.523887 ], [ 104.128089, 51.523883 ], [ 104.128082, 51.523998 ], [ 104.128234, 51.524002 ] ] ] } },
{ "type": "Feature", "properties": { }, "geometry": { "type": "Polygon", "coordinates": [ [ [ 104.127861, 51.524032 ], [ 104.127868, 51.523918 ], [ 104.127716, 51.523914 ], [ 104.127708, 51.524028 ], [ 104.127861, 51.524032 ] ] ] } },
{ "type": "Feature", "properties": { }, "geometry": { "type": "Polygon", "coordinates": [ [ [ 104.128829, 51.524017 ], [ 104.128837, 51.523902 ], [ 104.128685, 51.523899 ], [ 104.128677, 51.524013 ], [ 104.128829, 51.524017 ] ] ] } },
{ "type": "Feature", "properties": { }, "geometry": { "type": "Polygon", "coordinates": [ [ [ 104.128501, 51.52399 ], [ 104.128509, 51.523876 ], [ 104.128356, 51.523872 ], [ 104.128349, 51.523986 ], [ 104.128501, 51.52399 ] ] ] } },
{ "type": "Feature", "properties": { }, "geometry": { "type": "Polygon", "coordinates": [ [ [ 104.136169, 51.522968 ], [ 104.13639, 51.522956 ], [ 104.136398, 51.523036 ], [ 104.136177, 51.523048 ], [ 104.136169, 51.522968 ] ] ] } },
{ "type": "Feature", "properties": { }, "geometry": { "type": "Polygon", "coordinates": [ [ [ 104.125755, 51.524421 ], [ 104.125762, 51.524307 ], [ 104.12561, 51.524303 ], [ 104.125602, 51.524417 ], [ 104.125755, 51.524421 ] ] ] } },
{ "type": "Feature", "properties": { }, "geometry": { "type": "Polygon", "coordinates": [ [ [ 104.134704, 51.522415 ], [ 104.134681, 51.522293 ], [ 104.134552, 51.5223 ], [ 104.134574, 51.522422 ], [ 104.134704, 51.522415 ] ] ] } },
{ "type": "Feature", "properties": { }, "geometry": { "type": "Polygon", "coordinates": [ [ [ 104.139465, 51.525074 ], [ 104.139602, 51.524974 ], [ 104.139511, 51.524925 ], [ 104.139373, 51.525024 ], [ 104.139465, 51.525074 ] ] ] } },
{ "type": "Feature", "properties": { }, "geometry": { "type": "Polygon", "coordinates": [ [ [ 104.134582, 51.521999 ], [ 104.134559, 51.521877 ], [ 104.134429, 51.521884 ], [ 104.134452, 51.522007 ], [ 104.134582, 51.521999 ] ] ] } },
{ "type": "Feature", "properties": { }, "geometry": { "type": "Polygon", "coordinates": [ [ [ 104.134628, 51.522209 ], [ 104.134605, 51.522087 ], [ 104.134475, 51.522094 ], [ 104.134498, 51.522216 ], [ 104.134628, 51.522209 ] ] ] } },
{ "type": "Feature", "properties": { }, "geometry": { "type": "Polygon", "coordinates": [ [ [ 104.135124, 51.522544 ], [ 104.135139, 51.522678 ], [ 104.135017, 51.522682 ], [ 104.135002, 51.522548 ], [ 104.135124, 51.522544 ] ] ] } },
{ "type": "Feature", "properties": { }, "geometry": { "type": "Polygon", "coordinates": [ [ [ 104.135475, 51.522514 ], [ 104.13549, 51.522647 ], [ 104.135368, 51.522651 ], [ 104.135353, 51.522518 ], [ 104.135475, 51.522514 ] ] ] } },
{ "type": "Feature", "properties": { }, "geometry": { "type": "Polygon", "coordinates": [ [ [ 104.126556, 51.524436 ], [ 104.126564, 51.524322 ], [ 104.126411, 51.524318 ], [ 104.126403, 51.524433 ], [ 104.126556, 51.524436 ] ] ] } },
{ "type": "Feature", "properties": { }, "geometry": { "type": "Polygon", "coordinates": [ [ [ 104.135833, 51.52248 ], [ 104.135849, 51.522613 ], [ 104.135726, 51.522617 ], [ 104.135711, 51.522483 ], [ 104.135833, 51.52248 ] ] ] } },
{ "type": "Feature", "properties": { }, "geometry": { "type": "Polygon", "coordinates": [ [ [ 104.130493, 51.520809 ], [ 104.130661, 51.521102 ], [ 104.130485, 51.521144 ], [ 104.130317, 51.520851 ], [ 104.130493, 51.520809 ] ] ] } },
{ "type": "Feature", "properties": { }, "geometry": { "type": "Polygon", "coordinates": [ [ [ 104.129783, 51.520973 ], [ 104.129951, 51.521266 ], [ 104.129776, 51.521308 ], [ 104.129608, 51.521015 ], [ 104.129783, 51.520973 ] ] ] } },
{ "type": "Feature", "properties": { }, "geometry": { "type": "Polygon", "coordinates": [ [ [ 104.13124, 51.520626 ], [ 104.131408, 51.520919 ], [ 104.131233, 51.520961 ], [ 104.131065, 51.520668 ], [ 104.13124, 51.520626 ] ] ] } },
{ "type": "Feature", "properties": { }, "geometry": { "type": "Polygon", "coordinates": [ [ [ 104.130874, 51.520713 ], [ 104.131042, 51.521007 ], [ 104.130867, 51.521049 ], [ 104.130699, 51.520755 ], [ 104.130874, 51.520713 ] ] ] } },
{ "type": "Feature", "properties": { }, "geometry": { "type": "Polygon", "coordinates": [ [ [ 104.134506, 51.520523 ], [ 104.134674, 51.520816 ], [ 104.134498, 51.520858 ], [ 104.13433, 51.520565 ], [ 104.134506, 51.520523 ] ] ] } },
{ "type": "Feature", "properties": { }, "geometry": { "type": "Polygon", "coordinates": [ [ [ 104.13375, 51.520084 ], [ 104.133918, 51.520378 ], [ 104.133743, 51.52042 ], [ 104.133575, 51.520126 ], [ 104.13375, 51.520084 ] ] ] } },
{ "type": "Feature", "properties": { }, "geometry": { "type": "Polygon", "coordinates": [ [ [ 104.134269, 51.519969 ], [ 104.134437, 51.520263 ], [ 104.134262, 51.520305 ], [ 104.134094, 51.520011 ], [ 104.134269, 51.519969 ] ] ] } },
{ "type": "Feature", "properties": { }, "geometry": { "type": "Polygon", "coordinates": [ [ [ 104.129661, 51.521511 ], [ 104.129829, 51.521804 ], [ 104.129653, 51.521846 ], [ 104.129486, 51.521553 ], [ 104.129661, 51.521511 ] ] ] } },
{ "type": "Feature", "properties": { }, "geometry": { "type": "Polygon", "coordinates": [ [ [ 104.132736, 51.522407 ], [ 104.132667, 51.522048 ], [ 104.132507, 51.52206 ], [ 104.132575, 51.522418 ], [ 104.132736, 51.522407 ] ] ] } },
{ "type": "Feature", "properties": { }, "geometry": { "type": "Polygon", "coordinates": [ [ [ 104.128318, 51.520835 ], [ 104.128837, 51.520698 ], [ 104.128898, 51.520786 ], [ 104.128379, 51.520923 ], [ 104.128318, 51.520835 ] ] ] } },
{ "type": "Feature", "properties": { }, "geometry": { "type": "Polygon", "coordinates": [ [ [ 104.13285, 51.52301 ], [ 104.132781, 51.522651 ], [ 104.132621, 51.522663 ], [ 104.13269, 51.523021 ], [ 104.13285, 51.52301 ] ] ] } },
{ "type": "Feature", "properties": { }, "geometry": { "type": "Polygon", "coordinates": [ [ [ 104.135032, 51.523418 ], [ 104.134963, 51.523059 ], [ 104.134803, 51.523071 ], [ 104.134872, 51.523429 ], [ 104.135032, 51.523418 ] ] ] } },
{ "type": "Feature", "properties": { }, "geometry": { "type": "Polygon", "coordinates": [ [ [ 104.133461, 51.522972 ], [ 104.133392, 51.522613 ], [ 104.133232, 51.522624 ], [ 104.1333, 51.522983 ], [ 104.133461, 51.522972 ] ] ] } },
{ "type": "Feature", "properties": { }, "geometry": { "type": "Polygon", "coordinates": [ [ [ 104.133323, 51.522396 ], [ 104.133255, 51.522037 ], [ 104.133094, 51.522048 ], [ 104.133163, 51.522407 ], [ 104.133323, 51.522396 ] ] ] } },
{ "type": "Feature", "properties": { }, "geometry": { "type": "Polygon", "coordinates": [ [ [ 104.130035, 51.521434 ], [ 104.130203, 51.521728 ], [ 104.130027, 51.52177 ], [ 104.129859, 51.521476 ], [ 104.130035, 51.521434 ] ] ] } },
{ "type": "Feature", "properties": { }, "geometry": { "type": "Polygon", "coordinates": [ [ [ 104.132751, 51.521823 ], [ 104.132682, 51.521465 ], [ 104.132522, 51.521476 ], [ 104.132591, 51.521835 ], [ 104.132751, 51.521823 ] ] ] } },
{ "type": "Feature", "properties": { }, "geometry": { "type": "Polygon", "coordinates": [ [ [ 104.140141, 51.522007 ], [ 104.139956, 51.522013 ], [ 104.139961, 51.522075 ], [ 104.140146, 51.52207 ], [ 104.140141, 51.522007 ] ] ] } },
{ "type": "Feature", "properties": { }, "geometry": { "type": "Polygon", "coordinates": [ [ [ 104.132705, 51.523399 ], [ 104.133033, 51.523399 ], [ 104.133033, 51.523513 ], [ 104.132705, 51.523513 ], [ 104.132705, 51.523399 ] ] ] } },
{ "type": "Feature", "properties": { }, "geometry": { "type": "Polygon", "coordinates": [ [ [ 104.132064, 51.523159 ], [ 104.132507, 51.523162 ], [ 104.132507, 51.52325 ], [ 104.132064, 51.523246 ], [ 104.132064, 51.523159 ] ] ] } },
{ "type": "Feature", "properties": { }, "geometry": { "type": "Polygon", "coordinates": [ [ [ 104.138763, 51.520778 ], [ 104.138755, 51.52106 ], [ 104.138595, 51.52106 ], [ 104.138603, 51.520778 ], [ 104.138763, 51.520778 ] ] ] } },
{ "type": "Feature", "properties": { }, "geometry": { "type": "Polygon", "coordinates": [ [ [ 104.138404, 51.521114 ], [ 104.138397, 51.521396 ], [ 104.138237, 51.521396 ], [ 104.138244, 51.521114 ], [ 104.138404, 51.521114 ] ] ] } },
{ "type": "Feature", "properties": { }, "geometry": { "type": "Polygon", "coordinates": [ [ [ 104.138992, 51.519763 ], [ 104.138992, 51.519577 ], [ 104.13871, 51.519577 ], [ 104.13871, 51.519763 ], [ 104.138992, 51.519763 ] ] ] } },
{ "type": "Feature", "properties": { }, "geometry": { "type": "Polygon", "coordinates": [ [ [ 104.138046, 51.521503 ], [ 104.138038, 51.521785 ], [ 104.137878, 51.521785 ], [ 104.137886, 51.521503 ], [ 104.138046, 51.521503 ] ] ] } },
{ "type": "Feature", "properties": { }, "geometry": { "type": "Polygon", "coordinates": [ [ [ 104.135353, 51.521999 ], [ 104.135543, 51.521984 ], [ 104.135566, 51.522098 ], [ 104.135375, 51.522113 ], [ 104.135353, 51.521999 ] ] ] } },
{ "type": "Feature", "properties": { }, "geometry": { "type": "Polygon", "coordinates": [ [ [ 104.130821, 51.521781 ], [ 104.131027, 51.521736 ], [ 104.13108, 51.521827 ], [ 104.130874, 51.521873 ], [ 104.130821, 51.521781 ] ] ] } },
{ "type": "Feature", "properties": { }, "geometry": { "type": "Polygon", "coordinates": [ [ [ 104.1333191, 51.520785 ], [ 104.1335931, 51.5207167 ], [ 104.1337039, 51.5208886 ], [ 104.1334059, 51.5209629 ], [ 104.1333446, 51.5208678 ], [ 104.1333686, 51.5208618 ], [ 104.1333191, 51.520785 ] ] ] } },
{ "type": "Feature", "properties": { }, "geometry": { "type": "Polygon", "coordinates": [ [ [ 104.135307, 51.521781 ], [ 104.135498, 51.521766 ], [ 104.13552, 51.521881 ], [ 104.13533, 51.521896 ], [ 104.135307, 51.521781 ] ] ] } },
{ "type": "Feature", "properties": { }, "geometry": { "type": "Polygon", "coordinates": [ [ [ 104.137105, 51.52196 ], [ 104.1374, 51.521939 ], [ 104.137424, 51.522067 ], [ 104.13713, 51.522089 ], [ 104.137105, 51.52196 ] ] ] } },
{ "type": "Feature", "properties": { }, "geometry": { "type": "Polygon", "coordinates": [ [ [ 104.133651, 51.525024 ], [ 104.133621, 51.525199 ], [ 104.133476, 51.525188 ], [ 104.133506, 51.525013 ], [ 104.133651, 51.525024 ] ] ] } },
{ "type": "Feature", "properties": { }, "geometry": { "type": "Polygon", "coordinates": [ [ [ 104.136009, 51.519657 ], [ 104.136009, 51.51987 ], [ 104.135849, 51.51987 ], [ 104.135849, 51.519657 ], [ 104.136009, 51.519657 ] ] ] } },
{ "type": "Feature", "properties": { }, "geometry": { "type": "Polygon", "coordinates": [ [ [ 104.136321, 51.522015 ], [ 104.136329, 51.522057 ], [ 104.136538, 51.52204 ], [ 104.136529, 51.521997 ], [ 104.136647, 51.521987 ], [ 104.136682, 51.522158 ], [ 104.136541, 51.52217 ], [ 104.136537, 51.522151 ], [ 104.13635, 51.522166 ], [ 104.136353, 51.52218 ], [ 104.136243, 51.522189 ], [ 104.136209, 51.522024 ], [ 104.136321, 51.522015 ] ] ] } },
{ "type": "Feature", "properties": { }, "geometry": { "type": "Polygon", "coordinates": [ [ [ 104.138679, 51.524063 ], [ 104.13861, 51.523605 ], [ 104.13845, 51.523616 ], [ 104.138519, 51.52407 ], [ 104.138679, 51.524063 ] ] ] } },
{ "type": "Feature", "properties": { }, "geometry": { "type": "Polygon", "coordinates": [ [ [ 104.137626, 51.524097 ], [ 104.137557, 51.523639 ], [ 104.137397, 51.523651 ], [ 104.137466, 51.524105 ], [ 104.137626, 51.524097 ] ] ] } },
{ "type": "Feature", "properties": { }, "geometry": { "type": "Polygon", "coordinates": [ [ [ 104.13975, 51.523167 ], [ 104.139691, 51.522796 ], [ 104.139486, 51.522809 ], [ 104.139544, 51.52318 ], [ 104.13975, 51.523167 ] ] ] } },
{ "type": "Feature", "properties": { }, "geometry": { "type": "Polygon", "coordinates": [ [ [ 104.1396, 51.522304 ], [ 104.139657, 51.522669 ], [ 104.139452, 51.522681 ], [ 104.139395, 51.522317 ], [ 104.1396, 51.522304 ] ] ] } },
{ "type": "Feature", "properties": { }, "geometry": { "type": "Polygon", "coordinates": [ [ [ 104.140143, 51.52227 ], [ 104.140206, 51.522638 ], [ 104.139995, 51.522652 ], [ 104.139932, 51.522285 ], [ 104.140143, 51.52227 ] ] ] } },
{ "type": "Feature", "properties": { }, "geometry": { "type": "Polygon", "coordinates": [ [ [ 104.14028, 51.523132 ], [ 104.140217, 51.522757 ], [ 104.140011, 51.522771 ], [ 104.140074, 51.523146 ], [ 104.14028, 51.523132 ] ] ] } },
{ "type": "Feature", "properties": { }, "geometry": { "type": "Polygon", "coordinates": [ [ [ 104.136726, 51.522594 ], [ 104.137359, 51.522563 ], [ 104.137374, 51.522697 ], [ 104.136741, 51.522727 ], [ 104.136726, 51.522594 ] ] ] } },
{ "type": "Feature", "properties": { }, "geometry": { "type": "Polygon", "coordinates": [ [ [ 104.129135, 51.523117 ], [ 104.129127, 51.523559 ], [ 104.128944, 51.523563 ], [ 104.128944, 51.52312 ], [ 104.129135, 51.523117 ] ] ] } },
{ "type": "Feature", "properties": { }, "geometry": { "type": "Polygon", "coordinates": [ [ [ 104.139183, 51.520381 ], [ 104.139183, 51.520694 ], [ 104.138992, 51.520694 ], [ 104.138992, 51.520381 ], [ 104.139183, 51.520381 ] ] ] } },
{ "type": "Feature", "properties": { }, "geometry": { "type": "Polygon", "coordinates": [ [ [ 104.139953, 51.519554 ], [ 104.139953, 51.519866 ], [ 104.139762, 51.519866 ], [ 104.139762, 51.519554 ], [ 104.139953, 51.519554 ] ] ] } },
{ "type": "Feature", "properties": { }, "geometry": { "type": "Polygon", "coordinates": [ [ [ 104.138519, 51.52003 ], [ 104.138519, 51.520343 ], [ 104.138328, 51.520343 ], [ 104.138328, 51.52003 ], [ 104.138519, 51.52003 ] ] ] } },
{ "type": "Feature", "properties": { }, "geometry": { "type": "Polygon", "coordinates": [ [ [ 104.139541, 51.52003 ], [ 104.139541, 51.520343 ], [ 104.13935, 51.520343 ], [ 104.13935, 51.52003 ], [ 104.139541, 51.52003 ] ] ] } },
{ "type": "Feature", "properties": { }, "geometry": { "type": "Polygon", "coordinates": [ [ [ 104.136169, 51.523304 ], [ 104.136711, 51.523277 ], [ 104.136726, 51.523403 ], [ 104.136184, 51.523429 ], [ 104.136169, 51.523304 ] ] ] } },
{ "type": "Feature", "properties": { }, "geometry": { "type": "Polygon", "coordinates": [ [ [ 104.124946, 51.523857 ], [ 104.125518, 51.523895 ], [ 104.125503, 51.524002 ], [ 104.124931, 51.523963 ], [ 104.124946, 51.523857 ] ] ] } },
{ "type": "Feature", "properties": { }, "geometry": { "type": "Polygon", "coordinates": [ [ [ 104.138038, 51.524101 ], [ 104.137969, 51.523643 ], [ 104.137809, 51.523654 ], [ 104.137878, 51.524108 ], [ 104.138038, 51.524101 ] ] ] } },
{ "type": "Feature", "properties": { }, "geometry": { "type": "Polygon", "coordinates": [ [ [ 104.136291, 51.524391 ], [ 104.13697, 51.524364 ], [ 104.136978, 51.524467 ], [ 104.136299, 51.524494 ], [ 104.136291, 51.524391 ] ] ] } },
{ "type": "Feature", "properties": { }, "geometry": { "type": "Polygon", "coordinates": [ [ [ 104.1294001, 51.5238976 ], [ 104.1294001, 51.5242106 ], [ 104.1292091, 51.5242146 ], [ 104.1292091, 51.5239016 ], [ 104.1294001, 51.5238976 ] ] ] } },
{ "type": "Feature", "properties": { }, "geometry": { "type": "Polygon", "coordinates": [ [ [ 104.1301841, 51.5239115 ], [ 104.1301887, 51.5242244 ], [ 104.1299987, 51.5242255 ], [ 104.129994, 51.5239126 ], [ 104.1301841, 51.5239115 ] ] ] } },
{ "type": "Feature", "properties": { }, "geometry": { "type": "Polygon", "coordinates": [ [ [ 104.136497, 51.519626 ], [ 104.136497, 51.519939 ], [ 104.136306, 51.519939 ], [ 104.136306, 51.519626 ], [ 104.136497, 51.519626 ] ] ] } },
{ "type": "Feature", "properties": { }, "geometry": { "type": "Polygon", "coordinates": [ [ [ 104.130966, 51.523921 ], [ 104.130966, 51.524234 ], [ 104.130775, 51.524238 ], [ 104.130775, 51.523925 ], [ 104.130966, 51.523921 ] ] ] } },
{ "type": "Feature", "properties": { }, "geometry": { "type": "Polygon", "coordinates": [ [ [ 104.137939, 51.519611 ], [ 104.137939, 51.519924 ], [ 104.137748, 51.519924 ], [ 104.137748, 51.519611 ], [ 104.137939, 51.519611 ] ] ] } },
{ "type": "Feature", "properties": { }, "geometry": { "type": "Polygon", "coordinates": [ [ [ 104.137001, 51.519611 ], [ 104.137001, 51.519924 ], [ 104.13681, 51.519924 ], [ 104.13681, 51.519611 ], [ 104.137001, 51.519611 ] ] ] } },
{ "type": "Feature", "properties": { }, "geometry": { "type": "Polygon", "coordinates": [ [ [ 104.139495, 51.519577 ], [ 104.139495, 51.519889 ], [ 104.139305, 51.519889 ], [ 104.139305, 51.519577 ], [ 104.139495, 51.519577 ] ] ] } },
{ "type": "Feature", "properties": { }, "geometry": { "type": "Polygon", "coordinates": [ [ [ 104.138443, 51.519596 ], [ 104.138443, 51.519908 ], [ 104.138252, 51.519908 ], [ 104.138252, 51.519596 ], [ 104.138443, 51.519596 ] ] ] } },
{ "type": "Feature", "properties": { }, "geometry": { "type": "Polygon", "coordinates": [ [ [ 104.135238, 51.519722 ], [ 104.135406, 51.520015 ], [ 104.135231, 51.520057 ], [ 104.135063, 51.519763 ], [ 104.135238, 51.519722 ] ] ] } },
{ "type": "Feature", "properties": { }, "geometry": { "type": "Polygon", "coordinates": [ [ [ 104.134773, 51.519828 ], [ 104.134941, 51.520122 ], [ 104.134765, 51.520164 ], [ 104.134597, 51.51987 ], [ 104.134773, 51.519828 ] ] ] } },
{ "type": "Feature", "properties": { }, "geometry": { "type": "Polygon", "coordinates": [ [ [ 104.130332, 51.524444 ], [ 104.130836, 51.524444 ], [ 104.130844, 51.524562 ], [ 104.13034, 51.524562 ], [ 104.130332, 51.524444 ] ] ] } },
{ "type": "Feature", "properties": { }, "geometry": { "type": "Polygon", "coordinates": [ [ [ 104.135009, 51.520412 ], [ 104.135177, 51.520706 ], [ 104.135002, 51.520748 ], [ 104.134834, 51.520454 ], [ 104.135009, 51.520412 ] ] ] } },
{ "type": "Feature", "properties": { }, "geometry": { "type": "Polygon", "coordinates": [ [ [ 104.129661, 51.523174 ], [ 104.129661, 51.523487 ], [ 104.12947, 51.52349 ], [ 104.12947, 51.523178 ], [ 104.129661, 51.523174 ] ] ] } },
{ "type": "Feature", "properties": { }, "geometry": { "type": "Polygon", "coordinates": [ [ [ 104.130332, 51.523159 ], [ 104.130332, 51.523471 ], [ 104.130142, 51.523475 ], [ 104.130142, 51.523162 ], [ 104.130332, 51.523159 ] ] ] } },
{ "type": "Feature", "properties": { }, "geometry": { "type": "Polygon", "coordinates": [ [ [ 104.131156, 51.523178 ], [ 104.131156, 51.52349 ], [ 104.130966, 51.523494 ], [ 104.130966, 51.523181 ], [ 104.131156, 51.523178 ] ] ] } },
{ "type": "Feature", "properties": { }, "geometry": { "type": "Polygon", "coordinates": [ [ [ 104.130744, 51.523162 ], [ 104.130744, 51.523475 ], [ 104.130554, 51.523479 ], [ 104.130554, 51.523166 ], [ 104.130744, 51.523162 ] ] ] } },
{ "type": "Feature", "properties": { }, "geometry": { "type": "Polygon", "coordinates": [ [ [ 104.119956, 51.515785 ], [ 104.120132, 51.515724 ], [ 104.120056, 51.515636 ], [ 104.11988, 51.515697 ], [ 104.119956, 51.515785 ] ] ] } },
{ "type": "Feature", "properties": { }, "geometry": { "type": "Polygon", "coordinates": [ [ [ 104.120872, 51.515777 ], [ 104.121047, 51.515716 ], [ 104.120971, 51.515628 ], [ 104.120796, 51.515689 ], [ 104.120872, 51.515777 ] ] ] } },
{ "type": "Feature", "properties": { }, "geometry": { "type": "Polygon", "coordinates": [ [ [ 104.121795, 51.516059 ], [ 104.121971, 51.515998 ], [ 104.121894, 51.515911 ], [ 104.121719, 51.515972 ], [ 104.121795, 51.516059 ] ] ] } },
{ "type": "Feature", "properties": { }, "geometry": { "type": "Polygon", "coordinates": [ [ [ 104.120254, 51.516109 ], [ 104.120429, 51.516048 ], [ 104.120353, 51.51596 ], [ 104.120178, 51.516021 ], [ 104.120254, 51.516109 ] ] ] } },
{ "type": "Feature", "properties": { }, "geometry": { "type": "Polygon", "coordinates": [ [ [ 104.121406, 51.513488 ], [ 104.121955, 51.513484 ], [ 104.121955, 51.513607 ], [ 104.121406, 51.51361 ], [ 104.121406, 51.513488 ] ] ] } },
{ "type": "Feature", "properties": { }, "geometry": { "type": "Polygon", "coordinates": [ [ [ 104.124229, 51.51617 ], [ 104.124519, 51.516128 ], [ 104.124549, 51.516216 ], [ 104.124259, 51.516258 ], [ 104.124229, 51.51617 ] ] ] } },
{ "type": "Feature", "properties": { }, "geometry": { "type": "Polygon", "coordinates": [ [ [ 104.121782, 51.51394 ], [ 104.121783, 51.514168 ], [ 104.121681, 51.514168 ], [ 104.121681, 51.514212 ], [ 104.121529, 51.514213 ], [ 104.121526, 51.51361 ], [ 104.121794, 51.51361 ], [ 104.121795, 51.51386 ], [ 104.121955, 51.51386 ], [ 104.121956, 51.513939 ], [ 104.121782, 51.51394 ] ] ] } },
{ "type": "Feature", "properties": { }, "geometry": { "type": "Polygon", "coordinates": [ [ [ 104.120643, 51.515552 ], [ 104.120819, 51.515491 ], [ 104.120742, 51.515403 ], [ 104.120567, 51.515464 ], [ 104.120643, 51.515552 ] ] ] } },
{ "type": "Feature", "properties": { }, "geometry": { "type": "Polygon", "coordinates": [ [ [ 104.120391, 51.515258 ], [ 104.120567, 51.515197 ], [ 104.120491, 51.51511 ], [ 104.120315, 51.515171 ], [ 104.120391, 51.515258 ] ] ] } },
{ "type": "Feature", "properties": { }, "geometry": { "type": "Polygon", "coordinates": [ [ [ 104.121162, 51.514705 ], [ 104.121337, 51.514644 ], [ 104.121261, 51.514556 ], [ 104.121086, 51.514617 ], [ 104.121162, 51.514705 ] ] ] } },
{ "type": "Feature", "properties": { }, "geometry": { "type": "Polygon", "coordinates": [ [ [ 104.120605, 51.514835 ], [ 104.12078, 51.514774 ], [ 104.120704, 51.514686 ], [ 104.120529, 51.514747 ], [ 104.120605, 51.514835 ] ] ] } },
{ "type": "Feature", "properties": { }, "geometry": { "type": "Polygon", "coordinates": [ [ [ 104.122779, 51.515106 ], [ 104.122955, 51.515045 ], [ 104.122879, 51.514957 ], [ 104.122703, 51.515018 ], [ 104.122779, 51.515106 ] ] ] } },
{ "type": "Feature", "properties": { }, "geometry": { "type": "Polygon", "coordinates": [ [ [ 104.123107, 51.514991 ], [ 104.123283, 51.51493 ], [ 104.123207, 51.514843 ], [ 104.123031, 51.514904 ], [ 104.123107, 51.514991 ] ] ] } },
{ "type": "Feature", "properties": { }, "geometry": { "type": "Polygon", "coordinates": [ [ [ 104.121269, 51.515598 ], [ 104.121444, 51.515537 ], [ 104.121368, 51.515449 ], [ 104.121192, 51.51551 ], [ 104.121269, 51.515598 ] ] ] } },
{ "type": "Feature", "properties": { }, "geometry": { "type": "Polygon", "coordinates": [ [ [ 104.122413, 51.515228 ], [ 104.122589, 51.515167 ], [ 104.122512, 51.515079 ], [ 104.122337, 51.51514 ], [ 104.122413, 51.515228 ] ] ] } },
{ "type": "Feature", "properties": { }, "geometry": { "type": "Polygon", "coordinates": [ [ [ 104.120658, 51.517364 ], [ 104.120704, 51.517482 ], [ 104.120567, 51.517501 ], [ 104.120521, 51.517383 ], [ 104.120658, 51.517364 ] ] ] } },
{ "type": "Feature", "properties": { }, "geometry": { "type": "Polygon", "coordinates": [ [ [ 104.120468, 51.516952 ], [ 104.120513, 51.51707 ], [ 104.120376, 51.517089 ], [ 104.12033, 51.516971 ], [ 104.120468, 51.516952 ] ] ] } },
{ "type": "Feature", "properties": { }, "geometry": { "type": "Polygon", "coordinates": [ [ [ 104.120925, 51.518127 ], [ 104.120971, 51.518245 ], [ 104.120834, 51.518264 ], [ 104.120788, 51.518146 ], [ 104.120925, 51.518127 ] ] ] } },
{ "type": "Feature", "properties": { }, "geometry": { "type": "Polygon", "coordinates": [ [ [ 104.120735, 51.517639 ], [ 104.12078, 51.517757 ], [ 104.120643, 51.517776 ], [ 104.120597, 51.517658 ], [ 104.120735, 51.517639 ] ] ] } },
{ "type": "Feature", "properties": { }, "geometry": { "type": "Polygon", "coordinates": [ [ [ 104.124076, 51.515865 ], [ 104.124122, 51.515983 ], [ 104.123985, 51.516002 ], [ 104.123939, 51.515884 ], [ 104.124076, 51.515865 ] ] ] } },
{ "type": "Feature", "properties": { }, "geometry": { "type": "Polygon", "coordinates": [ [ [ 104.120864, 51.517906 ], [ 104.12091, 51.518024 ], [ 104.120773, 51.518043 ], [ 104.120727, 51.517925 ], [ 104.120864, 51.517906 ] ] ] } },
{ "type": "Feature", "properties": { }, "geometry": { "type": "Polygon", "coordinates": [ [ [ 104.119911, 51.515457 ], [ 104.120086, 51.515396 ], [ 104.12001, 51.515308 ], [ 104.119834, 51.515369 ], [ 104.119911, 51.515457 ] ] ] } },
{ "type": "Feature", "properties": { }, "geometry": { "type": "Polygon", "coordinates": [ [ [ 104.119575, 51.515148 ], [ 104.11975, 51.515087 ], [ 104.119674, 51.514999 ], [ 104.119499, 51.51506 ], [ 104.119575, 51.515148 ] ] ] } },
{ "type": "Feature", "properties": { }, "geometry": { "type": "Polygon", "coordinates": [ [ [ 104.121749, 51.517505 ], [ 104.121795, 51.517623 ], [ 104.121658, 51.517642 ], [ 104.121612, 51.517524 ], [ 104.121749, 51.517505 ] ] ] } },
{ "type": "Feature", "properties": { }, "geometry": { "type": "Polygon", "coordinates": [ [ [ 104.122436, 51.518043 ], [ 104.122482, 51.518161 ], [ 104.122344, 51.51818 ], [ 104.122299, 51.518062 ], [ 104.122436, 51.518043 ] ] ] } },
{ "type": "Feature", "properties": { }, "geometry": { "type": "Polygon", "coordinates": [ [ [ 104.121208, 51.517574 ], [ 104.121253, 51.517692 ], [ 104.121116, 51.517711 ], [ 104.12107, 51.517593 ], [ 104.121208, 51.517574 ] ] ] } },
{ "type": "Feature", "properties": { }, "geometry": { "type": "Polygon", "coordinates": [ [ [ 104.12133, 51.517841 ], [ 104.121376, 51.517959 ], [ 104.121238, 51.517978 ], [ 104.121192, 51.51786 ], [ 104.12133, 51.517841 ] ] ] } },
{ "type": "Feature", "properties": { }, "geometry": { "type": "Polygon", "coordinates": [ [ [ 104.12091, 51.516822 ], [ 104.120956, 51.516941 ], [ 104.120819, 51.51696 ], [ 104.120773, 51.516841 ], [ 104.12091, 51.516822 ] ] ] } },
{ "type": "Feature", "properties": { }, "geometry": { "type": "Polygon", "coordinates": [ [ [ 104.121017, 51.517185 ], [ 104.121063, 51.517303 ], [ 104.120925, 51.517322 ], [ 104.12088, 51.517204 ], [ 104.121017, 51.517185 ] ] ] } },
{ "type": "Feature", "properties": { }, "geometry": { "type": "Polygon", "coordinates": [ [ [ 104.120399, 51.516757 ], [ 104.120445, 51.516876 ], [ 104.120307, 51.516895 ], [ 104.120262, 51.516777 ], [ 104.120399, 51.516757 ] ] ] } },
{ "type": "Feature", "properties": { }, "geometry": { "type": "Polygon", "coordinates": [ [ [ 104.120376, 51.516506 ], [ 104.120422, 51.516624 ], [ 104.120285, 51.516643 ], [ 104.120239, 51.516525 ], [ 104.120376, 51.516506 ] ] ] } },
{ "type": "Feature", "properties": { }, "geometry": { "type": "Polygon", "coordinates": [ [ [ 104.125433, 51.517946 ], [ 104.125403, 51.517838 ], [ 104.125263, 51.517853 ], [ 104.125293, 51.517961 ], [ 104.125433, 51.517946 ] ] ] } },
{ "type": "Feature", "properties": { }, "geometry": { "type": "Polygon", "coordinates": [ [ [ 104.120544, 51.51424 ], [ 104.120536, 51.514347 ], [ 104.120422, 51.514343 ], [ 104.120429, 51.514236 ], [ 104.120544, 51.51424 ] ] ] } },
{ "type": "Feature", "properties": { }, "geometry": { "type": "Polygon", "coordinates": [ [ [ 104.124809, 51.518014 ], [ 104.125183, 51.517961 ], [ 104.125229, 51.518088 ], [ 104.124856, 51.518141 ], [ 104.124809, 51.518014 ] ] ] } },
{ "type": "Feature", "properties": { }, "geometry": { "type": "Polygon", "coordinates": [ [ [ 104.121353, 51.516784 ], [ 104.121398, 51.516902 ], [ 104.121261, 51.516922 ], [ 104.121215, 51.516803 ], [ 104.121353, 51.516784 ] ] ] } },
{ "type": "Feature", "properties": { }, "geometry": { "type": "Polygon", "coordinates": [ [ [ 104.121307, 51.51646 ], [ 104.121353, 51.516578 ], [ 104.121215, 51.516597 ], [ 104.12117, 51.516479 ], [ 104.121307, 51.51646 ] ] ] } },
{ "type": "Feature", "properties": { }, "geometry": { "type": "Polygon", "coordinates": [ [ [ 104.122001, 51.516857 ], [ 104.122047, 51.516975 ], [ 104.12191, 51.516994 ], [ 104.121864, 51.516876 ], [ 104.122001, 51.516857 ] ] ] } },
{ "type": "Feature", "properties": { }, "geometry": { "type": "Polygon", "coordinates": [ [ [ 104.12162, 51.51707 ], [ 104.121665, 51.517189 ], [ 104.121528, 51.517208 ], [ 104.121482, 51.517089 ], [ 104.12162, 51.51707 ] ] ] } },
{ "type": "Feature", "properties": { }, "geometry": { "type": "Polygon", "coordinates": [ [ [ 104.123359, 51.517379 ], [ 104.123405, 51.517498 ], [ 104.123268, 51.517517 ], [ 104.123222, 51.517398 ], [ 104.123359, 51.517379 ] ] ] } },
{ "type": "Feature", "properties": { }, "geometry": { "type": "Polygon", "coordinates": [ [ [ 104.123214, 51.517017 ], [ 104.12326, 51.517135 ], [ 104.123123, 51.517154 ], [ 104.123077, 51.517036 ], [ 104.123214, 51.517017 ] ] ] } },
{ "type": "Feature", "properties": { }, "geometry": { "type": "Polygon", "coordinates": [ [ [ 104.122817, 51.517986 ], [ 104.122863, 51.518104 ], [ 104.122726, 51.518123 ], [ 104.12268, 51.518005 ], [ 104.122817, 51.517986 ] ] ] } },
{ "type": "Feature", "properties": { }, "geometry": { "type": "Polygon", "coordinates": [ [ [ 104.122612, 51.517089 ], [ 104.122657, 51.517208 ], [ 104.12252, 51.517227 ], [ 104.122474, 51.517108 ], [ 104.122612, 51.517089 ] ] ] } },
{ "type": "Feature", "properties": { }, "geometry": { "type": "Polygon", "coordinates": [ [ [ 104.123046, 51.516765 ], [ 104.123092, 51.516883 ], [ 104.122955, 51.516902 ], [ 104.122909, 51.516784 ], [ 104.123046, 51.516765 ] ] ] } },
{ "type": "Feature", "properties": { }, "geometry": { "type": "Polygon", "coordinates": [ [ [ 104.123626, 51.516948 ], [ 104.123672, 51.517066 ], [ 104.123535, 51.517086 ], [ 104.123489, 51.516967 ], [ 104.123626, 51.516948 ] ] ] } },
{ "type": "Feature", "properties": { }, "geometry": { "type": "Polygon", "coordinates": [ [ [ 104.122428, 51.516216 ], [ 104.122474, 51.516334 ], [ 104.122337, 51.516353 ], [ 104.122291, 51.516235 ], [ 104.122428, 51.516216 ] ] ] } },
{ "type": "Feature", "properties": { }, "geometry": { "type": "Polygon", "coordinates": [ [ [ 104.122352, 51.515895 ], [ 104.122398, 51.516014 ], [ 104.122261, 51.516033 ], [ 104.122215, 51.515914 ], [ 104.122352, 51.515895 ] ] ] } },
{ "type": "Feature", "properties": { }, "geometry": { "type": "Polygon", "coordinates": [ [ [ 104.121917, 51.51654 ], [ 104.121963, 51.516658 ], [ 104.121826, 51.516677 ], [ 104.12178, 51.516559 ], [ 104.121917, 51.51654 ] ] ] } },
{ "type": "Feature", "properties": { }, "geometry": { "type": "Polygon", "coordinates": [ [ [ 104.12252, 51.516471 ], [ 104.122566, 51.51659 ], [ 104.122428, 51.516609 ], [ 104.122383, 51.51649 ], [ 104.12252, 51.516471 ] ] ] } },
{ "type": "Feature", "properties": { }, "geometry": { "type": "Polygon", "coordinates": [ [ [ 104.120841, 51.516536 ], [ 104.120887, 51.516654 ], [ 104.12075, 51.516674 ], [ 104.120704, 51.516555 ], [ 104.120841, 51.516536 ] ] ] } },
{ "type": "Feature", "properties": { }, "geometry": { "type": "Polygon", "coordinates": [ [ [ 104.121765, 51.516239 ], [ 104.12181, 51.516357 ], [ 104.121673, 51.516376 ], [ 104.121627, 51.516258 ], [ 104.121765, 51.516239 ] ] ] } },
{ "type": "Feature", "properties": { }, "geometry": { "type": "Polygon", "coordinates": [ [ [ 104.124702, 51.516815 ], [ 104.124748, 51.516933 ], [ 104.12461, 51.516952 ], [ 104.124565, 51.516834 ], [ 104.124702, 51.516815 ] ] ] } },
{ "type": "Feature", "properties": { }, "geometry": { "type": "Polygon", "coordinates": [ [ [ 104.123588, 51.516654 ], [ 104.123634, 51.516773 ], [ 104.123497, 51.516792 ], [ 104.123451, 51.516674 ], [ 104.123588, 51.516654 ] ] ] } },
{ "type": "Feature", "properties": { }, "geometry": { "type": "Polygon", "coordinates": [ [ [ 104.124725, 51.517192 ], [ 104.124771, 51.517311 ], [ 104.124633, 51.51733 ], [ 104.124588, 51.517211 ], [ 104.124725, 51.517192 ] ] ] } },
{ "type": "Feature", "properties": { }, "geometry": { "type": "Polygon", "coordinates": [ [ [ 104.124191, 51.516857 ], [ 104.124237, 51.516975 ], [ 104.124099, 51.516994 ], [ 104.124053, 51.516876 ], [ 104.124191, 51.516857 ] ] ] } },
{ "type": "Feature", "properties": { }, "geometry": { "type": "Polygon", "coordinates": [ [ [ 104.124694, 51.518014 ], [ 104.124718, 51.518106 ], [ 104.12446, 51.518132 ], [ 104.124436, 51.51804 ], [ 104.124694, 51.518014 ] ] ] } },
{ "type": "Feature", "properties": { }, "geometry": { "type": "Polygon", "coordinates": [ [ [ 104.125282, 51.517429 ], [ 104.125328, 51.517547 ], [ 104.12519, 51.517566 ], [ 104.125144, 51.517448 ], [ 104.125282, 51.517429 ] ] ] } },
{ "type": "Feature", "properties": { }, "geometry": { "type": "Polygon", "coordinates": [ [ [ 104.124145, 51.517242 ], [ 104.124191, 51.51736 ], [ 104.124053, 51.517379 ], [ 104.124008, 51.517261 ], [ 104.124145, 51.517242 ] ] ] } },
{ "type": "Feature", "properties": { }, "geometry": { "type": "Polygon", "coordinates": [ [ [ 104.124435, 51.517505 ], [ 104.124481, 51.517623 ], [ 104.124343, 51.517642 ], [ 104.124298, 51.517524 ], [ 104.124435, 51.517505 ] ] ] } },
{ "type": "Feature", "properties": { }, "geometry": { "type": "Polygon", "coordinates": [ [ [ 104.121093, 51.514019 ], [ 104.121086, 51.514125 ], [ 104.120971, 51.514122 ], [ 104.120979, 51.514015 ], [ 104.121093, 51.514019 ] ] ] } },
{ "type": "Feature", "properties": { }, "geometry": { "type": "Polygon", "coordinates": [ [ [ 104.121177, 51.514255 ], [ 104.12117, 51.514362 ], [ 104.121055, 51.514358 ], [ 104.121063, 51.514251 ], [ 104.121177, 51.514255 ] ] ] } },
{ "type": "Feature", "properties": { }, "geometry": { "type": "Polygon", "coordinates": [ [ [ 104.120529, 51.513778 ], [ 104.120521, 51.513885 ], [ 104.120407, 51.513881 ], [ 104.120414, 51.513774 ], [ 104.120529, 51.513778 ] ] ] } },
{ "type": "Feature", "properties": { }, "geometry": { "type": "Polygon", "coordinates": [ [ [ 104.121078, 51.513786 ], [ 104.12107, 51.513893 ], [ 104.120956, 51.513889 ], [ 104.120964, 51.513782 ], [ 104.121078, 51.513786 ] ] ] } },
{ "type": "Feature", "properties": { }, "geometry": { "type": "Polygon", "coordinates": [ [ [ 104.123512, 51.515666 ], [ 104.123558, 51.515785 ], [ 104.12342, 51.515804 ], [ 104.123374, 51.515686 ], [ 104.123512, 51.515666 ] ] ] } },
{ "type": "Feature", "properties": { }, "geometry": { "type": "Polygon", "coordinates": [ [ [ 104.120536, 51.514011 ], [ 104.120529, 51.514118 ], [ 104.120414, 51.514114 ], [ 104.120422, 51.514007 ], [ 104.120536, 51.514011 ] ] ] } },
{ "type": "Feature", "properties": { }, "geometry": { "type": "Polygon", "coordinates": [ [ [ 104.123001, 51.516433 ], [ 104.123046, 51.516551 ], [ 104.122909, 51.516571 ], [ 104.122863, 51.516452 ], [ 104.123001, 51.516433 ] ] ] } },
{ "type": "Feature", "properties": { }, "geometry": { "type": "Polygon", "coordinates": [ [ [ 104.12339, 51.516292 ], [ 104.123435, 51.51641 ], [ 104.123298, 51.516429 ], [ 104.123252, 51.516311 ], [ 104.12339, 51.516292 ] ] ] } },
{ "type": "Feature", "properties": { }, "geometry": { "type": "Polygon", "coordinates": [ [ [ 104.1432948, 51.5037111 ], [ 104.1434548, 51.5036621 ], [ 104.1434168, 51.5036161 ], [ 104.1432568, 51.5036651 ], [ 104.1432948, 51.5037111 ] ] ] } },
{ "type": "Feature", "properties": { }, "geometry": { "type": "Polygon", "coordinates": [ [ [ 104.1436458, 51.5035741 ], [ 104.1438438, 51.5035091 ], [ 104.1438208, 51.5034861 ], [ 104.1436228, 51.5035511 ], [ 104.1436458, 51.5035741 ] ] ] } },
{ "type": "Feature", "properties": { }, "geometry": { "type": "Polygon", "coordinates": [ [ [ 104.1439007, 51.5051548 ], [ 104.1439697, 51.5052578 ], [ 104.1438097, 51.5052998 ], [ 104.1437407, 51.5051968 ], [ 104.1439007, 51.5051548 ] ] ] } },
{ "type": "Feature", "properties": { }, "geometry": { "type": "Polygon", "coordinates": [ [ [ 104.1417458, 51.5025781 ], [ 104.1418528, 51.5027461 ], [ 104.1417918, 51.5027611 ], [ 104.1416848, 51.5025941 ], [ 104.1417458, 51.5025781 ] ] ] } },
{ "type": "Feature", "properties": { }, "geometry": { "type": "Polygon", "coordinates": [ [ [ 104.1394108, 51.5097461 ], [ 104.1393658, 51.5095211 ], [ 104.1392738, 51.5095291 ], [ 104.1393198, 51.5097541 ], [ 104.1394108, 51.5097461 ] ] ] } },
{ "type": "Feature", "properties": { }, "geometry": { "type": "Polygon", "coordinates": [ [ [ 104.1417158, 51.5038371 ], [ 104.1418068, 51.5039521 ], [ 104.1416698, 51.5039941 ], [ 104.1415778, 51.5038791 ], [ 104.1417158, 51.5038371 ] ] ] } },
{ "type": "Feature", "properties": { }, "geometry": { "type": "Polygon", "coordinates": [ [ [ 104.1484138, 51.5088111 ], [ 104.1477658, 51.5095671 ], [ 104.1475748, 51.5095021 ], [ 104.1482228, 51.5087471 ], [ 104.1484138, 51.5088111 ] ] ] } },
{ "type": "Feature", "properties": { }, "geometry": { "type": "Polygon", "coordinates": [ [ [ 104.1412808, 51.5081441 ], [ 104.1414028, 51.5083231 ], [ 104.1410358, 51.5084221 ], [ 104.1409068, 51.5082391 ], [ 104.1407848, 51.5082741 ], [ 104.1406548, 51.5080871 ], [ 104.1412648, 51.5079261 ], [ 104.1413948, 51.5081131 ], [ 104.1412808, 51.5081441 ] ] ] } },
{ "type": "Feature", "properties": { }, "geometry": { "type": "Polygon", "coordinates": [ [ [ 104.1409068, 51.5099601 ], [ 104.1409368, 51.5100051 ], [ 104.1407388, 51.5100591 ], [ 104.1405938, 51.5098451 ], [ 104.1407918, 51.5097921 ], [ 104.1408528, 51.5098801 ], [ 104.1416698, 51.5096701 ], [ 104.1419748, 51.5101161 ], [ 104.1418068, 51.5101621 ], [ 104.1415548, 51.5097921 ], [ 104.1409068, 51.5099601 ] ] ] } },
{ "type": "Feature", "properties": { }, "geometry": { "type": "Polygon", "coordinates": [ [ [ 104.1450108, 51.5082281 ], [ 104.1444928, 51.5083651 ], [ 104.1444088, 51.5082471 ], [ 104.1455988, 51.5079341 ], [ 104.1456828, 51.5080521 ], [ 104.1451328, 51.5081971 ], [ 104.1452708, 51.5083881 ], [ 104.1456828, 51.5082771 ], [ 104.1457508, 51.5083771 ], [ 104.1449198, 51.5086021 ], [ 104.1448508, 51.5085021 ], [ 104.1451488, 51.5084221 ], [ 104.1450108, 51.5082281 ] ] ] } },
{ "type": "Feature", "properties": { }, "geometry": { "type": "Polygon", "coordinates": [ [ [ 104.1406168, 51.5107491 ], [ 104.1420208, 51.5103601 ], [ 104.1419138, 51.5102111 ], [ 104.1405098, 51.5106011 ], [ 104.1406168, 51.5107491 ] ] ] } },
{ "type": "Feature", "properties": { }, "geometry": { "type": "Polygon", "coordinates": [ [ [ 104.1395488, 51.5107301 ], [ 104.1397848, 51.5110741 ], [ 104.1395948, 51.5111231 ], [ 104.1393498, 51.5107681 ], [ 104.1394108, 51.5107571 ], [ 104.1393348, 51.5106541 ], [ 104.1392658, 51.5106691 ], [ 104.1390298, 51.5103181 ], [ 104.1392208, 51.5102691 ], [ 104.1394498, 51.5106041 ], [ 104.1397848, 51.5105171 ], [ 104.1395488, 51.5101771 ], [ 104.1397388, 51.5101281 ], [ 104.1399838, 51.5104781 ], [ 104.1399068, 51.5104981 ], [ 104.1399838, 51.5106041 ], [ 104.1400448, 51.5105891 ], [ 104.1402808, 51.5109401 ], [ 104.1400898, 51.5109901 ], [ 104.1398618, 51.5106501 ], [ 104.1395488, 51.5107301 ] ] ] } },
{ "type": "Feature", "properties": { }, "geometry": { "type": "Polygon", "coordinates": [ [ [ 104.1432568, 51.5075341 ], [ 104.1440268, 51.5073391 ], [ 104.1439358, 51.5071981 ], [ 104.1431648, 51.5073921 ], [ 104.1432568, 51.5075341 ] ] ] } },
{ "type": "Feature", "properties": { }, "geometry": { "type": "Polygon", "coordinates": [ [ [ 104.1430048, 51.5087431 ], [ 104.1437748, 51.5085481 ], [ 104.1436838, 51.5084071 ], [ 104.1429128, 51.5086021 ], [ 104.1430048, 51.5087431 ] ] ] } },
{ "type": "Feature", "properties": { }, "geometry": { "type": "Polygon", "coordinates": [ [ [ 104.1423408, 51.5055881 ], [ 104.1431118, 51.5053931 ], [ 104.1430198, 51.5052521 ], [ 104.1422498, 51.5054471 ], [ 104.1423408, 51.5055881 ] ] ] } },
{ "type": "Feature", "properties": { }, "geometry": { "type": "Polygon", "coordinates": [ [ [ 104.1465138, 51.5080261 ], [ 104.1472848, 51.5078311 ], [ 104.1471928, 51.5076901 ], [ 104.1464228, 51.5078841 ], [ 104.1465138, 51.5080261 ] ] ] } },
{ "type": "Feature", "properties": { }, "geometry": { "type": "Polygon", "coordinates": [ [ [ 104.1388998, 51.5041841 ], [ 104.1391668, 51.5045961 ], [ 104.1388848, 51.5046691 ], [ 104.1386178, 51.5042571 ], [ 104.1388998, 51.5041841 ] ] ] } },
{ "type": "Feature", "properties": { }, "geometry": { "type": "Polygon", "coordinates": [ [ [ 104.1397804, 51.5134753 ], [ 104.1391234, 51.5124913 ], [ 104.1389634, 51.5125333 ], [ 104.1396194, 51.5135173 ], [ 104.1397804, 51.5134753 ] ] ] } },
{ "type": "Feature", "properties": { }, "geometry": { "type": "Polygon", "coordinates": [ [ [ 104.1425618, 51.5095131 ], [ 104.1424938, 51.5094101 ], [ 104.1427758, 51.5093381 ], [ 104.1423488, 51.5087241 ], [ 104.1425088, 51.5086781 ], [ 104.1430128, 51.5094031 ], [ 104.1425618, 51.5095131 ] ] ] } },
{ "type": "Feature", "properties": { }, "geometry": { "type": "Polygon", "coordinates": [ [ [ 104.1405858, 51.5093231 ], [ 104.1398458, 51.5095101 ], [ 104.1399228, 51.5096201 ], [ 104.1406628, 51.5094371 ], [ 104.1405858, 51.5093231 ] ] ] } },
{ "type": "Feature", "properties": { }, "geometry": { "type": "Polygon", "coordinates": [ [ [ 104.1403648, 51.5087501 ], [ 104.1400518, 51.5082931 ], [ 104.1398768, 51.5083421 ], [ 104.1401898, 51.5088001 ], [ 104.1403648, 51.5087501 ] ] ] } },
{ "type": "Feature", "properties": { }, "geometry": { "type": "Polygon", "coordinates": [ [ [ 104.1417538, 51.5130001 ], [ 104.1410138, 51.5131871 ], [ 104.1410898, 51.5132981 ], [ 104.1418298, 51.5131141 ], [ 104.1417538, 51.5130001 ] ] ] } },
{ "type": "Feature", "properties": { }, "geometry": { "type": "Polygon", "coordinates": [ [ [ 104.1425618, 51.5125541 ], [ 104.1418218, 51.5127411 ], [ 104.1418988, 51.5128511 ], [ 104.1426388, 51.5126681 ], [ 104.1425618, 51.5125541 ] ] ] } },
{ "type": "Feature", "properties": { }, "geometry": { "type": "Polygon", "coordinates": [ [ [ 104.1408918, 51.5134541 ], [ 104.1401508, 51.5136411 ], [ 104.1402278, 51.5137511 ], [ 104.1409678, 51.5135681 ], [ 104.1408918, 51.5134541 ] ] ] } },
{ "type": "Feature", "properties": { }, "geometry": { "type": "Polygon", "coordinates": [ [ [ 104.1434088, 51.5121231 ], [ 104.1426688, 51.5123101 ], [ 104.1427448, 51.5124201 ], [ 104.1434858, 51.5122371 ], [ 104.1434088, 51.5121231 ] ] ] } },
{ "type": "Feature", "properties": { }, "geometry": { "type": "Polygon", "coordinates": [ [ [ 104.1441948, 51.5047831 ], [ 104.1448888, 51.5046151 ], [ 104.1449888, 51.5047721 ], [ 104.1442938, 51.5049401 ], [ 104.1441948, 51.5047831 ] ] ] } },
{ "type": "Feature", "properties": { }, "geometry": { "type": "Polygon", "coordinates": [ [ [ 104.1498328, 51.5071141 ], [ 104.1489178, 51.5078921 ], [ 104.1488178, 51.5078461 ], [ 104.1497338, 51.5070681 ], [ 104.1498328, 51.5071141 ] ] ] } },
{ "type": "Feature", "properties": { }, "geometry": { "type": "Polygon", "coordinates": [ [ [ 104.1479328, 51.5055881 ], [ 104.1486198, 51.5059051 ], [ 104.1485358, 51.5059771 ], [ 104.1478498, 51.5056611 ], [ 104.1479328, 51.5055881 ] ] ] } },
{ "type": "Feature", "properties": { }, "geometry": { "type": "Polygon", "coordinates": [ [ [ 104.1421888, 51.5106231 ], [ 104.1416238, 51.5107761 ], [ 104.1415398, 51.5106651 ], [ 104.1421048, 51.5105131 ], [ 104.1421888, 51.5106231 ] ] ] } },
{ "type": "Feature", "properties": { }, "geometry": { "type": "Polygon", "coordinates": [ [ [ 104.1463468, 51.5071901 ], [ 104.1465448, 51.5074881 ], [ 104.1463158, 51.5075491 ], [ 104.1461178, 51.5072511 ], [ 104.1463468, 51.5071901 ] ] ] } },
{ "type": "Feature", "properties": { }, "geometry": { "type": "Polygon", "coordinates": [ [ [ 104.1416998, 51.5075451 ], [ 104.1419368, 51.5079001 ], [ 104.1417538, 51.5079491 ], [ 104.1415168, 51.5075981 ], [ 104.1416998, 51.5075451 ] ] ] } },
{ "type": "Feature", "properties": { }, "geometry": { "type": "Polygon", "coordinates": [ [ [ 104.1401968, 51.5025551 ], [ 104.1408308, 51.5023841 ], [ 104.1407468, 51.5022651 ], [ 104.1401128, 51.5024371 ], [ 104.1401968, 51.5025551 ] ] ] } },
{ "type": "Feature", "properties": { }, "geometry": { "type": "Polygon", "coordinates": [ [ [ 104.1456678, 51.5062371 ], [ 104.1458508, 51.5065231 ], [ 104.1455988, 51.5065841 ], [ 104.1454158, 51.5062981 ], [ 104.1456678, 51.5062371 ] ] ] } },
{ "type": "Feature", "properties": { }, "geometry": { "type": "Polygon", "coordinates": [ [ [ 104.1409218, 51.5092461 ], [ 104.1406088, 51.5087891 ], [ 104.1404338, 51.5088381 ], [ 104.1407468, 51.5092961 ], [ 104.1409218, 51.5092461 ] ] ] } },
{ "type": "Feature", "properties": { }, "geometry": { "type": "Polygon", "coordinates": [ [ [ 104.1437346, 51.5040709 ], [ 104.1441776, 51.5039599 ], [ 104.1442916, 51.5041389 ], [ 104.1438496, 51.5042499 ], [ 104.1437346, 51.5040709 ] ] ] } },
{ "type": "Feature", "properties": { }, "geometry": { "type": "Polygon", "coordinates": [ [ [ 104.1411278, 51.5063931 ], [ 104.1413108, 51.5066561 ], [ 104.1411358, 51.5067021 ], [ 104.1409528, 51.5064431 ], [ 104.1411278, 51.5063931 ] ] ] } },
{ "type": "Feature", "properties": { }, "geometry": { "type": "Polygon", "coordinates": [ [ [ 104.1400978, 51.5042031 ], [ 104.1402808, 51.5044671 ], [ 104.1401058, 51.5045121 ], [ 104.1399228, 51.5042531 ], [ 104.1400978, 51.5042031 ] ] ] } },
{ "type": "Feature", "properties": { }, "geometry": { "type": "Polygon", "coordinates": [ [ [ 104.1404568, 51.5069121 ], [ 104.1406398, 51.5071751 ], [ 104.1404638, 51.5072211 ], [ 104.1402808, 51.5069611 ], [ 104.1404568, 51.5069121 ] ] ] } },
{ "type": "Feature", "properties": { }, "geometry": { "type": "Polygon", "coordinates": [ [ [ 104.1409528, 51.5059241 ], [ 104.1411358, 51.5061871 ], [ 104.1409598, 51.5062331 ], [ 104.1407768, 51.5059731 ], [ 104.1409528, 51.5059241 ] ] ] } },
{ "type": "Feature", "properties": { }, "geometry": { "type": "Polygon", "coordinates": [ [ [ 104.1472008, 51.5066711 ], [ 104.1467738, 51.5067781 ], [ 104.1467048, 51.5066681 ], [ 104.1471318, 51.5065611 ], [ 104.1472008, 51.5066711 ] ] ] } },
{ "type": "Feature", "properties": { }, "geometry": { "type": "Polygon", "coordinates": [ [ [ 104.1469798, 51.5063471 ], [ 104.1465528, 51.5064541 ], [ 104.1464838, 51.5063431 ], [ 104.1469108, 51.5062371 ], [ 104.1469798, 51.5063471 ] ] ] } },
{ "type": "Feature", "properties": { }, "geometry": { "type": "Polygon", "coordinates": [ [ [ 104.1395338, 51.5043521 ], [ 104.1397168, 51.5046151 ], [ 104.1395408, 51.5046611 ], [ 104.1393578, 51.5044021 ], [ 104.1395338, 51.5043521 ] ] ] } },
{ "type": "Feature", "properties": { }, "geometry": { "type": "Polygon", "coordinates": [ [ [ 104.1484748, 51.5070341 ], [ 104.1493978, 51.5071371 ], [ 104.1493828, 51.5071941 ], [ 104.1484598, 51.5070911 ], [ 104.1484748, 51.5070341 ] ] ] } },
{ "type": "Feature", "properties": { }, "geometry": { "type": "Polygon", "coordinates": [ [ [ 104.1407458, 51.5054392 ], [ 104.1409288, 51.5057022 ], [ 104.1407538, 51.5057482 ], [ 104.1405708, 51.5054882 ], [ 104.1407458, 51.5054392 ] ] ] } },
{ "type": "Feature", "properties": { }, "geometry": { "type": "Polygon", "coordinates": [ [ [ 104.1399378, 51.5049201 ], [ 104.1401208, 51.5051841 ], [ 104.1399448, 51.5052291 ], [ 104.1397618, 51.5049701 ], [ 104.1399378, 51.5049201 ] ] ] } },
{ "type": "Feature", "properties": { }, "geometry": { "type": "Polygon", "coordinates": [ [ [ 104.1398998, 51.5060991 ], [ 104.1400828, 51.5063621 ], [ 104.1399068, 51.5064081 ], [ 104.1397238, 51.5061491 ], [ 104.1398998, 51.5060991 ] ] ] } },
{ "type": "Feature", "properties": { }, "geometry": { "type": "Polygon", "coordinates": [ [ [ 104.1398998, 51.5060991 ], [ 104.1400828, 51.5063621 ], [ 104.1399068, 51.5064081 ], [ 104.1397238, 51.5061491 ], [ 104.1398998, 51.5060991 ] ] ] } },
{ "type": "Feature", "properties": { }, "geometry": { "type": "Polygon", "coordinates": [ [ [ 104.1403568, 51.5055231 ], [ 104.1405408, 51.5057861 ], [ 104.1403648, 51.5058321 ], [ 104.1401818, 51.5055731 ], [ 104.1403568, 51.5055231 ] ] ] } },
{ "type": "Feature", "properties": { }, "geometry": { "type": "Polygon", "coordinates": [ [ [ 104.1401818, 51.5065041 ], [ 104.1403648, 51.5067671 ], [ 104.1401898, 51.5068131 ], [ 104.1400068, 51.5065531 ], [ 104.1401818, 51.5065041 ] ] ] } },
{ "type": "Feature", "properties": { }, "geometry": { "type": "Polygon", "coordinates": [ [ [ 104.1457158, 51.5109871 ], [ 104.1457308, 51.5108481 ], [ 104.1455268, 51.5108391 ], [ 104.1455108, 51.5109781 ], [ 104.1457158, 51.5109871 ] ] ] } },
{ "type": "Feature", "properties": { }, "geometry": { "type": "Polygon", "coordinates": [ [ [ 104.1485438, 51.5072021 ], [ 104.1486808, 51.5077781 ], [ 104.1486118, 51.5077851 ], [ 104.1484748, 51.5072091 ], [ 104.1485438, 51.5072021 ] ] ] } },
{ "type": "Feature", "properties": { }, "geometry": { "type": "Polygon", "coordinates": [ [ [ 104.1403188, 51.5064501 ], [ 104.1407008, 51.5063471 ], [ 104.1406318, 51.5062441 ], [ 104.1402508, 51.5063471 ], [ 104.1403188, 51.5064501 ] ] ] } },
{ "type": "Feature", "properties": { }, "geometry": { "type": "Polygon", "coordinates": [ [ [ 104.1419218, 51.5015711 ], [ 104.1424248, 51.5014261 ], [ 104.1423718, 51.5013581 ], [ 104.1418678, 51.5015031 ], [ 104.1419218, 51.5015711 ] ] ] } },
{ "type": "Feature", "properties": { }, "geometry": { "type": "Polygon", "coordinates": [ [ [ 104.1424424, 51.5035936 ], [ 104.1420764, 51.5037006 ], [ 104.1419924, 51.5035866 ], [ 104.1423584, 51.5034796 ], [ 104.1424424, 51.5035936 ] ] ] } },
{ "type": "Feature", "properties": { }, "geometry": { "type": "Polygon", "coordinates": [ [ [ 104.1418828, 51.5031431 ], [ 104.1424328, 51.5029981 ], [ 104.1423788, 51.5029251 ], [ 104.1418298, 51.5030701 ], [ 104.1418828, 51.5031431 ] ] ] } },
{ "type": "Feature", "properties": { }, "geometry": { "type": "Polygon", "coordinates": [ [ [ 104.1443248, 51.5032991 ], [ 104.1445308, 51.5035551 ], [ 104.1443628, 51.5036081 ], [ 104.1441568, 51.5033531 ], [ 104.1443248, 51.5032991 ] ] ] } },
{ "type": "Feature", "properties": { }, "geometry": { "type": "Polygon", "coordinates": [ [ [ 104.1387778, 51.5060041 ], [ 104.1389538, 51.5062591 ], [ 104.1387778, 51.5063051 ], [ 104.1386028, 51.5060501 ], [ 104.1387778, 51.5060041 ] ] ] } },
{ "type": "Feature", "properties": { }, "geometry": { "type": "Polygon", "coordinates": [ [ [ 104.1395408, 51.5072131 ], [ 104.1393578, 51.5069041 ], [ 104.1392818, 51.5069231 ], [ 104.1394648, 51.5072321 ], [ 104.1395408, 51.5072131 ] ] ] } },
{ "type": "Feature", "properties": { }, "geometry": { "type": "Polygon", "coordinates": [ [ [ 104.1492688, 51.5072861 ], [ 104.1486738, 51.5072131 ], [ 104.1486578, 51.5072511 ], [ 104.1492528, 51.5073241 ], [ 104.1492688, 51.5072861 ] ] ] } },
{ "type": "Feature", "properties": { }, "geometry": { "type": "Polygon", "coordinates": [ [ [ 104.1397618, 51.5075831 ], [ 104.1395868, 51.5072671 ], [ 104.1395028, 51.5072861 ], [ 104.1396778, 51.5076021 ], [ 104.1397618, 51.5075831 ] ] ] } },
{ "type": "Feature", "properties": { }, "geometry": { "type": "Polygon", "coordinates": [ [ [ 104.1438288, 51.5037191 ], [ 104.1442028, 51.5036271 ], [ 104.1441648, 51.5035621 ], [ 104.1437908, 51.5036541 ], [ 104.1438288, 51.5037191 ] ] ] } },
{ "type": "Feature", "properties": { }, "geometry": { "type": "Polygon", "coordinates": [ [ [ 104.1391978, 51.5112681 ], [ 104.1393498, 51.5115051 ], [ 104.1392208, 51.5115391 ], [ 104.1390678, 51.5113021 ], [ 104.1391978, 51.5112681 ] ] ] } },
{ "type": "Feature", "properties": { }, "geometry": { "type": "Polygon", "coordinates": [ [ [ 104.1434468, 51.5106921 ], [ 104.1435538, 51.5108521 ], [ 104.1433628, 51.5109021 ], [ 104.1432568, 51.5107421 ], [ 104.1434468, 51.5106921 ] ] ] } },
{ "type": "Feature", "properties": { }, "geometry": { "type": "Polygon", "coordinates": [ [ [ 104.1486198, 51.5084681 ], [ 104.1488798, 51.5081481 ], [ 104.1487798, 51.5081171 ], [ 104.1485208, 51.5084381 ], [ 104.1486198, 51.5084681 ] ] ] } },
{ "type": "Feature", "properties": { }, "geometry": { "type": "Polygon", "coordinates": [ [ [ 104.1397928, 51.5079381 ], [ 104.1392358, 51.5081171 ], [ 104.1391898, 51.5080641 ], [ 104.1397468, 51.5078841 ], [ 104.1397928, 51.5079381 ] ] ] } },
{ "type": "Feature", "properties": { }, "geometry": { "type": "Polygon", "coordinates": [ [ [ 104.1499548, 51.5065951 ], [ 104.1495888, 51.5064311 ], [ 104.1496878, 51.5063281 ], [ 104.1500618, 51.5064921 ], [ 104.1499548, 51.5065951 ] ] ] } },
{ "type": "Feature", "properties": { }, "geometry": { "type": "Polygon", "coordinates": [ [ [ 104.1463008, 51.5050691 ], [ 104.1459348, 51.5049051 ], [ 104.1460338, 51.5048021 ], [ 104.1464078, 51.5049661 ], [ 104.1463008, 51.5050691 ] ] ] } },
{ "type": "Feature", "properties": { }, "geometry": { "type": "Polygon", "coordinates": [ [ [ 104.1462088, 51.5070411 ], [ 104.1460338, 51.5067741 ], [ 104.1462168, 51.5067321 ], [ 104.1463848, 51.5069991 ], [ 104.1462088, 51.5070411 ] ] ] } },
{ "type": "Feature", "properties": { }, "geometry": { "type": "Polygon", "coordinates": [ [ [ 104.1493598, 51.5063551 ], [ 104.1489938, 51.5061911 ], [ 104.1490928, 51.5060881 ], [ 104.1494668, 51.5062521 ], [ 104.1493598, 51.5063551 ] ] ] } },
{ "type": "Feature", "properties": { }, "geometry": { "type": "Polygon", "coordinates": [ [ [ 104.1409598, 51.5032651 ], [ 104.1414478, 51.5031311 ], [ 104.1413798, 51.5030321 ], [ 104.1408918, 51.5031661 ], [ 104.1409598, 51.5032651 ] ] ] } },
{ "type": "Feature", "properties": { }, "geometry": { "type": "Polygon", "coordinates": [ [ [ 104.1386558, 51.5120231 ], [ 104.1391748, 51.5118781 ], [ 104.1391058, 51.5117871 ], [ 104.1385868, 51.5119321 ], [ 104.1386558, 51.5120231 ] ] ] } },
{ "type": "Feature", "properties": { }, "geometry": { "type": "Polygon", "coordinates": [ [ [ 104.1400678, 51.5028831 ], [ 104.1403568, 51.5032761 ], [ 104.1402128, 51.5033181 ], [ 104.1399228, 51.5029251 ], [ 104.1400678, 51.5028831 ] ] ] } },
{ "type": "Feature", "properties": { }, "geometry": { "type": "Polygon", "coordinates": [ [ [ 104.1390553, 51.5124244 ], [ 104.1388343, 51.5120694 ], [ 104.1386743, 51.5121074 ], [ 104.1388953, 51.5124624 ], [ 104.1390553, 51.5124244 ] ] ] } },
{ "type": "Feature", "properties": { }, "geometry": { "type": "Polygon", "coordinates": [ [ [ 104.1428046, 51.5041712 ], [ 104.1423766, 51.5042772 ], [ 104.1423086, 51.5041672 ], [ 104.1427356, 51.5040602 ], [ 104.1428046, 51.5041712 ] ] ] } },
{ "type": "Feature", "properties": { }, "geometry": { "type": "Polygon", "coordinates": [ [ [ 104.1401043, 51.5058814 ], [ 104.1396773, 51.5059884 ], [ 104.1396083, 51.5058774 ], [ 104.1400353, 51.5057714 ], [ 104.1401043, 51.5058814 ] ] ] } },
{ "type": "Feature", "properties": { }, "geometry": { "type": "Polygon", "coordinates": [ [ [ 104.1485358, 51.5065231 ], [ 104.1480938, 51.5064691 ], [ 104.1481238, 51.5063511 ], [ 104.1485738, 51.5064041 ], [ 104.1485358, 51.5065231 ] ] ] } },
{ "type": "Feature", "properties": { }, "geometry": { "type": "Polygon", "coordinates": [ [ [ 104.1469488, 51.5055081 ], [ 104.1467738, 51.5052491 ], [ 104.1469418, 51.5051911 ], [ 104.1471248, 51.5054551 ], [ 104.1469488, 51.5055081 ] ] ] } },
{ "type": "Feature", "properties": { }, "geometry": { "type": "Polygon", "coordinates": [ [ [ 104.1456898, 51.5048171 ], [ 104.1453238, 51.5046531 ], [ 104.1454228, 51.5045501 ], [ 104.1457968, 51.5047141 ], [ 104.1456898, 51.5048171 ] ] ] } },
{ "type": "Feature", "properties": { }, "geometry": { "type": "Polygon", "coordinates": [ [ [ 104.1460568, 51.5054851 ], [ 104.1458808, 51.5052261 ], [ 104.1460488, 51.5051681 ], [ 104.1462318, 51.5054321 ], [ 104.1460568, 51.5054851 ] ] ] } },
{ "type": "Feature", "properties": { }, "geometry": { "type": "Polygon", "coordinates": [ [ [ 104.1407618, 51.5050201 ], [ 104.1403348, 51.5051261 ], [ 104.1402658, 51.5050161 ], [ 104.1406928, 51.5049091 ], [ 104.1407618, 51.5050201 ] ] ] } },
{ "type": "Feature", "properties": { }, "geometry": { "type": "Polygon", "coordinates": [ [ [ 104.1405628, 51.5047341 ], [ 104.1401358, 51.5048401 ], [ 104.1400678, 51.5047301 ], [ 104.1404948, 51.5046231 ], [ 104.1405628, 51.5047341 ] ] ] } },
{ "type": "Feature", "properties": { }, "geometry": { "type": "Polygon", "coordinates": [ [ [ 104.1416158, 51.5047831 ], [ 104.1411888, 51.5048901 ], [ 104.1411198, 51.5047791 ], [ 104.1415478, 51.5046731 ], [ 104.1416158, 51.5047831 ] ] ] } },
{ "type": "Feature", "properties": { }, "geometry": { "type": "Polygon", "coordinates": [ [ [ 104.1413948, 51.5044971 ], [ 104.1409678, 51.5046041 ], [ 104.1408988, 51.5044931 ], [ 104.1413258, 51.5043861 ], [ 104.1413948, 51.5044971 ] ] ] } },
{ "type": "Feature", "properties": { }, "geometry": { "type": "Polygon", "coordinates": [ [ [ 104.1433781, 51.5048769 ], [ 104.1429511, 51.5049829 ], [ 104.1428821, 51.5048729 ], [ 104.1433091, 51.5047659 ], [ 104.1433781, 51.5048769 ] ] ] } },
{ "type": "Feature", "properties": { }, "geometry": { "type": "Polygon", "coordinates": [ [ [ 104.1418854, 51.5052866 ], [ 104.1414574, 51.5053936 ], [ 104.1413894, 51.5052826 ], [ 104.1418164, 51.5051756 ], [ 104.1418854, 51.5052866 ] ] ] } },
{ "type": "Feature", "properties": { }, "geometry": { "type": "Polygon", "coordinates": [ [ [ 104.1420592, 51.5055398 ], [ 104.1416322, 51.5056458 ], [ 104.1415632, 51.5055358 ], [ 104.1419902, 51.5054288 ], [ 104.1420592, 51.5055398 ] ] ] } },
{ "type": "Feature", "properties": { }, "geometry": { "type": "Polygon", "coordinates": [ [ [ 104.1439278, 51.5054741 ], [ 104.1435008, 51.5055801 ], [ 104.1434318, 51.5054701 ], [ 104.1438588, 51.5053631 ], [ 104.1439278, 51.5054741 ] ] ] } },
{ "type": "Feature", "properties": { }, "geometry": { "type": "Polygon", "coordinates": [ [ [ 104.1467048, 51.5056411 ], [ 104.1462778, 51.5057481 ], [ 104.1462088, 51.5056381 ], [ 104.1466358, 51.5055311 ], [ 104.1467048, 51.5056411 ] ] ] } },
{ "type": "Feature", "properties": { }, "geometry": { "type": "Polygon", "coordinates": [ [ [ 104.1467588, 51.5060231 ], [ 104.1463308, 51.5061301 ], [ 104.1462628, 51.5060191 ], [ 104.1466898, 51.5059121 ], [ 104.1467588, 51.5060231 ] ] ] } },
{ "type": "Feature", "properties": { }, "geometry": { "type": "Polygon", "coordinates": [ [ [ 104.1453388, 51.5057061 ], [ 104.1449118, 51.5058131 ], [ 104.1448438, 51.5057021 ], [ 104.1452708, 51.5055961 ], [ 104.1453388, 51.5057061 ] ] ] } },
{ "type": "Feature", "properties": { }, "geometry": { "type": "Polygon", "coordinates": [ [ [ 104.1459728, 51.5058281 ], [ 104.1455448, 51.5059351 ], [ 104.1454768, 51.5058251 ], [ 104.1459038, 51.5057181 ], [ 104.1459728, 51.5058281 ] ] ] } },
{ "type": "Feature", "properties": { }, "geometry": { "type": "Polygon", "coordinates": [ [ [ 104.1449048, 51.5051111 ], [ 104.1444768, 51.5052181 ], [ 104.1444088, 51.5051071 ], [ 104.1448358, 51.5050011 ], [ 104.1449048, 51.5051111 ] ] ] } },
{ "type": "Feature", "properties": { }, "geometry": { "type": "Polygon", "coordinates": [ [ [ 104.1451488, 51.5054391 ], [ 104.1447208, 51.5055461 ], [ 104.1446528, 51.5054351 ], [ 104.1450798, 51.5053291 ], [ 104.1451488, 51.5054391 ] ] ] } },
{ "type": "Feature", "properties": { }, "geometry": { "type": "Polygon", "coordinates": [ [ [ 104.1430026, 51.5044772 ], [ 104.1425756, 51.5045842 ], [ 104.1425066, 51.5044732 ], [ 104.1429346, 51.5043662 ], [ 104.1430026, 51.5044772 ] ] ] } },
{ "type": "Feature", "properties": { }, "geometry": { "type": "Polygon", "coordinates": [ [ [ 104.1436228, 51.5050691 ], [ 104.1431958, 51.5051761 ], [ 104.1431268, 51.5050651 ], [ 104.1435538, 51.5049591 ], [ 104.1436228, 51.5050691 ] ] ] } },
{ "type": "Feature", "properties": { }, "geometry": { "type": "Polygon", "coordinates": [ [ [ 104.1443398, 51.5056761 ], [ 104.1437748, 51.5058281 ], [ 104.1436918, 51.5057181 ], [ 104.1442558, 51.5055651 ], [ 104.1443398, 51.5056761 ] ] ] } },
{ "type": "Feature", "properties": { }, "geometry": { "type": "Polygon", "coordinates": [ [ [ 104.1438138, 51.5061491 ], [ 104.1432488, 51.5063011 ], [ 104.1431648, 51.5061911 ], [ 104.1437298, 51.5060381 ], [ 104.1438138, 51.5061491 ] ] ] } },
{ "type": "Feature", "properties": { }, "geometry": { "type": "Polygon", "coordinates": [ [ [ 104.1447288, 51.5062101 ], [ 104.1441648, 51.5063621 ], [ 104.1440808, 51.5062521 ], [ 104.1446448, 51.5060991 ], [ 104.1447288, 51.5062101 ] ] ] } },
{ "type": "Feature", "properties": { }, "geometry": { "type": "Polygon", "coordinates": [ [ [ 104.1445148, 51.5059661 ], [ 104.1439508, 51.5061181 ], [ 104.1438668, 51.5060081 ], [ 104.1444318, 51.5058551 ], [ 104.1445148, 51.5059661 ] ] ] } },
{ "type": "Feature", "properties": { }, "geometry": { "type": "Polygon", "coordinates": [ [ [ 104.1451488, 51.5068241 ], [ 104.1445838, 51.5069771 ], [ 104.1444998, 51.5068661 ], [ 104.1450648, 51.5067131 ], [ 104.1451488, 51.5068241 ] ] ] } },
{ "type": "Feature", "properties": { }, "geometry": { "type": "Polygon", "coordinates": [ [ [ 104.1449268, 51.5065071 ], [ 104.1443628, 51.5066601 ], [ 104.1442788, 51.5065491 ], [ 104.1448438, 51.5063971 ], [ 104.1449268, 51.5065071 ] ] ] } },
{ "type": "Feature", "properties": { }, "geometry": { "type": "Polygon", "coordinates": [ [ [ 104.1447138, 51.5076291 ], [ 104.1441488, 51.5077811 ], [ 104.1440648, 51.5076711 ], [ 104.1446298, 51.5075181 ], [ 104.1447138, 51.5076291 ] ] ] } },
{ "type": "Feature", "properties": { }, "geometry": { "type": "Polygon", "coordinates": [ [ [ 104.1455148, 51.5074151 ], [ 104.1449498, 51.5075681 ], [ 104.1448658, 51.5074571 ], [ 104.1454308, 51.5073051 ], [ 104.1455148, 51.5074151 ] ] ] } },
{ "type": "Feature", "properties": { }, "geometry": { "type": "Polygon", "coordinates": [ [ [ 104.1413798, 51.5069771 ], [ 104.1408148, 51.5071291 ], [ 104.1407308, 51.5070191 ], [ 104.1412958, 51.5068661 ], [ 104.1413798, 51.5069771 ] ] ] } },
{ "type": "Feature", "properties": { }, "geometry": { "type": "Polygon", "coordinates": [ [ [ 104.1424628, 51.5062401 ], [ 104.1418988, 51.5063931 ], [ 104.1418148, 51.5062821 ], [ 104.1423788, 51.5061301 ], [ 104.1424628, 51.5062401 ] ] ] } },
{ "type": "Feature", "properties": { }, "geometry": { "type": "Polygon", "coordinates": [ [ [ 104.1426008, 51.5072361 ], [ 104.1420358, 51.5073891 ], [ 104.1419518, 51.5072781 ], [ 104.1425168, 51.5071251 ], [ 104.1426008, 51.5072361 ] ] ] } },
{ "type": "Feature", "properties": { }, "geometry": { "type": "Polygon", "coordinates": [ [ [ 104.1413418, 51.5074921 ], [ 104.1407768, 51.5076441 ], [ 104.1406928, 51.5075341 ], [ 104.1412578, 51.5073811 ], [ 104.1413418, 51.5074921 ] ] ] } },
{ "type": "Feature", "properties": { }, "geometry": { "type": "Polygon", "coordinates": [ [ [ 104.1429818, 51.5067711 ], [ 104.1424168, 51.5069231 ], [ 104.1423328, 51.5068131 ], [ 104.1428978, 51.5066601 ], [ 104.1429818, 51.5067711 ] ] ] } },
{ "type": "Feature", "properties": { }, "geometry": { "type": "Polygon", "coordinates": [ [ [ 104.1438288, 51.5065461 ], [ 104.1432638, 51.5066981 ], [ 104.1431798, 51.5065871 ], [ 104.1437448, 51.5064351 ], [ 104.1438288, 51.5065461 ] ] ] } },
{ "type": "Feature", "properties": { }, "geometry": { "type": "Polygon", "coordinates": [ [ [ 104.1431958, 51.5063821 ], [ 104.1426308, 51.5065341 ], [ 104.1425468, 51.5064231 ], [ 104.1431118, 51.5062711 ], [ 104.1431958, 51.5063821 ] ] ] } },
{ "type": "Feature", "properties": { }, "geometry": { "type": "Polygon", "coordinates": [ [ [ 104.1424858, 51.5065991 ], [ 104.1419218, 51.5067521 ], [ 104.1418378, 51.5066411 ], [ 104.1424018, 51.5064881 ], [ 104.1424858, 51.5065991 ] ] ] } },
{ "type": "Feature", "properties": { }, "geometry": { "type": "Polygon", "coordinates": [ [ [ 104.1458048, 51.5066601 ], [ 104.1462628, 51.5065491 ], [ 104.1461708, 51.5064081 ], [ 104.1457128, 51.5065191 ], [ 104.1458048, 51.5066601 ] ] ] } },
{ "type": "Feature", "properties": { }, "geometry": { "type": "Polygon", "coordinates": [ [ [ 104.1412808, 51.5024181 ], [ 104.1418448, 51.5022651 ], [ 104.1417688, 51.5021551 ], [ 104.1412038, 51.5023071 ], [ 104.1412808, 51.5024181 ] ] ] } },
{ "type": "Feature", "properties": { }, "geometry": { "type": "Polygon", "coordinates": [ [ [ 104.1453548, 51.5071481 ], [ 104.1447898, 51.5073011 ], [ 104.1447058, 51.5071901 ], [ 104.1452708, 51.5070381 ], [ 104.1453548, 51.5071481 ] ] ] } },
{ "type": "Feature", "properties": { }, "geometry": { "type": "Polygon", "coordinates": [ [ [ 104.1486278, 51.5080101 ], [ 104.1480628, 51.5081631 ], [ 104.1479788, 51.5080521 ], [ 104.1485438, 51.5079001 ], [ 104.1486278, 51.5080101 ] ] ] } },
{ "type": "Feature", "properties": { }, "geometry": { "type": "Polygon", "coordinates": [ [ [ 104.1419598, 51.5071141 ], [ 104.1413948, 51.5072671 ], [ 104.1413108, 51.5071561 ], [ 104.1418758, 51.5070031 ], [ 104.1419598, 51.5071141 ] ] ] } },
{ "type": "Feature", "properties": { }, "geometry": { "type": "Polygon", "coordinates": [ [ [ 104.1428218, 51.5075411 ], [ 104.1422568, 51.5076941 ], [ 104.1421728, 51.5075831 ], [ 104.1427378, 51.5074311 ], [ 104.1428218, 51.5075411 ] ] ] } },
{ "type": "Feature", "properties": { }, "geometry": { "type": "Polygon", "coordinates": [ [ [ 104.1431958, 51.5056911 ], [ 104.1426308, 51.5058441 ], [ 104.1425468, 51.5057331 ], [ 104.1431118, 51.5055801 ], [ 104.1431958, 51.5056911 ] ] ] } },
{ "type": "Feature", "properties": { }, "geometry": { "type": "Polygon", "coordinates": [ [ [ 104.1424708, 51.5058821 ], [ 104.1419058, 51.5060341 ], [ 104.1418218, 51.5059241 ], [ 104.1423868, 51.5057711 ], [ 104.1424708, 51.5058821 ] ] ] } },
{ "type": "Feature", "properties": { }, "geometry": { "type": "Polygon", "coordinates": [ [ [ 104.1417308, 51.5120121 ], [ 104.1419748, 51.5123631 ], [ 104.1417988, 51.5124131 ], [ 104.1415548, 51.5120621 ], [ 104.1417308, 51.5120121 ] ] ] } },
{ "type": "Feature", "properties": { }, "geometry": { "type": "Polygon", "coordinates": [ [ [ 104.1428068, 51.5112831 ], [ 104.1430508, 51.5116341 ], [ 104.1428748, 51.5116841 ], [ 104.1426308, 51.5113331 ], [ 104.1428068, 51.5112831 ] ] ] } },
{ "type": "Feature", "properties": { }, "geometry": { "type": "Polygon", "coordinates": [ [ [ 104.1399228, 51.5129851 ], [ 104.1401668, 51.5133361 ], [ 104.1399908, 51.5133851 ], [ 104.1397468, 51.5130341 ], [ 104.1399228, 51.5129851 ] ] ] } },
{ "type": "Feature", "properties": { }, "geometry": { "type": "Polygon", "coordinates": [ [ [ 104.1395258, 51.5124091 ], [ 104.1397698, 51.5127601 ], [ 104.1395948, 51.5128091 ], [ 104.1393498, 51.5124581 ], [ 104.1395258, 51.5124091 ] ] ] } },
{ "type": "Feature", "properties": { }, "geometry": { "type": "Polygon", "coordinates": [ [ [ 104.1408308, 51.5124891 ], [ 104.1410748, 51.5128401 ], [ 104.1408988, 51.5128891 ], [ 104.1406548, 51.5125381 ], [ 104.1408308, 51.5124891 ] ] ] } },
{ "type": "Feature", "properties": { }, "geometry": { "type": "Polygon", "coordinates": [ [ [ 104.1403878, 51.5127411 ], [ 104.1406318, 51.5130921 ], [ 104.1404568, 51.5131411 ], [ 104.1402128, 51.5127901 ], [ 104.1403878, 51.5127411 ] ] ] } },
{ "type": "Feature", "properties": { }, "geometry": { "type": "Polygon", "coordinates": [ [ [ 104.1469418, 51.5091811 ], [ 104.1471858, 51.5095321 ], [ 104.1470098, 51.5095821 ], [ 104.1467658, 51.5092311 ], [ 104.1469418, 51.5091811 ] ] ] } },
{ "type": "Feature", "properties": { }, "geometry": { "type": "Polygon", "coordinates": [ [ [ 104.1412878, 51.5122521 ], [ 104.1415318, 51.5126031 ], [ 104.1413568, 51.5126531 ], [ 104.1411128, 51.5123021 ], [ 104.1412878, 51.5122521 ] ] ] } },
{ "type": "Feature", "properties": { }, "geometry": { "type": "Polygon", "coordinates": [ [ [ 104.1414028, 51.5115501 ], [ 104.1408378, 51.5117031 ], [ 104.1407538, 51.5115921 ], [ 104.1413188, 51.5114401 ], [ 104.1414028, 51.5115501 ] ] ] } },
{ "type": "Feature", "properties": { }, "geometry": { "type": "Polygon", "coordinates": [ [ [ 104.1420438, 51.5110201 ], [ 104.1414788, 51.5111731 ], [ 104.1413948, 51.5110621 ], [ 104.1419598, 51.5109101 ], [ 104.1420438, 51.5110201 ] ] ] } },
{ "type": "Feature", "properties": { }, "geometry": { "type": "Polygon", "coordinates": [ [ [ 104.1402048, 51.5112761 ], [ 104.1396398, 51.5114281 ], [ 104.1395558, 51.5113181 ], [ 104.1401208, 51.5111651 ], [ 104.1402048, 51.5112761 ] ] ] } },
{ "type": "Feature", "properties": { }, "geometry": { "type": "Polygon", "coordinates": [ [ [ 104.1411888, 51.5112531 ], [ 104.1406248, 51.5114051 ], [ 104.1405408, 51.5112951 ], [ 104.1411048, 51.5111421 ], [ 104.1411888, 51.5112531 ] ] ] } },
{ "type": "Feature", "properties": { }, "geometry": { "type": "Polygon", "coordinates": [ [ [ 104.1415858, 51.5118441 ], [ 104.1410208, 51.5119971 ], [ 104.1409368, 51.5118861 ], [ 104.1415018, 51.5117341 ], [ 104.1415858, 51.5118441 ] ] ] } },
{ "type": "Feature", "properties": { }, "geometry": { "type": "Polygon", "coordinates": [ [ [ 104.1400218, 51.5120161 ], [ 104.1394568, 51.5121681 ], [ 104.1393728, 51.5120581 ], [ 104.1399378, 51.5119051 ], [ 104.1400218, 51.5120161 ] ] ] } },
{ "type": "Feature", "properties": { }, "geometry": { "type": "Polygon", "coordinates": [ [ [ 104.1427228, 51.5118211 ], [ 104.1421578, 51.5119741 ], [ 104.1420738, 51.5118631 ], [ 104.1426388, 51.5117111 ], [ 104.1427228, 51.5118211 ] ] ] } },
{ "type": "Feature", "properties": { }, "geometry": { "type": "Polygon", "coordinates": [ [ [ 104.1457588, 51.5095741 ], [ 104.1451948, 51.5097271 ], [ 104.1451108, 51.5096161 ], [ 104.1456748, 51.5094641 ], [ 104.1457588, 51.5095741 ] ] ] } },
{ "type": "Feature", "properties": { }, "geometry": { "type": "Polygon", "coordinates": [ [ [ 104.1435308, 51.5098991 ], [ 104.1429668, 51.5100511 ], [ 104.1428828, 51.5099411 ], [ 104.1434468, 51.5097881 ], [ 104.1435308, 51.5098991 ] ] ] } },
{ "type": "Feature", "properties": { }, "geometry": { "type": "Polygon", "coordinates": [ [ [ 104.1433178, 51.5096131 ], [ 104.1427528, 51.5097651 ], [ 104.1426688, 51.5096551 ], [ 104.1432338, 51.5095021 ], [ 104.1433178, 51.5096131 ] ] ] } },
{ "type": "Feature", "properties": { }, "geometry": { "type": "Polygon", "coordinates": [ [ [ 104.1442638, 51.5104251 ], [ 104.1436988, 51.5105781 ], [ 104.1436148, 51.5104671 ], [ 104.1441798, 51.5103141 ], [ 104.1442638, 51.5104251 ] ] ] } },
{ "type": "Feature", "properties": { }, "geometry": { "type": "Polygon", "coordinates": [ [ [ 104.1437218, 51.5102041 ], [ 104.1431568, 51.5103561 ], [ 104.1430738, 51.5102461 ], [ 104.1436378, 51.5100931 ], [ 104.1437218, 51.5102041 ] ] ] } },
{ "type": "Feature", "properties": { }, "geometry": { "type": "Polygon", "coordinates": [ [ [ 104.1441188, 51.5110241 ], [ 104.1435538, 51.5111771 ], [ 104.1434698, 51.5110661 ], [ 104.1440348, 51.5109131 ], [ 104.1441188, 51.5110241 ] ] ] } },
{ "type": "Feature", "properties": { }, "geometry": { "type": "Polygon", "coordinates": [ [ [ 104.1449888, 51.5107801 ], [ 104.1444238, 51.5109321 ], [ 104.1443398, 51.5108221 ], [ 104.1449048, 51.5106691 ], [ 104.1449888, 51.5107801 ] ] ] } },
{ "type": "Feature", "properties": { }, "geometry": { "type": "Polygon", "coordinates": [ [ [ 104.1413418, 51.5108451 ], [ 104.1407768, 51.5109971 ], [ 104.1406928, 51.5108871 ], [ 104.1412578, 51.5107341 ], [ 104.1413418, 51.5108451 ] ] ] } },
{ "type": "Feature", "properties": { }, "geometry": { "type": "Polygon", "coordinates": [ [ [ 104.1424098, 51.5115581 ], [ 104.1418448, 51.5117111 ], [ 104.1417608, 51.5116001 ], [ 104.1423258, 51.5114471 ], [ 104.1424098, 51.5115581 ] ] ] } },
{ "type": "Feature", "properties": { }, "geometry": { "type": "Polygon", "coordinates": [ [ [ 104.1455228, 51.5092691 ], [ 104.1449578, 51.5094221 ], [ 104.1448738, 51.5093111 ], [ 104.1454388, 51.5091591 ], [ 104.1455228, 51.5092691 ] ] ] } },
{ "type": "Feature", "properties": { }, "geometry": { "type": "Polygon", "coordinates": [ [ [ 104.1466138, 51.5094411 ], [ 104.1460488, 51.5095931 ], [ 104.1459648, 51.5094831 ], [ 104.1465298, 51.5093301 ], [ 104.1466138, 51.5094411 ] ] ] } },
{ "type": "Feature", "properties": { }, "geometry": { "type": "Polygon", "coordinates": [ [ [ 104.1459568, 51.5098611 ], [ 104.1453928, 51.5100131 ], [ 104.1453088, 51.5099021 ], [ 104.1458738, 51.5097501 ], [ 104.1459568, 51.5098611 ] ] ] } },
{ "type": "Feature", "properties": { }, "geometry": { "type": "Polygon", "coordinates": [ [ [ 104.1453238, 51.5089871 ], [ 104.1447598, 51.5091401 ], [ 104.1446758, 51.5090291 ], [ 104.1452398, 51.5088761 ], [ 104.1453238, 51.5089871 ] ] ] } },
{ "type": "Feature", "properties": { }, "geometry": { "type": "Polygon", "coordinates": [ [ [ 104.1449118, 51.5097611 ], [ 104.1443478, 51.5099141 ], [ 104.1442638, 51.5098031 ], [ 104.1448278, 51.5096511 ], [ 104.1449118, 51.5097611 ] ] ] } },
{ "type": "Feature", "properties": { }, "geometry": { "type": "Polygon", "coordinates": [ [ [ 104.1451258, 51.5100631 ], [ 104.1445608, 51.5102151 ], [ 104.1444768, 51.5101051 ], [ 104.1450418, 51.5099521 ], [ 104.1451258, 51.5100631 ] ] ] } },
{ "type": "Feature", "properties": { }, "geometry": { "type": "Polygon", "coordinates": [ [ [ 104.1477728, 51.5072551 ], [ 104.1472088, 51.5074081 ], [ 104.1471248, 51.5072971 ], [ 104.1476888, 51.5071441 ], [ 104.1477728, 51.5072551 ] ] ] } },
{ "type": "Feature", "properties": { }, "geometry": { "type": "Polygon", "coordinates": [ [ [ 104.1447058, 51.5094791 ], [ 104.1441418, 51.5096321 ], [ 104.1440578, 51.5095211 ], [ 104.1446218, 51.5093681 ], [ 104.1447058, 51.5094791 ] ] ] } },
{ "type": "Feature", "properties": { }, "geometry": { "type": "Polygon", "coordinates": [ [ [ 104.1430808, 51.5080791 ], [ 104.1425168, 51.5082321 ], [ 104.1424328, 51.5081211 ], [ 104.1429968, 51.5079681 ], [ 104.1430808, 51.5080791 ] ] ] } },
{ "type": "Feature", "properties": { }, "geometry": { "type": "Polygon", "coordinates": [ [ [ 104.1438898, 51.5078731 ], [ 104.1433248, 51.5080261 ], [ 104.1432408, 51.5079151 ], [ 104.1438058, 51.5077621 ], [ 104.1438898, 51.5078731 ] ] ] } },
{ "type": "Feature", "properties": { }, "geometry": { "type": "Polygon", "coordinates": [ [ [ 104.1481928, 51.5084301 ], [ 104.1476278, 51.5085831 ], [ 104.1475438, 51.5084721 ], [ 104.1481088, 51.5083191 ], [ 104.1481928, 51.5084301 ] ] ] } },
{ "type": "Feature", "properties": { }, "geometry": { "type": "Polygon", "coordinates": [ [ [ 104.1445148, 51.5091811 ], [ 104.1439508, 51.5093341 ], [ 104.1438668, 51.5092231 ], [ 104.1444318, 51.5090711 ], [ 104.1445148, 51.5091811 ] ] ] } },
{ "type": "Feature", "properties": { }, "geometry": { "type": "Polygon", "coordinates": [ [ [ 104.1465828, 51.5087391 ], [ 104.1460178, 51.5088921 ], [ 104.1459348, 51.5087811 ], [ 104.1464988, 51.5086281 ], [ 104.1465828, 51.5087391 ] ] ] } },
{ "type": "Feature", "properties": { }, "geometry": { "type": "Polygon", "coordinates": [ [ [ 104.1477888, 51.5088151 ], [ 104.1472238, 51.5089681 ], [ 104.1471398, 51.5088571 ], [ 104.1477048, 51.5087051 ], [ 104.1477888, 51.5088151 ] ] ] } },
{ "type": "Feature", "properties": { }, "geometry": { "type": "Polygon", "coordinates": [ [ [ 104.1468498, 51.5098151 ], [ 104.1462858, 51.5099671 ], [ 104.1462018, 51.5098571 ], [ 104.1467658, 51.5097041 ], [ 104.1468498, 51.5098151 ] ] ] } },
{ "type": "Feature", "properties": { }, "geometry": { "type": "Polygon", "coordinates": [ [ [ 104.1467808, 51.5090371 ], [ 104.1462168, 51.5091891 ], [ 104.1461328, 51.5090781 ], [ 104.1466978, 51.5089261 ], [ 104.1467808, 51.5090371 ] ] ] } },
{ "type": "Feature", "properties": { }, "geometry": { "type": "Polygon", "coordinates": [ [ [ 104.1398195, 51.5255816 ], [ 104.1400715, 51.5254225 ], [ 104.1401677, 51.5254814 ], [ 104.1399158, 51.5256406 ], [ 104.1398195, 51.5255816 ] ] ] } },
{ "type": "Feature", "properties": { }, "geometry": { "type": "Polygon", "coordinates": [ [ [ 104.1406364, 51.5250127 ], [ 104.1407894, 51.5250437 ], [ 104.1407514, 51.5251157 ], [ 104.1405984, 51.5250857 ], [ 104.1406364, 51.5250127 ] ] ] } },
{ "type": "Feature", "properties": { }, "geometry": { "type": "Polygon", "coordinates": [ [ [ 104.1406527, 51.5248829 ], [ 104.1408056, 51.5249136 ], [ 104.1407679, 51.5249861 ], [ 104.140615, 51.5249554 ], [ 104.1406527, 51.5248829 ] ] ] } },
{ "type": "Feature", "properties": { }, "geometry": { "type": "Polygon", "coordinates": [ [ [ 104.1407437, 51.5246723 ], [ 104.1408967, 51.5247033 ], [ 104.1408587, 51.5247753 ], [ 104.1407057, 51.5247453 ], [ 104.1407437, 51.5246723 ] ] ] } },
{ "type": "Feature", "properties": { }, "geometry": { "type": "Polygon", "coordinates": [ [ [ 104.1333053, 51.5256144 ], [ 104.1334738, 51.5256258 ], [ 104.1334554, 51.5257312 ], [ 104.1332868, 51.5257197 ], [ 104.1333053, 51.5256144 ] ] ] } },
{ "type": "Feature", "properties": { }, "geometry": { "type": "Polygon", "coordinates": [ [ [ 104.1332938, 51.5254373 ], [ 104.1334624, 51.5254487 ], [ 104.1334439, 51.525554 ], [ 104.1332754, 51.5255426 ], [ 104.1332938, 51.5254373 ] ] ] } },
{ "type": "Feature", "properties": { }, "geometry": { "type": "Polygon", "coordinates": [ [ [ 104.1338286, 51.5255444 ], [ 104.1339972, 51.5255558 ], [ 104.1339787, 51.5256611 ], [ 104.1338102, 51.5256497 ], [ 104.1338286, 51.5255444 ] ] ] } },
{ "type": "Feature", "properties": { }, "geometry": { "type": "Polygon", "coordinates": [ [ [ 104.1379024, 51.5249173 ], [ 104.1380575, 51.5249183 ], [ 104.138056, 51.5250053 ], [ 104.137901, 51.5250043 ], [ 104.1379024, 51.5249173 ] ] ] } },
{ "type": "Feature", "properties": { }, "geometry": { "type": "Polygon", "coordinates": [ [ [ 104.1344108, 51.5256069 ], [ 104.1345571, 51.5256183 ], [ 104.1345408, 51.5256993 ], [ 104.1343945, 51.5256879 ], [ 104.1344108, 51.5256069 ] ] ] } },
{ "type": "Feature", "properties": { }, "geometry": { "type": "Polygon", "coordinates": [ [ [ 104.1349034, 51.5258816 ], [ 104.1351215, 51.5259167 ], [ 104.1350859, 51.5260022 ], [ 104.1348678, 51.5259671 ], [ 104.1349034, 51.5258816 ] ] ] } },
{ "type": "Feature", "properties": { }, "geometry": { "type": "Polygon", "coordinates": [ [ [ 104.135219, 51.5260557 ], [ 104.1352843, 51.5259466 ], [ 104.1354514, 51.5259853 ], [ 104.1353861, 51.5260944 ], [ 104.135219, 51.5260557 ] ] ] } },
{ "type": "Feature", "properties": { }, "geometry": { "type": "Polygon", "coordinates": [ [ [ 104.1385223, 51.5232641 ], [ 104.1385083, 51.5231181 ], [ 104.1383313, 51.5231241 ], [ 104.1383443, 51.5232701 ], [ 104.1385223, 51.5232641 ] ] ] } },
{ "type": "Feature", "properties": { }, "geometry": { "type": "Polygon", "coordinates": [ [ [ 104.140195, 51.5235451 ], [ 104.1403975, 51.5235442 ], [ 104.140399, 51.523664 ], [ 104.1401964, 51.523665 ], [ 104.140195, 51.5235451 ] ] ] } },
{ "type": "Feature", "properties": { }, "geometry": { "type": "Polygon", "coordinates": [ [ [ 104.1401148, 51.5238344 ], [ 104.1404147, 51.5238112 ], [ 104.1404294, 51.5238848 ], [ 104.1401294, 51.5239079 ], [ 104.1401148, 51.5238344 ] ] ] } },
{ "type": "Feature", "properties": { }, "geometry": { "type": "Polygon", "coordinates": [ [ [ 104.1457268, 51.5235662 ], [ 104.1458865, 51.5235671 ], [ 104.1458834, 51.5237765 ], [ 104.1457237, 51.5237756 ], [ 104.1457268, 51.5235662 ] ] ] } },
{ "type": "Feature", "properties": { }, "geometry": { "type": "Polygon", "coordinates": [ [ [ 104.144912, 51.52095 ], [ 104.144172, 51.52095 ], [ 104.144172, 51.521072 ], [ 104.144912, 51.521072 ], [ 104.144912, 51.52095 ] ] ] } },
{ "type": "Feature", "properties": { }, "geometry": { "type": "Polygon", "coordinates": [ [ [ 104.14421, 51.521842 ], [ 104.14347, 51.521842 ], [ 104.14347, 51.521965 ], [ 104.14421, 51.521965 ], [ 104.14421, 51.521842 ] ] ] } },
{ "type": "Feature", "properties": { }, "geometry": { "type": "Polygon", "coordinates": [ [ [ 104.147521, 51.520645 ], [ 104.146598, 51.520645 ], [ 104.146598, 51.520767 ], [ 104.147521, 51.520767 ], [ 104.147521, 51.520645 ] ] ] } },
{ "type": "Feature", "properties": { }, "geometry": { "type": "Polygon", "coordinates": [ [ [ 104.147125, 51.516212 ], [ 104.147125, 51.516681 ], [ 104.146903, 51.516681 ], [ 104.146903, 51.516212 ], [ 104.147125, 51.516212 ] ] ] } },
{ "type": "Feature", "properties": { }, "geometry": { "type": "Polygon", "coordinates": [ [ [ 104.147926, 51.519718 ], [ 104.14785, 51.519718 ], [ 104.14785, 51.519405 ], [ 104.14804, 51.519405 ], [ 104.14804, 51.51968 ], [ 104.148124, 51.51968 ], [ 104.148124, 51.520168 ], [ 104.147926, 51.520168 ], [ 104.147926, 51.519718 ] ] ] } },
{ "type": "Feature", "properties": { }, "geometry": { "type": "Polygon", "coordinates": [ [ [ 104.148368, 51.520874 ], [ 104.148368, 51.520278 ], [ 104.14817, 51.520278 ], [ 104.14817, 51.520874 ], [ 104.148368, 51.520874 ] ] ] } },
{ "type": "Feature", "properties": { }, "geometry": { "type": "Polygon", "coordinates": [ [ [ 104.147743, 51.518829 ], [ 104.147636, 51.518829 ], [ 104.147636, 51.518363 ], [ 104.14785, 51.518363 ], [ 104.14785, 51.518802 ], [ 104.147956, 51.518802 ], [ 104.147956, 51.519268 ], [ 104.147743, 51.519268 ], [ 104.147743, 51.518829 ] ] ] } },
{ "type": "Feature", "properties": { }, "geometry": { "type": "Polygon", "coordinates": [ [ [ 104.144538, 51.521228 ], [ 104.144538, 51.521541 ], [ 104.144348, 51.521541 ], [ 104.144348, 51.521228 ], [ 104.144538, 51.521228 ] ] ] } },
{ "type": "Feature", "properties": { }, "geometry": { "type": "Polygon", "coordinates": [ [ [ 104.147956, 51.521228 ], [ 104.147956, 51.521541 ], [ 104.147766, 51.521541 ], [ 104.147766, 51.521228 ], [ 104.147956, 51.521228 ] ] ] } },
{ "type": "Feature", "properties": { }, "geometry": { "type": "Polygon", "coordinates": [ [ [ 104.145591, 51.521217 ], [ 104.145591, 51.52153 ], [ 104.145401, 51.52153 ], [ 104.145401, 51.521217 ], [ 104.145591, 51.521217 ] ] ] } },
{ "type": "Feature", "properties": { }, "geometry": { "type": "Polygon", "coordinates": [ [ [ 104.145072, 51.521228 ], [ 104.145072, 51.521541 ], [ 104.144882, 51.521541 ], [ 104.144882, 51.521228 ], [ 104.145072, 51.521228 ] ] ] } },
{ "type": "Feature", "properties": { }, "geometry": { "type": "Polygon", "coordinates": [ [ [ 104.147445, 51.521228 ], [ 104.147445, 51.521541 ], [ 104.147254, 51.521541 ], [ 104.147254, 51.521228 ], [ 104.147445, 51.521228 ] ] ] } },
{ "type": "Feature", "properties": { }, "geometry": { "type": "Polygon", "coordinates": [ [ [ 104.146919, 51.521228 ], [ 104.146919, 51.521541 ], [ 104.146728, 51.521541 ], [ 104.146728, 51.521228 ], [ 104.146919, 51.521228 ] ] ] } },
{ "type": "Feature", "properties": { }, "geometry": { "type": "Polygon", "coordinates": [ [ [ 104.144134, 51.521514 ], [ 104.143394, 51.521514 ], [ 104.143394, 51.521636 ], [ 104.144134, 51.521636 ], [ 104.144134, 51.521514 ] ] ] } },
{ "type": "Feature", "properties": { }, "geometry": { "type": "Polygon", "coordinates": [ [ [ 104.143928, 51.521354 ], [ 104.143936, 51.520862 ], [ 104.143791, 51.520862 ], [ 104.143783, 51.521354 ], [ 104.143928, 51.521354 ] ] ] } },
{ "type": "Feature", "properties": { }, "geometry": { "type": "Polygon", "coordinates": [ [ [ 104.1460541, 51.5227759 ], [ 104.1460541, 51.5225349 ], [ 104.1458781, 51.5225349 ], [ 104.1458781, 51.5227759 ], [ 104.1460541, 51.5227759 ] ] ] } },
{ "type": "Feature", "properties": { }, "geometry": { "type": "Polygon", "coordinates": [ [ [ 104.146087, 51.520385 ], [ 104.146095, 51.520385 ], [ 104.146095, 51.520519 ], [ 104.145973, 51.520515 ], [ 104.145973, 51.520416 ], [ 104.145874, 51.520416 ], [ 104.145874, 51.520336 ], [ 104.146087, 51.520332 ], [ 104.146087, 51.520385 ] ] ] } },
{ "type": "Feature", "properties": { }, "geometry": { "type": "Polygon", "coordinates": [ [ [ 104.1460311, 51.5224699 ], [ 104.1464201, 51.5224699 ], [ 104.1464201, 51.5223599 ], [ 104.1460311, 51.5223599 ], [ 104.1460311, 51.5224699 ] ] ] } },
{ "type": "Feature", "properties": { }, "geometry": { "type": "Polygon", "coordinates": [ [ [ 104.1456871, 51.5225469 ], [ 104.1456871, 51.5223059 ], [ 104.1455121, 51.5223059 ], [ 104.1455121, 51.5225469 ], [ 104.1456871, 51.5225469 ] ] ] } },
{ "type": "Feature", "properties": { }, "geometry": { "type": "Polygon", "coordinates": [ [ [ 104.144889, 51.521873 ], [ 104.144386, 51.521873 ], [ 104.144386, 51.521755 ], [ 104.144889, 51.521755 ], [ 104.144889, 51.521873 ] ] ] } },
{ "type": "Feature", "properties": { }, "geometry": { "type": "Polygon", "coordinates": [ [ [ 104.1473732, 51.5218478 ], [ 104.1468692, 51.5218478 ], [ 104.1468692, 51.5217288 ], [ 104.1473732, 51.5217288 ], [ 104.1473732, 51.5218478 ] ] ] } },
{ "type": "Feature", "properties": { }, "geometry": { "type": "Polygon", "coordinates": [ [ [ 104.14846, 51.521251 ], [ 104.14846, 51.521564 ], [ 104.148269, 51.521564 ], [ 104.148269, 51.521251 ], [ 104.14846, 51.521251 ] ] ] } },
{ "type": "Feature", "properties": { }, "geometry": { "type": "Polygon", "coordinates": [ [ [ 104.1482432, 51.5218438 ], [ 104.1477392, 51.5218438 ], [ 104.1477392, 51.5217258 ], [ 104.1482432, 51.5217258 ], [ 104.1482432, 51.5218438 ] ] ] } },
{ "type": "Feature", "properties": { }, "geometry": { "type": "Polygon", "coordinates": [ [ [ 104.145195, 51.520587 ], [ 104.145408, 51.520584 ], [ 104.145408, 51.520664 ], [ 104.145195, 51.520668 ], [ 104.145195, 51.520587 ] ] ] } },
{ "type": "Feature", "properties": { }, "geometry": { "type": "Polygon", "coordinates": [ [ [ 104.145561, 51.520587 ], [ 104.145774, 51.520584 ], [ 104.145774, 51.520664 ], [ 104.145561, 51.520668 ], [ 104.145561, 51.520587 ] ] ] } },
{ "type": "Feature", "properties": { }, "geometry": { "type": "Polygon", "coordinates": [ [ [ 104.145545, 51.520912 ], [ 104.145759, 51.520908 ], [ 104.145759, 51.520988 ], [ 104.145545, 51.520992 ], [ 104.145545, 51.520912 ] ] ] } },
{ "type": "Feature", "properties": { }, "geometry": { "type": "Polygon", "coordinates": [ [ [ 104.144729, 51.520572 ], [ 104.144943, 51.520568 ], [ 104.144943, 51.520648 ], [ 104.144729, 51.520652 ], [ 104.144729, 51.520572 ] ] ] } },
{ "type": "Feature", "properties": { }, "geometry": { "type": "Polygon", "coordinates": [ [ [ 104.14643, 51.52005 ], [ 104.146644, 51.520046 ], [ 104.146644, 51.520126 ], [ 104.14643, 51.52013 ], [ 104.14643, 51.52005 ] ] ] } },
{ "type": "Feature", "properties": { }, "geometry": { "type": "Polygon", "coordinates": [ [ [ 104.145133, 51.520919 ], [ 104.145347, 51.520916 ], [ 104.145347, 51.520996 ], [ 104.145133, 51.520999 ], [ 104.145133, 51.520919 ] ] ] } },
{ "type": "Feature", "properties": { }, "geometry": { "type": "Polygon", "coordinates": [ [ [ 104.143241, 51.522727 ], [ 104.143424, 51.522716 ], [ 104.14344, 51.522823 ], [ 104.143257, 51.522834 ], [ 104.143241, 51.522727 ] ] ] } },
{ "type": "Feature", "properties": { }, "geometry": { "type": "Polygon", "coordinates": [ [ [ 104.144538, 51.520103 ], [ 104.144546, 51.519969 ], [ 104.144676, 51.519973 ], [ 104.144668, 51.520107 ], [ 104.144538, 51.520103 ] ] ] } },
{ "type": "Feature", "properties": { }, "geometry": { "type": "Polygon", "coordinates": [ [ [ 104.144317, 51.519584 ], [ 104.144317, 51.519718 ], [ 104.144195, 51.519714 ], [ 104.144195, 51.51958 ], [ 104.144317, 51.519584 ] ] ] } },
{ "type": "Feature", "properties": { }, "geometry": { "type": "Polygon", "coordinates": [ [ [ 104.144302, 51.519374 ], [ 104.144302, 51.519508 ], [ 104.14418, 51.519504 ], [ 104.14418, 51.519371 ], [ 104.144302, 51.519374 ] ] ] } },
{ "type": "Feature", "properties": { }, "geometry": { "type": "Polygon", "coordinates": [ [ [ 104.145523, 51.520046 ], [ 104.145736, 51.520042 ], [ 104.145736, 51.520122 ], [ 104.145523, 51.520126 ], [ 104.145523, 51.520046 ] ] ] } },
{ "type": "Feature", "properties": { }, "geometry": { "type": "Polygon", "coordinates": [ [ [ 104.145919, 51.520042 ], [ 104.146133, 51.520038 ], [ 104.146133, 51.520118 ], [ 104.145919, 51.520122 ], [ 104.145919, 51.520042 ] ] ] } },
{ "type": "Feature", "properties": { }, "geometry": { "type": "Polygon", "coordinates": [ [ [ 104.144767, 51.520042 ], [ 104.144981, 51.520038 ], [ 104.144981, 51.520118 ], [ 104.144767, 51.520122 ], [ 104.144767, 51.520042 ] ] ] } },
{ "type": "Feature", "properties": { }, "geometry": { "type": "Polygon", "coordinates": [ [ [ 104.145095, 51.520053 ], [ 104.145309, 51.52005 ], [ 104.145309, 51.52013 ], [ 104.145095, 51.520133 ], [ 104.145095, 51.520053 ] ] ] } },
{ "type": "Feature", "properties": { }, "geometry": { "type": "Polygon", "coordinates": [ [ [ 104.144927, 51.520328 ], [ 104.145141, 51.520324 ], [ 104.145141, 51.520404 ], [ 104.144927, 51.520408 ], [ 104.144927, 51.520328 ] ] ] } },
{ "type": "Feature", "properties": { }, "geometry": { "type": "Polygon", "coordinates": [ [ [ 104.145423, 51.520332 ], [ 104.145637, 51.520328 ], [ 104.145637, 51.520408 ], [ 104.145423, 51.520412 ], [ 104.145423, 51.520332 ] ] ] } },
{ "type": "Feature", "properties": { }, "geometry": { "type": "Polygon", "coordinates": [ [ [ 104.144783, 51.518489 ], [ 104.144783, 51.518623 ], [ 104.14466, 51.518619 ], [ 104.14466, 51.518486 ], [ 104.144783, 51.518489 ] ] ] } },
{ "type": "Feature", "properties": { }, "geometry": { "type": "Polygon", "coordinates": [ [ [ 104.144775, 51.518707 ], [ 104.144775, 51.51884 ], [ 104.144653, 51.518836 ], [ 104.144653, 51.518703 ], [ 104.144775, 51.518707 ] ] ] } },
{ "type": "Feature", "properties": { }, "geometry": { "type": "Polygon", "coordinates": [ [ [ 104.144813, 51.519386 ], [ 104.144813, 51.519519 ], [ 104.144691, 51.519516 ], [ 104.144691, 51.519382 ], [ 104.144813, 51.519386 ] ] ] } },
{ "type": "Feature", "properties": { }, "geometry": { "type": "Polygon", "coordinates": [ [ [ 104.144378, 51.518245 ], [ 104.144378, 51.518379 ], [ 104.144256, 51.518375 ], [ 104.144256, 51.518241 ], [ 104.144378, 51.518245 ] ] ] } },
{ "type": "Feature", "properties": { }, "geometry": { "type": "Polygon", "coordinates": [ [ [ 104.144363, 51.51868 ], [ 104.144363, 51.518814 ], [ 104.144241, 51.51881 ], [ 104.144241, 51.518676 ], [ 104.144363, 51.51868 ] ] ] } },
{ "type": "Feature", "properties": { }, "geometry": { "type": "Polygon", "coordinates": [ [ [ 104.144386, 51.518455 ], [ 104.144386, 51.518589 ], [ 104.144264, 51.518585 ], [ 104.144264, 51.518451 ], [ 104.144386, 51.518455 ] ] ] } },
{ "type": "Feature", "properties": { }, "geometry": { "type": "Polygon", "coordinates": [ [ [ 104.144317, 51.519145 ], [ 104.144317, 51.519279 ], [ 104.144195, 51.519275 ], [ 104.144195, 51.519142 ], [ 104.144317, 51.519145 ] ] ] } },
{ "type": "Feature", "properties": { }, "geometry": { "type": "Polygon", "coordinates": [ [ [ 104.14434, 51.518901 ], [ 104.14434, 51.519035 ], [ 104.144218, 51.519031 ], [ 104.144218, 51.518898 ], [ 104.14434, 51.518901 ] ] ] } },
{ "type": "Feature", "properties": { }, "geometry": { "type": "Polygon", "coordinates": [ [ [ 104.14569, 51.517734 ], [ 104.145686, 51.517327 ], [ 104.145507, 51.517328 ], [ 104.145511, 51.517735 ], [ 104.14569, 51.517734 ] ] ] } },
{ "type": "Feature", "properties": { }, "geometry": { "type": "Polygon", "coordinates": [ [ [ 104.145294, 51.517698 ], [ 104.145251, 51.517292 ], [ 104.145074, 51.517299 ], [ 104.145117, 51.517705 ], [ 104.145294, 51.517698 ] ] ] } },
{ "type": "Feature", "properties": { }, "geometry": { "type": "Polygon", "coordinates": [ [ [ 104.146348, 51.517008 ], [ 104.146338, 51.516717 ], [ 104.146159, 51.516719 ], [ 104.14617, 51.51701 ], [ 104.146348, 51.517008 ] ] ] } },
{ "type": "Feature", "properties": { }, "geometry": { "type": "Polygon", "coordinates": [ [ [ 104.14609, 51.517739 ], [ 104.146082, 51.517324 ], [ 104.145909, 51.517326 ], [ 104.145918, 51.517741 ], [ 104.14609, 51.517739 ] ] ] } },
{ "type": "Feature", "properties": { }, "geometry": { "type": "Polygon", "coordinates": [ [ [ 104.147267, 51.517282 ], [ 104.147267, 51.517134 ], [ 104.147069, 51.517134 ], [ 104.147069, 51.517282 ], [ 104.147267, 51.517282 ] ] ] } },
{ "type": "Feature", "properties": { }, "geometry": { "type": "Polygon", "coordinates": [ [ [ 104.146178, 51.517159 ], [ 104.146871, 51.517161 ], [ 104.14687, 51.51727 ], [ 104.146177, 51.517268 ], [ 104.146178, 51.517159 ] ] ] } },
{ "type": "Feature", "properties": { }, "geometry": { "type": "Polygon", "coordinates": [ [ [ 104.144851, 51.519104 ], [ 104.144851, 51.519237 ], [ 104.144729, 51.519233 ], [ 104.144729, 51.5191 ], [ 104.144851, 51.519104 ] ] ] } },
{ "type": "Feature", "properties": { }, "geometry": { "type": "Polygon", "coordinates": [ [ [ 104.147183, 51.517068 ], [ 104.147185, 51.516742 ], [ 104.146983, 51.516741 ], [ 104.14698, 51.517067 ], [ 104.147183, 51.517068 ] ] ] } },
{ "type": "Feature", "properties": { }, "geometry": { "type": "Polygon", "coordinates": [ [ [ 104.144859, 51.517467 ], [ 104.144842, 51.517277 ], [ 104.144667, 51.517283 ], [ 104.144685, 51.517473 ], [ 104.144859, 51.517467 ] ] ] } },
{ "type": "Feature", "properties": { }, "geometry": { "type": "Polygon", "coordinates": [ [ [ 104.143801, 51.522972 ], [ 104.143807, 51.522929 ], [ 104.143958, 51.522883 ], [ 104.14428, 51.522901 ], [ 104.144265, 51.522999 ], [ 104.143801, 51.522972 ] ] ] } },
{ "type": "Feature", "properties": { }, "geometry": { "type": "Polygon", "coordinates": [ [ [ 104.149934, 51.523872 ], [ 104.150217, 51.523883 ], [ 104.150208, 51.523977 ], [ 104.149925, 51.523966 ], [ 104.149934, 51.523872 ] ] ] } },
{ "type": "Feature", "properties": { }, "geometry": { "type": "Polygon", "coordinates": [ [ [ 104.149843, 51.523689 ], [ 104.149822, 51.52314 ], [ 104.150154, 51.523133 ], [ 104.150205, 51.523287 ], [ 104.15022, 51.523683 ], [ 104.149843, 51.523689 ] ] ] } },
{ "type": "Feature", "properties": { }, "geometry": { "type": "Polygon", "coordinates": [ [ [ 104.1276178, 51.5135009 ], [ 104.1277357, 51.5134745 ], [ 104.1276647, 51.5133515 ], [ 104.1275469, 51.5133778 ], [ 104.1276178, 51.5135009 ] ] ] } },
{ "type": "Feature", "properties": { }, "geometry": { "type": "Polygon", "coordinates": [ [ [ 104.1274171, 51.5134548 ], [ 104.1275307, 51.5134295 ], [ 104.1274577, 51.5133029 ], [ 104.127344, 51.5133283 ], [ 104.1274171, 51.5134548 ] ] ] } },
{ "type": "Feature", "properties": { }, "geometry": { "type": "Polygon", "coordinates": [ [ [ 104.1279842, 51.5134696 ], [ 104.1281128, 51.5134385 ], [ 104.1280775, 51.5133819 ], [ 104.1279489, 51.513413 ], [ 104.1279842, 51.5134696 ] ] ] } },
{ "type": "Feature", "properties": { }, "geometry": { "type": "Polygon", "coordinates": [ [ [ 104.1273474, 51.5130504 ], [ 104.1274561, 51.5130163 ], [ 104.1273951, 51.512941 ], [ 104.1272863, 51.5129751 ], [ 104.1273474, 51.5130504 ] ] ] } },
{ "type": "Feature", "properties": { }, "geometry": { "type": "Polygon", "coordinates": [ [ [ 104.1278743, 51.5130195 ], [ 104.1279588, 51.5129893 ], [ 104.127882, 51.5129061 ], [ 104.1277975, 51.5129362 ], [ 104.1278743, 51.5130195 ] ] ] } },
{ "type": "Feature", "properties": { }, "geometry": { "type": "Polygon", "coordinates": [ [ [ 104.1281273, 51.512943 ], [ 104.1282378, 51.512905 ], [ 104.1281485, 51.5128044 ], [ 104.128038, 51.5128424 ], [ 104.1281273, 51.512943 ] ] ] } },
{ "type": "Feature", "properties": { }, "geometry": { "type": "Polygon", "coordinates": [ [ [ 104.1287129, 51.5128944 ], [ 104.1288024, 51.5128655 ], [ 104.128735, 51.5127846 ], [ 104.1286455, 51.5128135 ], [ 104.1287129, 51.5128944 ] ] ] } },
{ "type": "Feature", "properties": { }, "geometry": { "type": "Polygon", "coordinates": [ [ [ 104.1282986, 51.5131594 ], [ 104.1284153, 51.513125 ], [ 104.1283465, 51.5130345 ], [ 104.1282298, 51.5130688 ], [ 104.1282986, 51.5131594 ] ] ] } },
{ "type": "Feature", "properties": { }, "geometry": { "type": "Polygon", "coordinates": [ [ [ 104.1279256, 51.5132758 ], [ 104.1280116, 51.5132461 ], [ 104.1279272, 51.5131516 ], [ 104.1278413, 51.5131813 ], [ 104.1279256, 51.5132758 ] ] ] } },
{ "type": "Feature", "properties": { }, "geometry": { "type": "Polygon", "coordinates": [ [ [ 104.1458448, 51.5193754 ], [ 104.1460701, 51.519367 ], [ 104.1460496, 51.5191526 ], [ 104.1458244, 51.5191609 ], [ 104.1458448, 51.5193754 ] ] ] } },
{ "type": "Feature", "properties": { }, "geometry": { "type": "Polygon", "coordinates": [ [ [ 104.1458259, 51.5190388 ], [ 104.1460234, 51.5190354 ], [ 104.1460166, 51.5188822 ], [ 104.1458191, 51.5188856 ], [ 104.1458259, 51.5190388 ] ] ] } },
{ "type": "Feature", "properties": { }, "geometry": { "type": "Polygon", "coordinates": [ [ [ 104.1458091, 51.5187194 ], [ 104.1460368, 51.5187177 ], [ 104.1460333, 51.5185416 ], [ 104.1458057, 51.5185433 ], [ 104.1458091, 51.5187194 ] ] ] } },
{ "type": "Feature", "properties": { }, "geometry": { "type": "Polygon", "coordinates": [ [ [ 104.1465766, 51.5193539 ], [ 104.1467827, 51.5193546 ], [ 104.1467846, 51.5191592 ], [ 104.1465784, 51.5191584 ], [ 104.1465766, 51.5193539 ] ] ] } },
{ "type": "Feature", "properties": { }, "geometry": { "type": "Polygon", "coordinates": [ [ [ 104.1465792, 51.5190533 ], [ 104.1467669, 51.5190533 ], [ 104.1467668, 51.5188597 ], [ 104.1465792, 51.5188597 ], [ 104.1465792, 51.5190533 ] ] ] } },
{ "type": "Feature", "properties": { }, "geometry": { "type": "Polygon", "coordinates": [ [ [ 104.1465593, 51.5187397 ], [ 104.1467781, 51.5187382 ], [ 104.1467743, 51.5185292 ], [ 104.1465556, 51.5185307 ], [ 104.1465593, 51.5187397 ] ] ] } },
{ "type": "Feature", "properties": { }, "geometry": { "type": "Polygon", "coordinates": [ [ [ 104.1457148, 51.5182988 ], [ 104.1460198, 51.5182933 ], [ 104.1460132, 51.5181514 ], [ 104.1457082, 51.5181569 ], [ 104.1457148, 51.5182988 ] ] ] } },
{ "type": "Feature", "properties": { }, "geometry": { "type": "Polygon", "coordinates": [ [ [ 104.1383568, 51.5168173 ], [ 104.1384485, 51.5168956 ], [ 104.1385969, 51.5168283 ], [ 104.1385052, 51.51675 ], [ 104.1383568, 51.5168173 ] ] ] } },
{ "type": "Feature", "properties": { }, "geometry": { "type": "Polygon", "coordinates": [ [ [ 104.1384301, 51.5169838 ], [ 104.1385062, 51.5170431 ], [ 104.1386389, 51.5169772 ], [ 104.1385627, 51.5169179 ], [ 104.1384301, 51.5169838 ] ] ] } },
{ "type": "Feature", "properties": { }, "geometry": { "type": "Polygon", "coordinates": [ [ [ 104.1383959, 51.5173009 ], [ 104.1385209, 51.5172437 ], [ 104.1384357, 51.5171717 ], [ 104.1383108, 51.5172288 ], [ 104.1383959, 51.5173009 ] ] ] } },
{ "type": "Feature", "properties": { }, "geometry": { "type": "Polygon", "coordinates": [ [ [ 104.1385628, 51.5172261 ], [ 104.1386852, 51.5171668 ], [ 104.1385946, 51.5170944 ], [ 104.1384722, 51.5171536 ], [ 104.1385628, 51.5172261 ] ] ] } },
{ "type": "Feature", "properties": { }, "geometry": { "type": "Polygon", "coordinates": [ [ [ 104.137748, 51.5176508 ], [ 104.1379009, 51.5175992 ], [ 104.1378246, 51.5175116 ], [ 104.1376717, 51.5175632 ], [ 104.137748, 51.5176508 ] ] ] } },
{ "type": "Feature", "properties": { }, "geometry": { "type": "Polygon", "coordinates": [ [ [ 104.1375198, 51.5173585 ], [ 104.1376542, 51.5173122 ], [ 104.1376012, 51.5172526 ], [ 104.1374668, 51.5172989 ], [ 104.1375198, 51.5173585 ] ] ] } },
{ "type": "Feature", "properties": { }, "geometry": { "type": "Polygon", "coordinates": [ [ [ 104.1369761, 51.5173744 ], [ 104.1371458, 51.5173118 ], [ 104.1370659, 51.517228 ], [ 104.1368963, 51.5172906 ], [ 104.1369761, 51.5173744 ] ] ] } },
{ "type": "Feature", "properties": { }, "geometry": { "type": "Polygon", "coordinates": [ [ [ 104.1354593, 51.5180267 ], [ 104.1355255, 51.5180831 ], [ 104.1356313, 51.5180351 ], [ 104.1355651, 51.5179787 ], [ 104.1354593, 51.5180267 ] ] ] } },
{ "type": "Feature", "properties": { }, "geometry": { "type": "Polygon", "coordinates": [ [ [ 104.1359095, 51.5177206 ], [ 104.1359779, 51.5177715 ], [ 104.1360674, 51.517725 ], [ 104.135999, 51.5176741 ], [ 104.1359095, 51.5177206 ] ] ] } },
{ "type": "Feature", "properties": { }, "geometry": { "type": "Polygon", "coordinates": [ [ [ 104.1362779, 51.5175775 ], [ 104.1363489, 51.5176463 ], [ 104.1364559, 51.5176036 ], [ 104.1363849, 51.5175347 ], [ 104.1362779, 51.5175775 ] ] ] } },
{ "type": "Feature", "properties": { }, "geometry": { "type": "Polygon", "coordinates": [ [ [ 104.135408, 51.5174983 ], [ 104.1355012, 51.5175889 ], [ 104.1356901, 51.5175136 ], [ 104.1355969, 51.5174231 ], [ 104.135408, 51.5174983 ] ] ] } },
{ "type": "Feature", "properties": { }, "geometry": { "type": "Polygon", "coordinates": [ [ [ 104.1359733, 51.5172841 ], [ 104.1360522, 51.5173503 ], [ 104.1361648, 51.5172983 ], [ 104.136086, 51.5172321 ], [ 104.1359733, 51.5172841 ] ] ] } },
{ "type": "Feature", "properties": { }, "geometry": { "type": "Polygon", "coordinates": [ [ [ 104.1269, 51.5227738 ], [ 104.1271121, 51.5227768 ], [ 104.1271161, 51.5226678 ], [ 104.126904, 51.5226648 ], [ 104.1269, 51.5227738 ] ] ] } },
{ "type": "Feature", "properties": { }, "geometry": { "type": "Polygon", "coordinates": [ [ [ 104.12651, 51.522752 ], [ 104.1266676, 51.5227535 ], [ 104.1266704, 51.5226413 ], [ 104.1265128, 51.5226397 ], [ 104.12651, 51.522752 ] ] ] } },
{ "type": "Feature", "properties": { }, "geometry": { "type": "Polygon", "coordinates": [ [ [ 104.1315086, 51.5253038 ], [ 104.1316471, 51.5253225 ], [ 104.1316802, 51.5252275 ], [ 104.1315417, 51.5252088 ], [ 104.1315086, 51.5253038 ] ] ] } },
{ "type": "Feature", "properties": { }, "geometry": { "type": "Polygon", "coordinates": [ [ [ 104.1309099, 51.525287 ], [ 104.1310594, 51.5252912 ], [ 104.1310665, 51.5251935 ], [ 104.130917, 51.5251893 ], [ 104.1309099, 51.525287 ] ] ] } },
{ "type": "Feature", "properties": { }, "geometry": { "type": "Polygon", "coordinates": [ [ [ 104.1303971, 51.5252707 ], [ 104.1305543, 51.5252782 ], [ 104.1305623, 51.5252122 ], [ 104.1304051, 51.5252048 ], [ 104.1303971, 51.5252707 ] ] ] } },
{ "type": "Feature", "properties": { }, "geometry": { "type": "Polygon", "coordinates": [ [ [ 104.1299149, 51.5252087 ], [ 104.1300414, 51.5252272 ], [ 104.1300686, 51.5251555 ], [ 104.1299421, 51.5251369 ], [ 104.1299149, 51.5252087 ] ] ] } },
{ "type": "Feature", "properties": { }, "geometry": { "type": "Polygon", "coordinates": [ [ [ 104.1276035, 51.5250496 ], [ 104.1278147, 51.5250496 ], [ 104.1278147, 51.5248685 ], [ 104.1276035, 51.5248685 ], [ 104.1276035, 51.5250496 ] ] ] } },
{ "type": "Feature", "properties": { }, "geometry": { "type": "Polygon", "coordinates": [ [ [ 104.1293946, 51.5252101 ], [ 104.1295346, 51.5252111 ], [ 104.1295361, 51.5251239 ], [ 104.1293961, 51.5251229 ], [ 104.1293946, 51.5252101 ] ] ] } },
{ "type": "Feature", "properties": { }, "geometry": { "type": "Polygon", "coordinates": [ [ [ 104.1289225, 51.5250629 ], [ 104.1290241, 51.5250865 ], [ 104.1290615, 51.5250242 ], [ 104.12896, 51.5250006 ], [ 104.1289225, 51.5250629 ] ] ] } },
{ "type": "Feature", "properties": { }, "geometry": { "type": "Polygon", "coordinates": [ [ [ 104.1325094, 51.5253717 ], [ 104.132633, 51.5253706 ], [ 104.1326294, 51.5252023 ], [ 104.1325058, 51.5252033 ], [ 104.1325094, 51.5253717 ] ] ] } },
{ "type": "Feature", "properties": { }, "geometry": { "type": "Polygon", "coordinates": [ [ [ 104.132255, 51.5251798 ], [ 104.1325114, 51.5251762 ], [ 104.1325084, 51.5250927 ], [ 104.1322519, 51.5250963 ], [ 104.132255, 51.5251798 ] ] ] } },
{ "type": "Feature", "properties": { }, "geometry": { "type": "Polygon", "coordinates": [ [ [ 104.1320029, 51.5251392 ], [ 104.1321158, 51.5251502 ], [ 104.1321351, 51.5250741 ], [ 104.1320222, 51.525063 ], [ 104.1320029, 51.5251392 ] ] ] } },
{ "type": "Feature", "properties": { }, "geometry": { "type": "Polygon", "coordinates": [ [ [ 104.1314843, 51.524774 ], [ 104.1316169, 51.5247782 ], [ 104.1316244, 51.5246867 ], [ 104.1314917, 51.5246826 ], [ 104.1314843, 51.524774 ] ] ] } },
{ "type": "Feature", "properties": { }, "geometry": { "type": "Polygon", "coordinates": [ [ [ 104.1312882, 51.5247661 ], [ 104.1314084, 51.5247652 ], [ 104.1314064, 51.5246683 ], [ 104.1312862, 51.5246693 ], [ 104.1312882, 51.5247661 ] ] ] } },
{ "type": "Feature", "properties": { }, "geometry": { "type": "Polygon", "coordinates": [ [ [ 104.1310517, 51.5247592 ], [ 104.1311738, 51.5247558 ], [ 104.1311668, 51.5246589 ], [ 104.1310448, 51.5246623 ], [ 104.1310517, 51.5247592 ] ] ] } },
{ "type": "Feature", "properties": { }, "geometry": { "type": "Polygon", "coordinates": [ [ [ 104.1397465, 51.5258404 ], [ 104.1398662, 51.5259475 ], [ 104.1399857, 51.5258957 ], [ 104.139866, 51.5257887 ], [ 104.1397465, 51.5258404 ] ] ] } },
{ "type": "Feature", "properties": { }, "geometry": { "type": "Polygon", "coordinates": [ [ [ 104.1389258, 51.5263241 ], [ 104.1392556, 51.5262645 ], [ 104.1391811, 51.526105 ], [ 104.1388513, 51.5261647 ], [ 104.1389258, 51.5263241 ] ] ] } },
{ "type": "Feature", "properties": { }, "geometry": { "type": "Polygon", "coordinates": [ [ [ 104.138114, 51.5261301 ], [ 104.1382556, 51.5261167 ], [ 104.1382352, 51.5260334 ], [ 104.1380936, 51.5260469 ], [ 104.138114, 51.5261301 ] ] ] } },
{ "type": "Feature", "properties": { }, "geometry": { "type": "Polygon", "coordinates": [ [ [ 104.1372901, 51.5259116 ], [ 104.1374062, 51.5259327 ], [ 104.1374307, 51.5258804 ], [ 104.1373146, 51.5258593 ], [ 104.1372901, 51.5259116 ] ] ] } },
{ "type": "Feature", "properties": { }, "geometry": { "type": "Polygon", "coordinates": [ [ [ 104.1365328, 51.5258471 ], [ 104.1366494, 51.5258617 ], [ 104.1366842, 51.5257547 ], [ 104.1365675, 51.5257401 ], [ 104.1365328, 51.5258471 ] ] ] } },
{ "type": "Feature", "properties": { }, "geometry": { "type": "Polygon", "coordinates": [ [ [ 104.1357045, 51.5260874 ], [ 104.1358633, 51.5260894 ], [ 104.1358678, 51.5259495 ], [ 104.135709, 51.5259475 ], [ 104.1357045, 51.5260874 ] ] ] } },
{ "type": "Feature", "properties": { }, "geometry": { "type": "Polygon", "coordinates": [ [ [ 104.1227888, 51.5090681 ], [ 104.1229262, 51.5090322 ], [ 104.1228792, 51.5089625 ], [ 104.1227418, 51.5089983 ], [ 104.1227888, 51.5090681 ] ] ] } },
{ "type": "Feature", "properties": { }, "geometry": { "type": "Polygon", "coordinates": [ [ [ 104.1223896, 51.5091755 ], [ 104.1223433, 51.509114 ], [ 104.1225368, 51.5090576 ], [ 104.1225831, 51.5091191 ], [ 104.1223896, 51.5091755 ] ] ] } },
{ "type": "Feature", "properties": { }, "geometry": { "type": "Polygon", "coordinates": [ [ [ 104.1217269, 51.5093944 ], [ 104.1223251, 51.5092025 ], [ 104.122274, 51.5091408 ], [ 104.1216758, 51.5093326 ], [ 104.1217269, 51.5093944 ] ] ] } },
{ "type": "Feature", "properties": { }, "geometry": { "type": "Polygon", "coordinates": [ [ [ 104.1483909, 51.5218228 ], [ 104.14849, 51.521823 ], [ 104.1484906, 51.5217091 ], [ 104.1483915, 51.5217089 ], [ 104.1483909, 51.5218228 ] ] ] } },
{ "type": "Feature", "properties": { }, "geometry": { "type": "Polygon", "coordinates": [ [ [ 104.143269, 51.5106387 ], [ 104.1434387, 51.5105894 ], [ 104.1433395, 51.5104571 ], [ 104.1431698, 51.5105064 ], [ 104.143269, 51.5106387 ] ] ] } },
{ "type": "Feature", "properties": { }, "geometry": { "type": "Polygon", "coordinates": [ [ [ 104.1399628, 51.5218948 ], [ 104.1397867, 51.5219028 ], [ 104.1397686, 51.5217481 ], [ 104.1399027, 51.5217419 ], [ 104.1399376, 51.5217524 ], [ 104.1399475, 51.5217648 ], [ 104.1399628, 51.5218948 ] ] ] } },
{ "type": "Feature", "properties": { }, "geometry": { "type": "Polygon", "coordinates": [ [ [ 104.1488896, 51.5221086 ], [ 104.1488868, 51.5220266 ], [ 104.1490303, 51.5220247 ], [ 104.1490331, 51.5221067 ], [ 104.1488896, 51.5221086 ] ] ] } },
{ "type": "Feature", "properties": { }, "geometry": { "type": "Polygon", "coordinates": [ [ [ 104.1486716, 51.5225082 ], [ 104.1486767, 51.5223852 ], [ 104.1488398, 51.5223878 ], [ 104.1488346, 51.5225108 ], [ 104.1486716, 51.5225082 ] ] ] } },
{ "type": "Feature", "properties": { }, "geometry": { "type": "Polygon", "coordinates": [ [ [ 104.1484476, 51.5227828 ], [ 104.1484458, 51.5228445 ], [ 104.1486289, 51.5228465 ], [ 104.1486306, 51.5227849 ], [ 104.1484476, 51.5227828 ] ] ] } },
{ "type": "Feature", "properties": { }, "geometry": { "type": "Polygon", "coordinates": [ [ [ 104.1483736, 51.5225631 ], [ 104.1483722, 51.5226244 ], [ 104.1486016, 51.5226264 ], [ 104.148603, 51.5225652 ], [ 104.1483736, 51.5225631 ] ] ] } },
{ "type": "Feature", "properties": { }, "geometry": { "type": "Polygon", "coordinates": [ [ [ 104.1488457, 51.5228784 ], [ 104.1488467, 51.522821 ], [ 104.148966, 51.5228218 ], [ 104.148965, 51.5228792 ], [ 104.1488457, 51.5228784 ] ] ] } },
{ "type": "Feature", "properties": { }, "geometry": { "type": "Polygon", "coordinates": [ [ [ 104.1494795, 51.5220295 ], [ 104.1494872, 51.5219171 ], [ 104.1496289, 51.5219208 ], [ 104.1496212, 51.5220332 ], [ 104.1494795, 51.5220295 ] ] ] } },
{ "type": "Feature", "properties": { }, "geometry": { "type": "Polygon", "coordinates": [ [ [ 104.1488244, 51.521505 ], [ 104.1489522, 51.5214997 ], [ 104.1489608, 51.5215813 ], [ 104.1488331, 51.5215865 ], [ 104.1488244, 51.521505 ] ] ] } },
{ "type": "Feature", "properties": { }, "geometry": { "type": "Polygon", "coordinates": [ [ [ 104.148793, 51.5213885 ], [ 104.1489207, 51.5213833 ], [ 104.1489293, 51.5214648 ], [ 104.1488016, 51.5214701 ], [ 104.148793, 51.5213885 ] ] ] } },
{ "type": "Feature", "properties": { }, "geometry": { "type": "Polygon", "coordinates": [ [ [ 104.1493481, 51.5211088 ], [ 104.1494758, 51.5211035 ], [ 104.1494844, 51.5211851 ], [ 104.1493567, 51.5211903 ], [ 104.1493481, 51.5211088 ] ] ] } },
{ "type": "Feature", "properties": { }, "geometry": { "type": "Polygon", "coordinates": [ [ [ 104.1465288, 51.5219566 ], [ 104.1465299, 51.5218938 ], [ 104.1466612, 51.5218946 ], [ 104.1466601, 51.5219575 ], [ 104.1465288, 51.5219566 ] ] ] } },
{ "type": "Feature", "properties": { }, "geometry": { "type": "Polygon", "coordinates": [ [ [ 104.145083, 51.5218872 ], [ 104.145086, 51.5217722 ], [ 104.145252, 51.5217739 ], [ 104.1452489, 51.5218889 ], [ 104.145083, 51.5218872 ] ] ] } },
{ "type": "Feature", "properties": { }, "geometry": { "type": "Polygon", "coordinates": [ [ [ 104.1446073, 51.5221803 ], [ 104.1446104, 51.5220652 ], [ 104.1447763, 51.522067 ], [ 104.1447732, 51.522182 ], [ 104.1446073, 51.5221803 ] ] ] } },
{ "type": "Feature", "properties": { }, "geometry": { "type": "Polygon", "coordinates": [ [ [ 104.1446161, 51.5225506 ], [ 104.1446192, 51.5224356 ], [ 104.1447851, 51.5224373 ], [ 104.144782, 51.5225523 ], [ 104.1446161, 51.5225506 ] ] ] } },
{ "type": "Feature", "properties": { }, "geometry": { "type": "Polygon", "coordinates": [ [ [ 104.1438372, 51.520142 ], [ 104.1438469, 51.5199815 ], [ 104.144107, 51.5199876 ], [ 104.1440973, 51.5201481 ], [ 104.1438372, 51.520142 ] ] ] } },
{ "type": "Feature", "properties": { }, "geometry": { "type": "Polygon", "coordinates": [ [ [ 104.1513832, 51.5229214 ], [ 104.1513878, 51.5228013 ], [ 104.1515189, 51.5228032 ], [ 104.1515143, 51.5229233 ], [ 104.1513832, 51.5229214 ] ] ] } },
{ "type": "Feature", "properties": { }, "geometry": { "type": "Polygon", "coordinates": [ [ [ 104.1219506, 51.52372 ], [ 104.1221161, 51.5237051 ], [ 104.1220822, 51.5235587 ], [ 104.1219166, 51.5235736 ], [ 104.1219506, 51.52372 ] ] ] } }
]
}
